"date_ref"	"week_day"	"week_day_name"	"is_weekend"	"year_ref"	"month_ref"	"month_name"	"year_day"	"year_week"	"month_week"	"quarter_year"	"loaded_at"
"2025-01-01"	"4"	"Wednesday"	"False"	"2025"	"1"	"January"	"1"	"1"	"1"	"1"	"2026-07-09 17:38:34.036534"
"2025-01-02"	"5"	"Thursday"	"False"	"2025"	"1"	"January"	"2"	"1"	"1"	"1"	"2026-07-09 17:38:34.036534"
"2025-01-03"	"6"	"Friday"	"False"	"2025"	"1"	"January"	"3"	"1"	"1"	"1"	"2026-07-09 17:38:34.036534"
"2025-01-04"	"7"	"Saturday"	"True"	"2025"	"1"	"January"	"4"	"1"	"1"	"1"	"2026-07-09 17:38:34.036534"
"2025-01-05"	"1"	"Sunday"	"True"	"2025"	"1"	"January"	"5"	"2"	"2"	"1"	"2026-07-09 17:38:34.036534"
"2025-01-06"	"2"	"Monday"	"False"	"2025"	"1"	"January"	"6"	"2"	"2"	"1"	"2026-07-09 17:38:34.036534"
"2025-01-07"	"3"	"Tuesday"	"False"	"2025"	"1"	"January"	"7"	"2"	"2"	"1"	"2026-07-09 17:38:34.036534"
"2025-01-08"	"4"	"Wednesday"	"False"	"2025"	"1"	"January"	"8"	"2"	"2"	"1"	"2026-07-09 17:38:34.036534"
"2025-01-09"	"5"	"Thursday"	"False"	"2025"	"1"	"January"	"9"	"2"	"2"	"1"	"2026-07-09 17:38:34.036534"
"2025-01-10"	"6"	"Friday"	"False"	"2025"	"1"	"January"	"10"	"2"	"2"	"1"	"2026-07-09 17:38:34.036534"
"2025-01-11"	"7"	"Saturday"	"True"	"2025"	"1"	"January"	"11"	"2"	"2"	"1"	"2026-07-09 17:38:34.036534"
"2025-01-12"	"1"	"Sunday"	"True"	"2025"	"1"	"January"	"12"	"3"	"3"	"1"	"2026-07-09 17:38:34.036534"
"2025-01-13"	"2"	"Monday"	"False"	"2025"	"1"	"January"	"13"	"3"	"3"	"1"	"2026-07-09 17:38:34.036534"
"2025-01-14"	"3"	"Tuesday"	"False"	"2025"	"1"	"January"	"14"	"3"	"3"	"1"	"2026-07-09 17:38:34.036534"
"2025-01-15"	"4"	"Wednesday"	"False"	"2025"	"1"	"January"	"15"	"3"	"3"	"1"	"2026-07-09 17:38:34.036534"
"2025-01-16"	"5"	"Thursday"	"False"	"2025"	"1"	"January"	"16"	"3"	"3"	"1"	"2026-07-09 17:38:34.036534"
"2025-01-17"	"6"	"Friday"	"False"	"2025"	"1"	"January"	"17"	"3"	"3"	"1"	"2026-07-09 17:38:34.036534"
"2025-01-18"	"7"	"Saturday"	"True"	"2025"	"1"	"January"	"18"	"3"	"3"	"1"	"2026-07-09 17:38:34.036534"
"2025-01-19"	"1"	"Sunday"	"True"	"2025"	"1"	"January"	"19"	"4"	"4"	"1"	"2026-07-09 17:38:34.036534"
"2025-01-20"	"2"	"Monday"	"False"	"2025"	"1"	"January"	"20"	"4"	"4"	"1"	"2026-07-09 17:38:34.036534"
"2025-01-21"	"3"	"Tuesday"	"False"	"2025"	"1"	"January"	"21"	"4"	"4"	"1"	"2026-07-09 17:38:34.036534"
"2025-01-22"	"4"	"Wednesday"	"False"	"2025"	"1"	"January"	"22"	"4"	"4"	"1"	"2026-07-09 17:38:34.036534"
"2025-01-23"	"5"	"Thursday"	"False"	"2025"	"1"	"January"	"23"	"4"	"4"	"1"	"2026-07-09 17:38:34.036534"
"2025-01-24"	"6"	"Friday"	"False"	"2025"	"1"	"January"	"24"	"4"	"4"	"1"	"2026-07-09 17:38:34.036534"
"2025-01-25"	"7"	"Saturday"	"True"	"2025"	"1"	"January"	"25"	"4"	"4"	"1"	"2026-07-09 17:38:34.036534"
"2025-01-26"	"1"	"Sunday"	"True"	"2025"	"1"	"January"	"26"	"5"	"5"	"1"	"2026-07-09 17:38:34.036534"
"2025-01-27"	"2"	"Monday"	"False"	"2025"	"1"	"January"	"27"	"5"	"5"	"1"	"2026-07-09 17:38:34.036534"
"2025-01-28"	"3"	"Tuesday"	"False"	"2025"	"1"	"January"	"28"	"5"	"5"	"1"	"2026-07-09 17:38:34.036534"
"2025-01-29"	"4"	"Wednesday"	"False"	"2025"	"1"	"January"	"29"	"5"	"5"	"1"	"2026-07-09 17:38:34.036534"
"2025-01-30"	"5"	"Thursday"	"False"	"2025"	"1"	"January"	"30"	"5"	"5"	"1"	"2026-07-09 17:38:34.036534"
"2025-01-31"	"6"	"Friday"	"False"	"2025"	"1"	"January"	"31"	"5"	"5"	"1"	"2026-07-09 17:38:34.036534"
"2025-02-01"	"7"	"Saturday"	"True"	"2025"	"2"	"February"	"32"	"5"	"1"	"1"	"2026-07-09 17:38:34.036534"
"2025-02-02"	"1"	"Sunday"	"True"	"2025"	"2"	"February"	"33"	"6"	"2"	"1"	"2026-07-09 17:38:34.036534"
"2025-02-03"	"2"	"Monday"	"False"	"2025"	"2"	"February"	"34"	"6"	"2"	"1"	"2026-07-09 17:38:34.036534"
"2025-02-04"	"3"	"Tuesday"	"False"	"2025"	"2"	"February"	"35"	"6"	"2"	"1"	"2026-07-09 17:38:34.036534"
"2025-02-05"	"4"	"Wednesday"	"False"	"2025"	"2"	"February"	"36"	"6"	"2"	"1"	"2026-07-09 17:38:34.036534"
"2025-02-06"	"5"	"Thursday"	"False"	"2025"	"2"	"February"	"37"	"6"	"2"	"1"	"2026-07-09 17:38:34.036534"
"2025-02-07"	"6"	"Friday"	"False"	"2025"	"2"	"February"	"38"	"6"	"2"	"1"	"2026-07-09 17:38:34.036534"
"2025-02-08"	"7"	"Saturday"	"True"	"2025"	"2"	"February"	"39"	"6"	"2"	"1"	"2026-07-09 17:38:34.036534"
"2025-02-09"	"1"	"Sunday"	"True"	"2025"	"2"	"February"	"40"	"7"	"3"	"1"	"2026-07-09 17:38:34.036534"
"2025-02-10"	"2"	"Monday"	"False"	"2025"	"2"	"February"	"41"	"7"	"3"	"1"	"2026-07-09 17:38:34.036534"
"2025-02-11"	"3"	"Tuesday"	"False"	"2025"	"2"	"February"	"42"	"7"	"3"	"1"	"2026-07-09 17:38:34.036534"
"2025-02-12"	"4"	"Wednesday"	"False"	"2025"	"2"	"February"	"43"	"7"	"3"	"1"	"2026-07-09 17:38:34.036534"
"2025-02-13"	"5"	"Thursday"	"False"	"2025"	"2"	"February"	"44"	"7"	"3"	"1"	"2026-07-09 17:38:34.036534"
"2025-02-14"	"6"	"Friday"	"False"	"2025"	"2"	"February"	"45"	"7"	"3"	"1"	"2026-07-09 17:38:34.036534"
"2025-02-15"	"7"	"Saturday"	"True"	"2025"	"2"	"February"	"46"	"7"	"3"	"1"	"2026-07-09 17:38:34.036534"
"2025-02-16"	"1"	"Sunday"	"True"	"2025"	"2"	"February"	"47"	"8"	"4"	"1"	"2026-07-09 17:38:34.036534"
"2025-02-17"	"2"	"Monday"	"False"	"2025"	"2"	"February"	"48"	"8"	"4"	"1"	"2026-07-09 17:38:34.036534"
"2025-02-18"	"3"	"Tuesday"	"False"	"2025"	"2"	"February"	"49"	"8"	"4"	"1"	"2026-07-09 17:38:34.036534"
"2025-02-19"	"4"	"Wednesday"	"False"	"2025"	"2"	"February"	"50"	"8"	"4"	"1"	"2026-07-09 17:38:34.036534"
"2025-02-20"	"5"	"Thursday"	"False"	"2025"	"2"	"February"	"51"	"8"	"4"	"1"	"2026-07-09 17:38:34.036534"
"2025-02-21"	"6"	"Friday"	"False"	"2025"	"2"	"February"	"52"	"8"	"4"	"1"	"2026-07-09 17:38:34.036534"
"2025-02-22"	"7"	"Saturday"	"True"	"2025"	"2"	"February"	"53"	"8"	"4"	"1"	"2026-07-09 17:38:34.036534"
"2025-02-23"	"1"	"Sunday"	"True"	"2025"	"2"	"February"	"54"	"9"	"5"	"1"	"2026-07-09 17:38:34.036534"
"2025-02-24"	"2"	"Monday"	"False"	"2025"	"2"	"February"	"55"	"9"	"5"	"1"	"2026-07-09 17:38:34.036534"
"2025-02-25"	"3"	"Tuesday"	"False"	"2025"	"2"	"February"	"56"	"9"	"5"	"1"	"2026-07-09 17:38:34.036534"
"2025-02-26"	"4"	"Wednesday"	"False"	"2025"	"2"	"February"	"57"	"9"	"5"	"1"	"2026-07-09 17:38:34.036534"
"2025-02-27"	"5"	"Thursday"	"False"	"2025"	"2"	"February"	"58"	"9"	"5"	"1"	"2026-07-09 17:38:34.036534"
"2025-02-28"	"6"	"Friday"	"False"	"2025"	"2"	"February"	"59"	"9"	"5"	"1"	"2026-07-09 17:38:34.036534"
"2025-03-01"	"7"	"Saturday"	"True"	"2025"	"3"	"March"	"60"	"9"	"1"	"1"	"2026-07-09 17:38:34.036534"
"2025-03-02"	"1"	"Sunday"	"True"	"2025"	"3"	"March"	"61"	"10"	"2"	"1"	"2026-07-09 17:38:34.036534"
"2025-03-03"	"2"	"Monday"	"False"	"2025"	"3"	"March"	"62"	"10"	"2"	"1"	"2026-07-09 17:38:34.036534"
"2025-03-04"	"3"	"Tuesday"	"False"	"2025"	"3"	"March"	"63"	"10"	"2"	"1"	"2026-07-09 17:38:34.036534"
"2025-03-05"	"4"	"Wednesday"	"False"	"2025"	"3"	"March"	"64"	"10"	"2"	"1"	"2026-07-09 17:38:34.036534"
"2025-03-06"	"5"	"Thursday"	"False"	"2025"	"3"	"March"	"65"	"10"	"2"	"1"	"2026-07-09 17:38:34.036534"
"2025-03-07"	"6"	"Friday"	"False"	"2025"	"3"	"March"	"66"	"10"	"2"	"1"	"2026-07-09 17:38:34.036534"
"2025-03-08"	"7"	"Saturday"	"True"	"2025"	"3"	"March"	"67"	"10"	"2"	"1"	"2026-07-09 17:38:34.036534"
"2025-03-09"	"1"	"Sunday"	"True"	"2025"	"3"	"March"	"68"	"11"	"3"	"1"	"2026-07-09 17:38:34.036534"
"2025-03-10"	"2"	"Monday"	"False"	"2025"	"3"	"March"	"69"	"11"	"3"	"1"	"2026-07-09 17:38:34.036534"
"2025-03-11"	"3"	"Tuesday"	"False"	"2025"	"3"	"March"	"70"	"11"	"3"	"1"	"2026-07-09 17:38:34.036534"
"2025-03-12"	"4"	"Wednesday"	"False"	"2025"	"3"	"March"	"71"	"11"	"3"	"1"	"2026-07-09 17:38:34.036534"
"2025-03-13"	"5"	"Thursday"	"False"	"2025"	"3"	"March"	"72"	"11"	"3"	"1"	"2026-07-09 17:38:34.036534"
"2025-03-14"	"6"	"Friday"	"False"	"2025"	"3"	"March"	"73"	"11"	"3"	"1"	"2026-07-09 17:38:34.036534"
"2025-03-15"	"7"	"Saturday"	"True"	"2025"	"3"	"March"	"74"	"11"	"3"	"1"	"2026-07-09 17:38:34.036534"
"2025-03-16"	"1"	"Sunday"	"True"	"2025"	"3"	"March"	"75"	"12"	"4"	"1"	"2026-07-09 17:38:34.036534"
"2025-03-17"	"2"	"Monday"	"False"	"2025"	"3"	"March"	"76"	"12"	"4"	"1"	"2026-07-09 17:38:34.036534"
"2025-03-18"	"3"	"Tuesday"	"False"	"2025"	"3"	"March"	"77"	"12"	"4"	"1"	"2026-07-09 17:38:34.036534"
"2025-03-19"	"4"	"Wednesday"	"False"	"2025"	"3"	"March"	"78"	"12"	"4"	"1"	"2026-07-09 17:38:34.036534"
"2025-03-20"	"5"	"Thursday"	"False"	"2025"	"3"	"March"	"79"	"12"	"4"	"1"	"2026-07-09 17:38:34.036534"
"2025-03-21"	"6"	"Friday"	"False"	"2025"	"3"	"March"	"80"	"12"	"4"	"1"	"2026-07-09 17:38:34.036534"
"2025-03-22"	"7"	"Saturday"	"True"	"2025"	"3"	"March"	"81"	"12"	"4"	"1"	"2026-07-09 17:38:34.036534"
"2025-03-23"	"1"	"Sunday"	"True"	"2025"	"3"	"March"	"82"	"13"	"5"	"1"	"2026-07-09 17:38:34.036534"
"2025-03-24"	"2"	"Monday"	"False"	"2025"	"3"	"March"	"83"	"13"	"5"	"1"	"2026-07-09 17:38:34.036534"
"2025-03-25"	"3"	"Tuesday"	"False"	"2025"	"3"	"March"	"84"	"13"	"5"	"1"	"2026-07-09 17:38:34.036534"
"2025-03-26"	"4"	"Wednesday"	"False"	"2025"	"3"	"March"	"85"	"13"	"5"	"1"	"2026-07-09 17:38:34.036534"
"2025-03-27"	"5"	"Thursday"	"False"	"2025"	"3"	"March"	"86"	"13"	"5"	"1"	"2026-07-09 17:38:34.036534"
"2025-03-28"	"6"	"Friday"	"False"	"2025"	"3"	"March"	"87"	"13"	"5"	"1"	"2026-07-09 17:38:34.036534"
"2025-03-29"	"7"	"Saturday"	"True"	"2025"	"3"	"March"	"88"	"13"	"5"	"1"	"2026-07-09 17:38:34.036534"
"2025-03-30"	"1"	"Sunday"	"True"	"2025"	"3"	"March"	"89"	"14"	"6"	"1"	"2026-07-09 17:38:34.036534"
"2025-03-31"	"2"	"Monday"	"False"	"2025"	"3"	"March"	"90"	"14"	"6"	"1"	"2026-07-09 17:38:34.036534"
"2025-04-01"	"3"	"Tuesday"	"False"	"2025"	"4"	"April"	"91"	"14"	"1"	"2"	"2026-07-09 17:38:34.036534"
"2025-04-02"	"4"	"Wednesday"	"False"	"2025"	"4"	"April"	"92"	"14"	"1"	"2"	"2026-07-09 17:38:34.036534"
"2025-04-03"	"5"	"Thursday"	"False"	"2025"	"4"	"April"	"93"	"14"	"1"	"2"	"2026-07-09 17:38:34.036534"
"2025-04-04"	"6"	"Friday"	"False"	"2025"	"4"	"April"	"94"	"14"	"1"	"2"	"2026-07-09 17:38:34.036534"
"2025-04-05"	"7"	"Saturday"	"True"	"2025"	"4"	"April"	"95"	"14"	"1"	"2"	"2026-07-09 17:38:34.036534"
"2025-04-06"	"1"	"Sunday"	"True"	"2025"	"4"	"April"	"96"	"15"	"2"	"2"	"2026-07-09 17:38:34.036534"
"2025-04-07"	"2"	"Monday"	"False"	"2025"	"4"	"April"	"97"	"15"	"2"	"2"	"2026-07-09 17:38:34.036534"
"2025-04-08"	"3"	"Tuesday"	"False"	"2025"	"4"	"April"	"98"	"15"	"2"	"2"	"2026-07-09 17:38:34.036534"
"2025-04-09"	"4"	"Wednesday"	"False"	"2025"	"4"	"April"	"99"	"15"	"2"	"2"	"2026-07-09 17:38:34.036534"
"2025-04-10"	"5"	"Thursday"	"False"	"2025"	"4"	"April"	"100"	"15"	"2"	"2"	"2026-07-09 17:38:34.036534"
"2025-04-11"	"6"	"Friday"	"False"	"2025"	"4"	"April"	"101"	"15"	"2"	"2"	"2026-07-09 17:38:34.036534"
"2025-04-12"	"7"	"Saturday"	"True"	"2025"	"4"	"April"	"102"	"15"	"2"	"2"	"2026-07-09 17:38:34.036534"
"2025-04-13"	"1"	"Sunday"	"True"	"2025"	"4"	"April"	"103"	"16"	"3"	"2"	"2026-07-09 17:38:34.036534"
"2025-04-14"	"2"	"Monday"	"False"	"2025"	"4"	"April"	"104"	"16"	"3"	"2"	"2026-07-09 17:38:34.036534"
"2025-04-15"	"3"	"Tuesday"	"False"	"2025"	"4"	"April"	"105"	"16"	"3"	"2"	"2026-07-09 17:38:34.036534"
"2025-04-16"	"4"	"Wednesday"	"False"	"2025"	"4"	"April"	"106"	"16"	"3"	"2"	"2026-07-09 17:38:34.036534"
"2025-04-17"	"5"	"Thursday"	"False"	"2025"	"4"	"April"	"107"	"16"	"3"	"2"	"2026-07-09 17:38:34.036534"
"2025-04-18"	"6"	"Friday"	"False"	"2025"	"4"	"April"	"108"	"16"	"3"	"2"	"2026-07-09 17:38:34.036534"
"2025-04-19"	"7"	"Saturday"	"True"	"2025"	"4"	"April"	"109"	"16"	"3"	"2"	"2026-07-09 17:38:34.036534"
"2025-04-20"	"1"	"Sunday"	"True"	"2025"	"4"	"April"	"110"	"17"	"4"	"2"	"2026-07-09 17:38:34.036534"
"2025-04-21"	"2"	"Monday"	"False"	"2025"	"4"	"April"	"111"	"17"	"4"	"2"	"2026-07-09 17:38:34.036534"
"2025-04-22"	"3"	"Tuesday"	"False"	"2025"	"4"	"April"	"112"	"17"	"4"	"2"	"2026-07-09 17:38:34.036534"
"2025-04-23"	"4"	"Wednesday"	"False"	"2025"	"4"	"April"	"113"	"17"	"4"	"2"	"2026-07-09 17:38:34.036534"
"2025-04-24"	"5"	"Thursday"	"False"	"2025"	"4"	"April"	"114"	"17"	"4"	"2"	"2026-07-09 17:38:34.036534"
"2025-04-25"	"6"	"Friday"	"False"	"2025"	"4"	"April"	"115"	"17"	"4"	"2"	"2026-07-09 17:38:34.036534"
"2025-04-26"	"7"	"Saturday"	"True"	"2025"	"4"	"April"	"116"	"17"	"4"	"2"	"2026-07-09 17:38:34.036534"
"2025-04-27"	"1"	"Sunday"	"True"	"2025"	"4"	"April"	"117"	"18"	"5"	"2"	"2026-07-09 17:38:34.036534"
"2025-04-28"	"2"	"Monday"	"False"	"2025"	"4"	"April"	"118"	"18"	"5"	"2"	"2026-07-09 17:38:34.036534"
"2025-04-29"	"3"	"Tuesday"	"False"	"2025"	"4"	"April"	"119"	"18"	"5"	"2"	"2026-07-09 17:38:34.036534"
"2025-04-30"	"4"	"Wednesday"	"False"	"2025"	"4"	"April"	"120"	"18"	"5"	"2"	"2026-07-09 17:38:34.036534"
"2025-05-01"	"5"	"Thursday"	"False"	"2025"	"5"	"May"	"121"	"18"	"1"	"2"	"2026-07-09 17:38:34.036534"
"2025-05-02"	"6"	"Friday"	"False"	"2025"	"5"	"May"	"122"	"18"	"1"	"2"	"2026-07-09 17:38:34.036534"
"2025-05-03"	"7"	"Saturday"	"True"	"2025"	"5"	"May"	"123"	"18"	"1"	"2"	"2026-07-09 17:38:34.036534"
"2025-05-04"	"1"	"Sunday"	"True"	"2025"	"5"	"May"	"124"	"19"	"2"	"2"	"2026-07-09 17:38:34.036534"
"2025-05-05"	"2"	"Monday"	"False"	"2025"	"5"	"May"	"125"	"19"	"2"	"2"	"2026-07-09 17:38:34.036534"
"2025-05-06"	"3"	"Tuesday"	"False"	"2025"	"5"	"May"	"126"	"19"	"2"	"2"	"2026-07-09 17:38:34.036534"
"2025-05-07"	"4"	"Wednesday"	"False"	"2025"	"5"	"May"	"127"	"19"	"2"	"2"	"2026-07-09 17:38:34.036534"
"2025-05-08"	"5"	"Thursday"	"False"	"2025"	"5"	"May"	"128"	"19"	"2"	"2"	"2026-07-09 17:38:34.036534"
"2025-05-09"	"6"	"Friday"	"False"	"2025"	"5"	"May"	"129"	"19"	"2"	"2"	"2026-07-09 17:38:34.036534"
"2025-05-10"	"7"	"Saturday"	"True"	"2025"	"5"	"May"	"130"	"19"	"2"	"2"	"2026-07-09 17:38:34.036534"
"2025-05-11"	"1"	"Sunday"	"True"	"2025"	"5"	"May"	"131"	"20"	"3"	"2"	"2026-07-09 17:38:34.036534"
"2025-05-12"	"2"	"Monday"	"False"	"2025"	"5"	"May"	"132"	"20"	"3"	"2"	"2026-07-09 17:38:34.036534"
"2025-05-13"	"3"	"Tuesday"	"False"	"2025"	"5"	"May"	"133"	"20"	"3"	"2"	"2026-07-09 17:38:34.036534"
"2025-05-14"	"4"	"Wednesday"	"False"	"2025"	"5"	"May"	"134"	"20"	"3"	"2"	"2026-07-09 17:38:34.036534"
"2025-05-15"	"5"	"Thursday"	"False"	"2025"	"5"	"May"	"135"	"20"	"3"	"2"	"2026-07-09 17:38:34.036534"
"2025-05-16"	"6"	"Friday"	"False"	"2025"	"5"	"May"	"136"	"20"	"3"	"2"	"2026-07-09 17:38:34.036534"
"2025-05-17"	"7"	"Saturday"	"True"	"2025"	"5"	"May"	"137"	"20"	"3"	"2"	"2026-07-09 17:38:34.036534"
"2025-05-18"	"1"	"Sunday"	"True"	"2025"	"5"	"May"	"138"	"21"	"4"	"2"	"2026-07-09 17:38:34.036534"
"2025-05-19"	"2"	"Monday"	"False"	"2025"	"5"	"May"	"139"	"21"	"4"	"2"	"2026-07-09 17:38:34.036534"
"2025-05-20"	"3"	"Tuesday"	"False"	"2025"	"5"	"May"	"140"	"21"	"4"	"2"	"2026-07-09 17:38:34.036534"
"2025-05-21"	"4"	"Wednesday"	"False"	"2025"	"5"	"May"	"141"	"21"	"4"	"2"	"2026-07-09 17:38:34.036534"
"2025-05-22"	"5"	"Thursday"	"False"	"2025"	"5"	"May"	"142"	"21"	"4"	"2"	"2026-07-09 17:38:34.036534"
"2025-05-23"	"6"	"Friday"	"False"	"2025"	"5"	"May"	"143"	"21"	"4"	"2"	"2026-07-09 17:38:34.036534"
"2025-05-24"	"7"	"Saturday"	"True"	"2025"	"5"	"May"	"144"	"21"	"4"	"2"	"2026-07-09 17:38:34.036534"
"2025-05-25"	"1"	"Sunday"	"True"	"2025"	"5"	"May"	"145"	"22"	"5"	"2"	"2026-07-09 17:38:34.036534"
"2025-05-26"	"2"	"Monday"	"False"	"2025"	"5"	"May"	"146"	"22"	"5"	"2"	"2026-07-09 17:38:34.036534"
"2025-05-27"	"3"	"Tuesday"	"False"	"2025"	"5"	"May"	"147"	"22"	"5"	"2"	"2026-07-09 17:38:34.036534"
"2025-05-28"	"4"	"Wednesday"	"False"	"2025"	"5"	"May"	"148"	"22"	"5"	"2"	"2026-07-09 17:38:34.036534"
"2025-05-29"	"5"	"Thursday"	"False"	"2025"	"5"	"May"	"149"	"22"	"5"	"2"	"2026-07-09 17:38:34.036534"
"2025-05-30"	"6"	"Friday"	"False"	"2025"	"5"	"May"	"150"	"22"	"5"	"2"	"2026-07-09 17:38:34.036534"
"2025-05-31"	"7"	"Saturday"	"True"	"2025"	"5"	"May"	"151"	"22"	"5"	"2"	"2026-07-09 17:38:34.036534"
"2025-06-01"	"1"	"Sunday"	"True"	"2025"	"6"	"June"	"152"	"23"	"1"	"2"	"2026-07-09 17:38:34.036534"
"2025-06-02"	"2"	"Monday"	"False"	"2025"	"6"	"June"	"153"	"23"	"1"	"2"	"2026-07-09 17:38:34.036534"
"2025-06-03"	"3"	"Tuesday"	"False"	"2025"	"6"	"June"	"154"	"23"	"1"	"2"	"2026-07-09 17:38:34.036534"
"2025-06-04"	"4"	"Wednesday"	"False"	"2025"	"6"	"June"	"155"	"23"	"1"	"2"	"2026-07-09 17:38:34.036534"
"2025-06-05"	"5"	"Thursday"	"False"	"2025"	"6"	"June"	"156"	"23"	"1"	"2"	"2026-07-09 17:38:34.036534"
"2025-06-06"	"6"	"Friday"	"False"	"2025"	"6"	"June"	"157"	"23"	"1"	"2"	"2026-07-09 17:38:34.036534"
"2025-06-07"	"7"	"Saturday"	"True"	"2025"	"6"	"June"	"158"	"23"	"1"	"2"	"2026-07-09 17:38:34.036534"
"2025-06-08"	"1"	"Sunday"	"True"	"2025"	"6"	"June"	"159"	"24"	"2"	"2"	"2026-07-09 17:38:34.036534"
"2025-06-09"	"2"	"Monday"	"False"	"2025"	"6"	"June"	"160"	"24"	"2"	"2"	"2026-07-09 17:38:34.036534"
"2025-06-10"	"3"	"Tuesday"	"False"	"2025"	"6"	"June"	"161"	"24"	"2"	"2"	"2026-07-09 17:38:34.036534"
"2025-06-11"	"4"	"Wednesday"	"False"	"2025"	"6"	"June"	"162"	"24"	"2"	"2"	"2026-07-09 17:38:34.036534"
"2025-06-12"	"5"	"Thursday"	"False"	"2025"	"6"	"June"	"163"	"24"	"2"	"2"	"2026-07-09 17:38:34.036534"
"2025-06-13"	"6"	"Friday"	"False"	"2025"	"6"	"June"	"164"	"24"	"2"	"2"	"2026-07-09 17:38:34.036534"
"2025-06-14"	"7"	"Saturday"	"True"	"2025"	"6"	"June"	"165"	"24"	"2"	"2"	"2026-07-09 17:38:34.036534"
"2025-06-15"	"1"	"Sunday"	"True"	"2025"	"6"	"June"	"166"	"25"	"3"	"2"	"2026-07-09 17:38:34.036534"
"2025-06-16"	"2"	"Monday"	"False"	"2025"	"6"	"June"	"167"	"25"	"3"	"2"	"2026-07-09 17:38:34.036534"
"2025-06-17"	"3"	"Tuesday"	"False"	"2025"	"6"	"June"	"168"	"25"	"3"	"2"	"2026-07-09 17:38:34.036534"
"2025-06-18"	"4"	"Wednesday"	"False"	"2025"	"6"	"June"	"169"	"25"	"3"	"2"	"2026-07-09 17:38:34.036534"
"2025-06-19"	"5"	"Thursday"	"False"	"2025"	"6"	"June"	"170"	"25"	"3"	"2"	"2026-07-09 17:38:34.036534"
"2025-06-20"	"6"	"Friday"	"False"	"2025"	"6"	"June"	"171"	"25"	"3"	"2"	"2026-07-09 17:38:34.036534"
"2025-06-21"	"7"	"Saturday"	"True"	"2025"	"6"	"June"	"172"	"25"	"3"	"2"	"2026-07-09 17:38:34.036534"
"2025-06-22"	"1"	"Sunday"	"True"	"2025"	"6"	"June"	"173"	"26"	"4"	"2"	"2026-07-09 17:38:34.036534"
"2025-06-23"	"2"	"Monday"	"False"	"2025"	"6"	"June"	"174"	"26"	"4"	"2"	"2026-07-09 17:38:34.036534"
"2025-06-24"	"3"	"Tuesday"	"False"	"2025"	"6"	"June"	"175"	"26"	"4"	"2"	"2026-07-09 17:38:34.036534"
"2025-06-25"	"4"	"Wednesday"	"False"	"2025"	"6"	"June"	"176"	"26"	"4"	"2"	"2026-07-09 17:38:34.036534"
"2025-06-26"	"5"	"Thursday"	"False"	"2025"	"6"	"June"	"177"	"26"	"4"	"2"	"2026-07-09 17:38:34.036534"
"2025-06-27"	"6"	"Friday"	"False"	"2025"	"6"	"June"	"178"	"26"	"4"	"2"	"2026-07-09 17:38:34.036534"
"2025-06-28"	"7"	"Saturday"	"True"	"2025"	"6"	"June"	"179"	"26"	"4"	"2"	"2026-07-09 17:38:34.036534"
"2025-06-29"	"1"	"Sunday"	"True"	"2025"	"6"	"June"	"180"	"27"	"5"	"2"	"2026-07-09 17:38:34.036534"
"2025-06-30"	"2"	"Monday"	"False"	"2025"	"6"	"June"	"181"	"27"	"5"	"2"	"2026-07-09 17:38:34.036534"
"2025-07-01"	"3"	"Tuesday"	"False"	"2025"	"7"	"July"	"182"	"27"	"1"	"3"	"2026-07-09 17:38:34.036534"
"2025-07-02"	"4"	"Wednesday"	"False"	"2025"	"7"	"July"	"183"	"27"	"1"	"3"	"2026-07-09 17:38:34.036534"
"2025-07-03"	"5"	"Thursday"	"False"	"2025"	"7"	"July"	"184"	"27"	"1"	"3"	"2026-07-09 17:38:34.036534"
"2025-07-04"	"6"	"Friday"	"False"	"2025"	"7"	"July"	"185"	"27"	"1"	"3"	"2026-07-09 17:38:34.036534"
"2025-07-05"	"7"	"Saturday"	"True"	"2025"	"7"	"July"	"186"	"27"	"1"	"3"	"2026-07-09 17:38:34.036534"
"2025-07-06"	"1"	"Sunday"	"True"	"2025"	"7"	"July"	"187"	"28"	"2"	"3"	"2026-07-09 17:38:34.036534"
"2025-07-07"	"2"	"Monday"	"False"	"2025"	"7"	"July"	"188"	"28"	"2"	"3"	"2026-07-09 17:38:34.036534"
"2025-07-08"	"3"	"Tuesday"	"False"	"2025"	"7"	"July"	"189"	"28"	"2"	"3"	"2026-07-09 17:38:34.036534"
"2025-07-09"	"4"	"Wednesday"	"False"	"2025"	"7"	"July"	"190"	"28"	"2"	"3"	"2026-07-09 17:38:34.036534"
"2025-07-10"	"5"	"Thursday"	"False"	"2025"	"7"	"July"	"191"	"28"	"2"	"3"	"2026-07-09 17:38:34.036534"
"2025-07-11"	"6"	"Friday"	"False"	"2025"	"7"	"July"	"192"	"28"	"2"	"3"	"2026-07-09 17:38:34.036534"
"2025-07-12"	"7"	"Saturday"	"True"	"2025"	"7"	"July"	"193"	"28"	"2"	"3"	"2026-07-09 17:38:34.036534"
"2025-07-13"	"1"	"Sunday"	"True"	"2025"	"7"	"July"	"194"	"29"	"3"	"3"	"2026-07-09 17:38:34.036534"
"2025-07-14"	"2"	"Monday"	"False"	"2025"	"7"	"July"	"195"	"29"	"3"	"3"	"2026-07-09 17:38:34.036534"
"2025-07-15"	"3"	"Tuesday"	"False"	"2025"	"7"	"July"	"196"	"29"	"3"	"3"	"2026-07-09 17:38:34.036534"
"2025-07-16"	"4"	"Wednesday"	"False"	"2025"	"7"	"July"	"197"	"29"	"3"	"3"	"2026-07-09 17:38:34.036534"
"2025-07-17"	"5"	"Thursday"	"False"	"2025"	"7"	"July"	"198"	"29"	"3"	"3"	"2026-07-09 17:38:34.036534"
"2025-07-18"	"6"	"Friday"	"False"	"2025"	"7"	"July"	"199"	"29"	"3"	"3"	"2026-07-09 17:38:34.036534"
"2025-07-19"	"7"	"Saturday"	"True"	"2025"	"7"	"July"	"200"	"29"	"3"	"3"	"2026-07-09 17:38:34.036534"
"2025-07-20"	"1"	"Sunday"	"True"	"2025"	"7"	"July"	"201"	"30"	"4"	"3"	"2026-07-09 17:38:34.036534"
"2025-07-21"	"2"	"Monday"	"False"	"2025"	"7"	"July"	"202"	"30"	"4"	"3"	"2026-07-09 17:38:34.036534"
"2025-07-22"	"3"	"Tuesday"	"False"	"2025"	"7"	"July"	"203"	"30"	"4"	"3"	"2026-07-09 17:38:34.036534"
"2025-07-23"	"4"	"Wednesday"	"False"	"2025"	"7"	"July"	"204"	"30"	"4"	"3"	"2026-07-09 17:38:34.036534"
"2025-07-24"	"5"	"Thursday"	"False"	"2025"	"7"	"July"	"205"	"30"	"4"	"3"	"2026-07-09 17:38:34.036534"
"2025-07-25"	"6"	"Friday"	"False"	"2025"	"7"	"July"	"206"	"30"	"4"	"3"	"2026-07-09 17:38:34.036534"
"2025-07-26"	"7"	"Saturday"	"True"	"2025"	"7"	"July"	"207"	"30"	"4"	"3"	"2026-07-09 17:38:34.036534"
"2025-07-27"	"1"	"Sunday"	"True"	"2025"	"7"	"July"	"208"	"31"	"5"	"3"	"2026-07-09 17:38:34.036534"
"2025-07-28"	"2"	"Monday"	"False"	"2025"	"7"	"July"	"209"	"31"	"5"	"3"	"2026-07-09 17:38:34.036534"
"2025-07-29"	"3"	"Tuesday"	"False"	"2025"	"7"	"July"	"210"	"31"	"5"	"3"	"2026-07-09 17:38:34.036534"
"2025-07-30"	"4"	"Wednesday"	"False"	"2025"	"7"	"July"	"211"	"31"	"5"	"3"	"2026-07-09 17:38:34.036534"
"2025-07-31"	"5"	"Thursday"	"False"	"2025"	"7"	"July"	"212"	"31"	"5"	"3"	"2026-07-09 17:38:34.036534"
"2025-08-01"	"6"	"Friday"	"False"	"2025"	"8"	"August"	"213"	"31"	"1"	"3"	"2026-07-09 17:38:34.036534"
"2025-08-02"	"7"	"Saturday"	"True"	"2025"	"8"	"August"	"214"	"31"	"1"	"3"	"2026-07-09 17:38:34.036534"
"2025-08-03"	"1"	"Sunday"	"True"	"2025"	"8"	"August"	"215"	"32"	"2"	"3"	"2026-07-09 17:38:34.036534"
"2025-08-04"	"2"	"Monday"	"False"	"2025"	"8"	"August"	"216"	"32"	"2"	"3"	"2026-07-09 17:38:34.036534"
"2025-08-05"	"3"	"Tuesday"	"False"	"2025"	"8"	"August"	"217"	"32"	"2"	"3"	"2026-07-09 17:38:34.036534"
"2025-08-06"	"4"	"Wednesday"	"False"	"2025"	"8"	"August"	"218"	"32"	"2"	"3"	"2026-07-09 17:38:34.036534"
"2025-08-07"	"5"	"Thursday"	"False"	"2025"	"8"	"August"	"219"	"32"	"2"	"3"	"2026-07-09 17:38:34.036534"
"2025-08-08"	"6"	"Friday"	"False"	"2025"	"8"	"August"	"220"	"32"	"2"	"3"	"2026-07-09 17:38:34.036534"
"2025-08-09"	"7"	"Saturday"	"True"	"2025"	"8"	"August"	"221"	"32"	"2"	"3"	"2026-07-09 17:38:34.036534"
"2025-08-10"	"1"	"Sunday"	"True"	"2025"	"8"	"August"	"222"	"33"	"3"	"3"	"2026-07-09 17:38:34.036534"
"2025-08-11"	"2"	"Monday"	"False"	"2025"	"8"	"August"	"223"	"33"	"3"	"3"	"2026-07-09 17:38:34.036534"
"2025-08-12"	"3"	"Tuesday"	"False"	"2025"	"8"	"August"	"224"	"33"	"3"	"3"	"2026-07-09 17:38:34.036534"
"2025-08-13"	"4"	"Wednesday"	"False"	"2025"	"8"	"August"	"225"	"33"	"3"	"3"	"2026-07-09 17:38:34.036534"
"2025-08-14"	"5"	"Thursday"	"False"	"2025"	"8"	"August"	"226"	"33"	"3"	"3"	"2026-07-09 17:38:34.036534"
"2025-08-15"	"6"	"Friday"	"False"	"2025"	"8"	"August"	"227"	"33"	"3"	"3"	"2026-07-09 17:38:34.036534"
"2025-08-16"	"7"	"Saturday"	"True"	"2025"	"8"	"August"	"228"	"33"	"3"	"3"	"2026-07-09 17:38:34.036534"
"2025-08-17"	"1"	"Sunday"	"True"	"2025"	"8"	"August"	"229"	"34"	"4"	"3"	"2026-07-09 17:38:34.036534"
"2025-08-18"	"2"	"Monday"	"False"	"2025"	"8"	"August"	"230"	"34"	"4"	"3"	"2026-07-09 17:38:34.036534"
"2025-08-19"	"3"	"Tuesday"	"False"	"2025"	"8"	"August"	"231"	"34"	"4"	"3"	"2026-07-09 17:38:34.036534"
"2025-08-20"	"4"	"Wednesday"	"False"	"2025"	"8"	"August"	"232"	"34"	"4"	"3"	"2026-07-09 17:38:34.036534"
"2025-08-21"	"5"	"Thursday"	"False"	"2025"	"8"	"August"	"233"	"34"	"4"	"3"	"2026-07-09 17:38:34.036534"
"2025-08-22"	"6"	"Friday"	"False"	"2025"	"8"	"August"	"234"	"34"	"4"	"3"	"2026-07-09 17:38:34.036534"
"2025-08-23"	"7"	"Saturday"	"True"	"2025"	"8"	"August"	"235"	"34"	"4"	"3"	"2026-07-09 17:38:34.036534"
"2025-08-24"	"1"	"Sunday"	"True"	"2025"	"8"	"August"	"236"	"35"	"5"	"3"	"2026-07-09 17:38:34.036534"
"2025-08-25"	"2"	"Monday"	"False"	"2025"	"8"	"August"	"237"	"35"	"5"	"3"	"2026-07-09 17:38:34.036534"
"2025-08-26"	"3"	"Tuesday"	"False"	"2025"	"8"	"August"	"238"	"35"	"5"	"3"	"2026-07-09 17:38:34.036534"
"2025-08-27"	"4"	"Wednesday"	"False"	"2025"	"8"	"August"	"239"	"35"	"5"	"3"	"2026-07-09 17:38:34.036534"
"2025-08-28"	"5"	"Thursday"	"False"	"2025"	"8"	"August"	"240"	"35"	"5"	"3"	"2026-07-09 17:38:34.036534"
"2025-08-29"	"6"	"Friday"	"False"	"2025"	"8"	"August"	"241"	"35"	"5"	"3"	"2026-07-09 17:38:34.036534"
"2025-08-30"	"7"	"Saturday"	"True"	"2025"	"8"	"August"	"242"	"35"	"5"	"3"	"2026-07-09 17:38:34.036534"
"2025-08-31"	"1"	"Sunday"	"True"	"2025"	"8"	"August"	"243"	"36"	"6"	"3"	"2026-07-09 17:38:34.036534"
"2025-09-01"	"2"	"Monday"	"False"	"2025"	"9"	"September"	"244"	"36"	"1"	"3"	"2026-07-09 17:38:34.036534"
"2025-09-02"	"3"	"Tuesday"	"False"	"2025"	"9"	"September"	"245"	"36"	"1"	"3"	"2026-07-09 17:38:34.036534"
"2025-09-03"	"4"	"Wednesday"	"False"	"2025"	"9"	"September"	"246"	"36"	"1"	"3"	"2026-07-09 17:38:34.036534"
"2025-09-04"	"5"	"Thursday"	"False"	"2025"	"9"	"September"	"247"	"36"	"1"	"3"	"2026-07-09 17:38:34.036534"
"2025-09-05"	"6"	"Friday"	"False"	"2025"	"9"	"September"	"248"	"36"	"1"	"3"	"2026-07-09 17:38:34.036534"
"2025-09-06"	"7"	"Saturday"	"True"	"2025"	"9"	"September"	"249"	"36"	"1"	"3"	"2026-07-09 17:38:34.036534"
"2025-09-07"	"1"	"Sunday"	"True"	"2025"	"9"	"September"	"250"	"37"	"2"	"3"	"2026-07-09 17:38:34.036534"
"2025-09-08"	"2"	"Monday"	"False"	"2025"	"9"	"September"	"251"	"37"	"2"	"3"	"2026-07-09 17:38:34.036534"
"2025-09-09"	"3"	"Tuesday"	"False"	"2025"	"9"	"September"	"252"	"37"	"2"	"3"	"2026-07-09 17:38:34.036534"
"2025-09-10"	"4"	"Wednesday"	"False"	"2025"	"9"	"September"	"253"	"37"	"2"	"3"	"2026-07-09 17:38:34.036534"
"2025-09-11"	"5"	"Thursday"	"False"	"2025"	"9"	"September"	"254"	"37"	"2"	"3"	"2026-07-09 17:38:34.036534"
"2025-09-12"	"6"	"Friday"	"False"	"2025"	"9"	"September"	"255"	"37"	"2"	"3"	"2026-07-09 17:38:34.036534"
"2025-09-13"	"7"	"Saturday"	"True"	"2025"	"9"	"September"	"256"	"37"	"2"	"3"	"2026-07-09 17:38:34.036534"
"2025-09-14"	"1"	"Sunday"	"True"	"2025"	"9"	"September"	"257"	"38"	"3"	"3"	"2026-07-09 17:38:34.036534"
"2025-09-15"	"2"	"Monday"	"False"	"2025"	"9"	"September"	"258"	"38"	"3"	"3"	"2026-07-09 17:38:34.036534"
"2025-09-16"	"3"	"Tuesday"	"False"	"2025"	"9"	"September"	"259"	"38"	"3"	"3"	"2026-07-09 17:38:34.036534"
"2025-09-17"	"4"	"Wednesday"	"False"	"2025"	"9"	"September"	"260"	"38"	"3"	"3"	"2026-07-09 17:38:34.036534"
"2025-09-18"	"5"	"Thursday"	"False"	"2025"	"9"	"September"	"261"	"38"	"3"	"3"	"2026-07-09 17:38:34.036534"
"2025-09-19"	"6"	"Friday"	"False"	"2025"	"9"	"September"	"262"	"38"	"3"	"3"	"2026-07-09 17:38:34.036534"
"2025-09-20"	"7"	"Saturday"	"True"	"2025"	"9"	"September"	"263"	"38"	"3"	"3"	"2026-07-09 17:38:34.036534"
"2025-09-21"	"1"	"Sunday"	"True"	"2025"	"9"	"September"	"264"	"39"	"4"	"3"	"2026-07-09 17:38:34.036534"
"2025-09-22"	"2"	"Monday"	"False"	"2025"	"9"	"September"	"265"	"39"	"4"	"3"	"2026-07-09 17:38:34.036534"
"2025-09-23"	"3"	"Tuesday"	"False"	"2025"	"9"	"September"	"266"	"39"	"4"	"3"	"2026-07-09 17:38:34.036534"
"2025-09-24"	"4"	"Wednesday"	"False"	"2025"	"9"	"September"	"267"	"39"	"4"	"3"	"2026-07-09 17:38:34.036534"
"2025-09-25"	"5"	"Thursday"	"False"	"2025"	"9"	"September"	"268"	"39"	"4"	"3"	"2026-07-09 17:38:34.036534"
"2025-09-26"	"6"	"Friday"	"False"	"2025"	"9"	"September"	"269"	"39"	"4"	"3"	"2026-07-09 17:38:34.036534"
"2025-09-27"	"7"	"Saturday"	"True"	"2025"	"9"	"September"	"270"	"39"	"4"	"3"	"2026-07-09 17:38:34.036534"
"2025-09-28"	"1"	"Sunday"	"True"	"2025"	"9"	"September"	"271"	"40"	"5"	"3"	"2026-07-09 17:38:34.036534"
"2025-09-29"	"2"	"Monday"	"False"	"2025"	"9"	"September"	"272"	"40"	"5"	"3"	"2026-07-09 17:38:34.036534"
"2025-09-30"	"3"	"Tuesday"	"False"	"2025"	"9"	"September"	"273"	"40"	"5"	"3"	"2026-07-09 17:38:34.036534"
"2025-10-01"	"4"	"Wednesday"	"False"	"2025"	"10"	"October"	"274"	"40"	"1"	"4"	"2026-07-09 17:38:34.036534"
"2025-10-02"	"5"	"Thursday"	"False"	"2025"	"10"	"October"	"275"	"40"	"1"	"4"	"2026-07-09 17:38:34.036534"
"2025-10-03"	"6"	"Friday"	"False"	"2025"	"10"	"October"	"276"	"40"	"1"	"4"	"2026-07-09 17:38:34.036534"
"2025-10-04"	"7"	"Saturday"	"True"	"2025"	"10"	"October"	"277"	"40"	"1"	"4"	"2026-07-09 17:38:34.036534"
"2025-10-05"	"1"	"Sunday"	"True"	"2025"	"10"	"October"	"278"	"41"	"2"	"4"	"2026-07-09 17:38:34.036534"
"2025-10-06"	"2"	"Monday"	"False"	"2025"	"10"	"October"	"279"	"41"	"2"	"4"	"2026-07-09 17:38:34.036534"
"2025-10-07"	"3"	"Tuesday"	"False"	"2025"	"10"	"October"	"280"	"41"	"2"	"4"	"2026-07-09 17:38:34.036534"
"2025-10-08"	"4"	"Wednesday"	"False"	"2025"	"10"	"October"	"281"	"41"	"2"	"4"	"2026-07-09 17:38:34.036534"
"2025-10-09"	"5"	"Thursday"	"False"	"2025"	"10"	"October"	"282"	"41"	"2"	"4"	"2026-07-09 17:38:34.036534"
"2025-10-10"	"6"	"Friday"	"False"	"2025"	"10"	"October"	"283"	"41"	"2"	"4"	"2026-07-09 17:38:34.036534"
"2025-10-11"	"7"	"Saturday"	"True"	"2025"	"10"	"October"	"284"	"41"	"2"	"4"	"2026-07-09 17:38:34.036534"
"2025-10-12"	"1"	"Sunday"	"True"	"2025"	"10"	"October"	"285"	"42"	"3"	"4"	"2026-07-09 17:38:34.036534"
"2025-10-13"	"2"	"Monday"	"False"	"2025"	"10"	"October"	"286"	"42"	"3"	"4"	"2026-07-09 17:38:34.036534"
"2025-10-14"	"3"	"Tuesday"	"False"	"2025"	"10"	"October"	"287"	"42"	"3"	"4"	"2026-07-09 17:38:34.036534"
"2025-10-15"	"4"	"Wednesday"	"False"	"2025"	"10"	"October"	"288"	"42"	"3"	"4"	"2026-07-09 17:38:34.036534"
"2025-10-16"	"5"	"Thursday"	"False"	"2025"	"10"	"October"	"289"	"42"	"3"	"4"	"2026-07-09 17:38:34.036534"
"2025-10-17"	"6"	"Friday"	"False"	"2025"	"10"	"October"	"290"	"42"	"3"	"4"	"2026-07-09 17:38:34.036534"
"2025-10-18"	"7"	"Saturday"	"True"	"2025"	"10"	"October"	"291"	"42"	"3"	"4"	"2026-07-09 17:38:34.036534"
"2025-10-19"	"1"	"Sunday"	"True"	"2025"	"10"	"October"	"292"	"43"	"4"	"4"	"2026-07-09 17:38:34.036534"
"2025-10-20"	"2"	"Monday"	"False"	"2025"	"10"	"October"	"293"	"43"	"4"	"4"	"2026-07-09 17:38:34.036534"
"2025-10-21"	"3"	"Tuesday"	"False"	"2025"	"10"	"October"	"294"	"43"	"4"	"4"	"2026-07-09 17:38:34.036534"
"2025-10-22"	"4"	"Wednesday"	"False"	"2025"	"10"	"October"	"295"	"43"	"4"	"4"	"2026-07-09 17:38:34.036534"
"2025-10-23"	"5"	"Thursday"	"False"	"2025"	"10"	"October"	"296"	"43"	"4"	"4"	"2026-07-09 17:38:34.036534"
"2025-10-24"	"6"	"Friday"	"False"	"2025"	"10"	"October"	"297"	"43"	"4"	"4"	"2026-07-09 17:38:34.036534"
"2025-10-25"	"7"	"Saturday"	"True"	"2025"	"10"	"October"	"298"	"43"	"4"	"4"	"2026-07-09 17:38:34.036534"
"2025-10-26"	"1"	"Sunday"	"True"	"2025"	"10"	"October"	"299"	"44"	"5"	"4"	"2026-07-09 17:38:34.036534"
"2025-10-27"	"2"	"Monday"	"False"	"2025"	"10"	"October"	"300"	"44"	"5"	"4"	"2026-07-09 17:38:34.036534"
"2025-10-28"	"3"	"Tuesday"	"False"	"2025"	"10"	"October"	"301"	"44"	"5"	"4"	"2026-07-09 17:38:34.036534"
"2025-10-29"	"4"	"Wednesday"	"False"	"2025"	"10"	"October"	"302"	"44"	"5"	"4"	"2026-07-09 17:38:34.036534"
"2025-10-30"	"5"	"Thursday"	"False"	"2025"	"10"	"October"	"303"	"44"	"5"	"4"	"2026-07-09 17:38:34.036534"
"2025-10-31"	"6"	"Friday"	"False"	"2025"	"10"	"October"	"304"	"44"	"5"	"4"	"2026-07-09 17:38:34.036534"
"2025-11-01"	"7"	"Saturday"	"True"	"2025"	"11"	"November"	"305"	"44"	"1"	"4"	"2026-07-09 17:38:34.036534"
"2025-11-02"	"1"	"Sunday"	"True"	"2025"	"11"	"November"	"306"	"45"	"2"	"4"	"2026-07-09 17:38:34.036534"
"2025-11-03"	"2"	"Monday"	"False"	"2025"	"11"	"November"	"307"	"45"	"2"	"4"	"2026-07-09 17:38:34.036534"
"2025-11-04"	"3"	"Tuesday"	"False"	"2025"	"11"	"November"	"308"	"45"	"2"	"4"	"2026-07-09 17:38:34.036534"
"2025-11-05"	"4"	"Wednesday"	"False"	"2025"	"11"	"November"	"309"	"45"	"2"	"4"	"2026-07-09 17:38:34.036534"
"2025-11-06"	"5"	"Thursday"	"False"	"2025"	"11"	"November"	"310"	"45"	"2"	"4"	"2026-07-09 17:38:34.036534"
"2025-11-07"	"6"	"Friday"	"False"	"2025"	"11"	"November"	"311"	"45"	"2"	"4"	"2026-07-09 17:38:34.036534"
"2025-11-08"	"7"	"Saturday"	"True"	"2025"	"11"	"November"	"312"	"45"	"2"	"4"	"2026-07-09 17:38:34.036534"
"2025-11-09"	"1"	"Sunday"	"True"	"2025"	"11"	"November"	"313"	"46"	"3"	"4"	"2026-07-09 17:38:34.036534"
"2025-11-10"	"2"	"Monday"	"False"	"2025"	"11"	"November"	"314"	"46"	"3"	"4"	"2026-07-09 17:38:34.036534"
"2025-11-11"	"3"	"Tuesday"	"False"	"2025"	"11"	"November"	"315"	"46"	"3"	"4"	"2026-07-09 17:38:34.036534"
"2025-11-12"	"4"	"Wednesday"	"False"	"2025"	"11"	"November"	"316"	"46"	"3"	"4"	"2026-07-09 17:38:34.036534"
"2025-11-13"	"5"	"Thursday"	"False"	"2025"	"11"	"November"	"317"	"46"	"3"	"4"	"2026-07-09 17:38:34.036534"
"2025-11-14"	"6"	"Friday"	"False"	"2025"	"11"	"November"	"318"	"46"	"3"	"4"	"2026-07-09 17:38:34.036534"
"2025-11-15"	"7"	"Saturday"	"True"	"2025"	"11"	"November"	"319"	"46"	"3"	"4"	"2026-07-09 17:38:34.036534"
"2025-11-16"	"1"	"Sunday"	"True"	"2025"	"11"	"November"	"320"	"47"	"4"	"4"	"2026-07-09 17:38:34.036534"
"2025-11-17"	"2"	"Monday"	"False"	"2025"	"11"	"November"	"321"	"47"	"4"	"4"	"2026-07-09 17:38:34.036534"
"2025-11-18"	"3"	"Tuesday"	"False"	"2025"	"11"	"November"	"322"	"47"	"4"	"4"	"2026-07-09 17:38:34.036534"
"2025-11-19"	"4"	"Wednesday"	"False"	"2025"	"11"	"November"	"323"	"47"	"4"	"4"	"2026-07-09 17:38:34.036534"
"2025-11-20"	"5"	"Thursday"	"False"	"2025"	"11"	"November"	"324"	"47"	"4"	"4"	"2026-07-09 17:38:34.036534"
"2025-11-21"	"6"	"Friday"	"False"	"2025"	"11"	"November"	"325"	"47"	"4"	"4"	"2026-07-09 17:38:34.036534"
"2025-11-22"	"7"	"Saturday"	"True"	"2025"	"11"	"November"	"326"	"47"	"4"	"4"	"2026-07-09 17:38:34.036534"
"2025-11-23"	"1"	"Sunday"	"True"	"2025"	"11"	"November"	"327"	"48"	"5"	"4"	"2026-07-09 17:38:34.036534"
"2025-11-24"	"2"	"Monday"	"False"	"2025"	"11"	"November"	"328"	"48"	"5"	"4"	"2026-07-09 17:38:34.036534"
"2025-11-25"	"3"	"Tuesday"	"False"	"2025"	"11"	"November"	"329"	"48"	"5"	"4"	"2026-07-09 17:38:34.036534"
"2025-11-26"	"4"	"Wednesday"	"False"	"2025"	"11"	"November"	"330"	"48"	"5"	"4"	"2026-07-09 17:38:34.036534"
"2025-11-27"	"5"	"Thursday"	"False"	"2025"	"11"	"November"	"331"	"48"	"5"	"4"	"2026-07-09 17:38:34.036534"
"2025-11-28"	"6"	"Friday"	"False"	"2025"	"11"	"November"	"332"	"48"	"5"	"4"	"2026-07-09 17:38:34.036534"
"2025-11-29"	"7"	"Saturday"	"True"	"2025"	"11"	"November"	"333"	"48"	"5"	"4"	"2026-07-09 17:38:34.036534"
"2025-11-30"	"1"	"Sunday"	"True"	"2025"	"11"	"November"	"334"	"49"	"6"	"4"	"2026-07-09 17:38:34.036534"
"2025-12-01"	"2"	"Monday"	"False"	"2025"	"12"	"December"	"335"	"49"	"1"	"4"	"2026-07-09 17:38:34.036534"
"2025-12-02"	"3"	"Tuesday"	"False"	"2025"	"12"	"December"	"336"	"49"	"1"	"4"	"2026-07-09 17:38:34.036534"
"2025-12-03"	"4"	"Wednesday"	"False"	"2025"	"12"	"December"	"337"	"49"	"1"	"4"	"2026-07-09 17:38:34.036534"
"2025-12-04"	"5"	"Thursday"	"False"	"2025"	"12"	"December"	"338"	"49"	"1"	"4"	"2026-07-09 17:38:34.036534"
"2025-12-05"	"6"	"Friday"	"False"	"2025"	"12"	"December"	"339"	"49"	"1"	"4"	"2026-07-09 17:38:34.036534"
"2025-12-06"	"7"	"Saturday"	"True"	"2025"	"12"	"December"	"340"	"49"	"1"	"4"	"2026-07-09 17:38:34.036534"
"2025-12-07"	"1"	"Sunday"	"True"	"2025"	"12"	"December"	"341"	"50"	"2"	"4"	"2026-07-09 17:38:34.036534"
"2025-12-08"	"2"	"Monday"	"False"	"2025"	"12"	"December"	"342"	"50"	"2"	"4"	"2026-07-09 17:38:34.036534"
"2025-12-09"	"3"	"Tuesday"	"False"	"2025"	"12"	"December"	"343"	"50"	"2"	"4"	"2026-07-09 17:38:34.036534"
"2025-12-10"	"4"	"Wednesday"	"False"	"2025"	"12"	"December"	"344"	"50"	"2"	"4"	"2026-07-09 17:38:34.036534"
"2025-12-11"	"5"	"Thursday"	"False"	"2025"	"12"	"December"	"345"	"50"	"2"	"4"	"2026-07-09 17:38:34.036534"
"2025-12-12"	"6"	"Friday"	"False"	"2025"	"12"	"December"	"346"	"50"	"2"	"4"	"2026-07-09 17:38:34.036534"
"2025-12-13"	"7"	"Saturday"	"True"	"2025"	"12"	"December"	"347"	"50"	"2"	"4"	"2026-07-09 17:38:34.036534"
"2025-12-14"	"1"	"Sunday"	"True"	"2025"	"12"	"December"	"348"	"51"	"3"	"4"	"2026-07-09 17:38:34.036534"
"2025-12-15"	"2"	"Monday"	"False"	"2025"	"12"	"December"	"349"	"51"	"3"	"4"	"2026-07-09 17:38:34.036534"
"2025-12-16"	"3"	"Tuesday"	"False"	"2025"	"12"	"December"	"350"	"51"	"3"	"4"	"2026-07-09 17:38:34.036534"
"2025-12-17"	"4"	"Wednesday"	"False"	"2025"	"12"	"December"	"351"	"51"	"3"	"4"	"2026-07-09 17:38:34.036534"
"2025-12-18"	"5"	"Thursday"	"False"	"2025"	"12"	"December"	"352"	"51"	"3"	"4"	"2026-07-09 17:38:34.036534"
"2025-12-19"	"6"	"Friday"	"False"	"2025"	"12"	"December"	"353"	"51"	"3"	"4"	"2026-07-09 17:38:34.036534"
"2025-12-20"	"7"	"Saturday"	"True"	"2025"	"12"	"December"	"354"	"51"	"3"	"4"	"2026-07-09 17:38:34.036534"
"2025-12-21"	"1"	"Sunday"	"True"	"2025"	"12"	"December"	"355"	"52"	"4"	"4"	"2026-07-09 17:38:34.036534"
"2025-12-22"	"2"	"Monday"	"False"	"2025"	"12"	"December"	"356"	"52"	"4"	"4"	"2026-07-09 17:38:34.036534"
"2025-12-23"	"3"	"Tuesday"	"False"	"2025"	"12"	"December"	"357"	"52"	"4"	"4"	"2026-07-09 17:38:34.036534"
"2025-12-24"	"4"	"Wednesday"	"False"	"2025"	"12"	"December"	"358"	"52"	"4"	"4"	"2026-07-09 17:38:34.036534"
"2025-12-25"	"5"	"Thursday"	"False"	"2025"	"12"	"December"	"359"	"52"	"4"	"4"	"2026-07-09 17:38:34.036534"
"2025-12-26"	"6"	"Friday"	"False"	"2025"	"12"	"December"	"360"	"52"	"4"	"4"	"2026-07-09 17:38:34.036534"
"2025-12-27"	"7"	"Saturday"	"True"	"2025"	"12"	"December"	"361"	"52"	"4"	"4"	"2026-07-09 17:38:34.036534"
"2025-12-28"	"1"	"Sunday"	"True"	"2025"	"12"	"December"	"362"	"1"	"5"	"4"	"2026-07-09 17:38:34.036534"
"2025-12-29"	"2"	"Monday"	"False"	"2025"	"12"	"December"	"363"	"1"	"5"	"4"	"2026-07-09 17:38:34.036534"
"2025-12-30"	"3"	"Tuesday"	"False"	"2025"	"12"	"December"	"364"	"1"	"5"	"4"	"2026-07-09 17:38:34.036534"
"2025-12-31"	"4"	"Wednesday"	"False"	"2025"	"12"	"December"	"365"	"1"	"5"	"4"	"2026-07-09 17:38:34.036534"
"2026-01-01"	"5"	"Thursday"	"False"	"2026"	"1"	"January"	"1"	"1"	"1"	"1"	"2026-07-09 17:38:34.036534"
"2026-01-02"	"6"	"Friday"	"False"	"2026"	"1"	"January"	"2"	"1"	"1"	"1"	"2026-07-09 17:38:34.036534"
"2026-01-03"	"7"	"Saturday"	"True"	"2026"	"1"	"January"	"3"	"1"	"1"	"1"	"2026-07-09 17:38:34.036534"
"2026-01-04"	"1"	"Sunday"	"True"	"2026"	"1"	"January"	"4"	"2"	"2"	"1"	"2026-07-09 17:38:34.036534"
"2026-01-05"	"2"	"Monday"	"False"	"2026"	"1"	"January"	"5"	"2"	"2"	"1"	"2026-07-09 17:38:34.036534"
"2026-01-06"	"3"	"Tuesday"	"False"	"2026"	"1"	"January"	"6"	"2"	"2"	"1"	"2026-07-09 17:38:34.036534"
"2026-01-07"	"4"	"Wednesday"	"False"	"2026"	"1"	"January"	"7"	"2"	"2"	"1"	"2026-07-09 17:38:34.036534"
"2026-01-08"	"5"	"Thursday"	"False"	"2026"	"1"	"January"	"8"	"2"	"2"	"1"	"2026-07-09 17:38:34.036534"
"2026-01-09"	"6"	"Friday"	"False"	"2026"	"1"	"January"	"9"	"2"	"2"	"1"	"2026-07-09 17:38:34.036534"
"2026-01-10"	"7"	"Saturday"	"True"	"2026"	"1"	"January"	"10"	"2"	"2"	"1"	"2026-07-09 17:38:34.036534"
"2026-01-11"	"1"	"Sunday"	"True"	"2026"	"1"	"January"	"11"	"3"	"3"	"1"	"2026-07-09 17:38:34.036534"
"2026-01-12"	"2"	"Monday"	"False"	"2026"	"1"	"January"	"12"	"3"	"3"	"1"	"2026-07-09 17:38:34.036534"
"2026-01-13"	"3"	"Tuesday"	"False"	"2026"	"1"	"January"	"13"	"3"	"3"	"1"	"2026-07-09 17:38:34.036534"
"2026-01-14"	"4"	"Wednesday"	"False"	"2026"	"1"	"January"	"14"	"3"	"3"	"1"	"2026-07-09 17:38:34.036534"
"2026-01-15"	"5"	"Thursday"	"False"	"2026"	"1"	"January"	"15"	"3"	"3"	"1"	"2026-07-09 17:38:34.036534"
"2026-01-16"	"6"	"Friday"	"False"	"2026"	"1"	"January"	"16"	"3"	"3"	"1"	"2026-07-09 17:38:34.036534"
"2026-01-17"	"7"	"Saturday"	"True"	"2026"	"1"	"January"	"17"	"3"	"3"	"1"	"2026-07-09 17:38:34.036534"
"2026-01-18"	"1"	"Sunday"	"True"	"2026"	"1"	"January"	"18"	"4"	"4"	"1"	"2026-07-09 17:38:34.036534"
"2026-01-19"	"2"	"Monday"	"False"	"2026"	"1"	"January"	"19"	"4"	"4"	"1"	"2026-07-09 17:38:34.036534"
"2026-01-20"	"3"	"Tuesday"	"False"	"2026"	"1"	"January"	"20"	"4"	"4"	"1"	"2026-07-09 17:38:34.036534"
"2026-01-21"	"4"	"Wednesday"	"False"	"2026"	"1"	"January"	"21"	"4"	"4"	"1"	"2026-07-09 17:38:34.036534"
"2026-01-22"	"5"	"Thursday"	"False"	"2026"	"1"	"January"	"22"	"4"	"4"	"1"	"2026-07-09 17:38:34.036534"
"2026-01-23"	"6"	"Friday"	"False"	"2026"	"1"	"January"	"23"	"4"	"4"	"1"	"2026-07-09 17:38:34.036534"
"2026-01-24"	"7"	"Saturday"	"True"	"2026"	"1"	"January"	"24"	"4"	"4"	"1"	"2026-07-09 17:38:34.036534"
"2026-01-25"	"1"	"Sunday"	"True"	"2026"	"1"	"January"	"25"	"5"	"5"	"1"	"2026-07-09 17:38:34.036534"
"2026-01-26"	"2"	"Monday"	"False"	"2026"	"1"	"January"	"26"	"5"	"5"	"1"	"2026-07-09 17:38:34.036534"
"2026-01-27"	"3"	"Tuesday"	"False"	"2026"	"1"	"January"	"27"	"5"	"5"	"1"	"2026-07-09 17:38:34.036534"
"2026-01-28"	"4"	"Wednesday"	"False"	"2026"	"1"	"January"	"28"	"5"	"5"	"1"	"2026-07-09 17:38:34.036534"
"2026-01-29"	"5"	"Thursday"	"False"	"2026"	"1"	"January"	"29"	"5"	"5"	"1"	"2026-07-09 17:38:34.036534"
"2026-01-30"	"6"	"Friday"	"False"	"2026"	"1"	"January"	"30"	"5"	"5"	"1"	"2026-07-09 17:38:34.036534"
"2026-01-31"	"7"	"Saturday"	"True"	"2026"	"1"	"January"	"31"	"5"	"5"	"1"	"2026-07-09 17:38:34.036534"
"2026-02-01"	"1"	"Sunday"	"True"	"2026"	"2"	"February"	"32"	"6"	"1"	"1"	"2026-07-09 17:38:34.036534"
"2026-02-02"	"2"	"Monday"	"False"	"2026"	"2"	"February"	"33"	"6"	"1"	"1"	"2026-07-09 17:38:34.036534"
"2026-02-03"	"3"	"Tuesday"	"False"	"2026"	"2"	"February"	"34"	"6"	"1"	"1"	"2026-07-09 17:38:34.036534"
"2026-02-04"	"4"	"Wednesday"	"False"	"2026"	"2"	"February"	"35"	"6"	"1"	"1"	"2026-07-09 17:38:34.036534"
"2026-02-05"	"5"	"Thursday"	"False"	"2026"	"2"	"February"	"36"	"6"	"1"	"1"	"2026-07-09 17:38:34.036534"
"2026-02-06"	"6"	"Friday"	"False"	"2026"	"2"	"February"	"37"	"6"	"1"	"1"	"2026-07-09 17:38:34.036534"
"2026-02-07"	"7"	"Saturday"	"True"	"2026"	"2"	"February"	"38"	"6"	"1"	"1"	"2026-07-09 17:38:34.036534"
"2026-02-08"	"1"	"Sunday"	"True"	"2026"	"2"	"February"	"39"	"7"	"2"	"1"	"2026-07-09 17:38:34.036534"
"2026-02-09"	"2"	"Monday"	"False"	"2026"	"2"	"February"	"40"	"7"	"2"	"1"	"2026-07-09 17:38:34.036534"
"2026-02-10"	"3"	"Tuesday"	"False"	"2026"	"2"	"February"	"41"	"7"	"2"	"1"	"2026-07-09 17:38:34.036534"
"2026-02-11"	"4"	"Wednesday"	"False"	"2026"	"2"	"February"	"42"	"7"	"2"	"1"	"2026-07-09 17:38:34.036534"
"2026-02-12"	"5"	"Thursday"	"False"	"2026"	"2"	"February"	"43"	"7"	"2"	"1"	"2026-07-09 17:38:34.036534"
"2026-02-13"	"6"	"Friday"	"False"	"2026"	"2"	"February"	"44"	"7"	"2"	"1"	"2026-07-09 17:38:34.036534"
"2026-02-14"	"7"	"Saturday"	"True"	"2026"	"2"	"February"	"45"	"7"	"2"	"1"	"2026-07-09 17:38:34.036534"
"2026-02-15"	"1"	"Sunday"	"True"	"2026"	"2"	"February"	"46"	"8"	"3"	"1"	"2026-07-09 17:38:34.036534"
"2026-02-16"	"2"	"Monday"	"False"	"2026"	"2"	"February"	"47"	"8"	"3"	"1"	"2026-07-09 17:38:34.036534"
"2026-02-17"	"3"	"Tuesday"	"False"	"2026"	"2"	"February"	"48"	"8"	"3"	"1"	"2026-07-09 17:38:34.036534"
"2026-02-18"	"4"	"Wednesday"	"False"	"2026"	"2"	"February"	"49"	"8"	"3"	"1"	"2026-07-09 17:38:34.036534"
"2026-02-19"	"5"	"Thursday"	"False"	"2026"	"2"	"February"	"50"	"8"	"3"	"1"	"2026-07-09 17:38:34.036534"
"2026-02-20"	"6"	"Friday"	"False"	"2026"	"2"	"February"	"51"	"8"	"3"	"1"	"2026-07-09 17:38:34.036534"
"2026-02-21"	"7"	"Saturday"	"True"	"2026"	"2"	"February"	"52"	"8"	"3"	"1"	"2026-07-09 17:38:34.036534"
"2026-02-22"	"1"	"Sunday"	"True"	"2026"	"2"	"February"	"53"	"9"	"4"	"1"	"2026-07-09 17:38:34.036534"
"2026-02-23"	"2"	"Monday"	"False"	"2026"	"2"	"February"	"54"	"9"	"4"	"1"	"2026-07-09 17:38:34.036534"
"2026-02-24"	"3"	"Tuesday"	"False"	"2026"	"2"	"February"	"55"	"9"	"4"	"1"	"2026-07-09 17:38:34.036534"
"2026-02-25"	"4"	"Wednesday"	"False"	"2026"	"2"	"February"	"56"	"9"	"4"	"1"	"2026-07-09 17:38:34.036534"
"2026-02-26"	"5"	"Thursday"	"False"	"2026"	"2"	"February"	"57"	"9"	"4"	"1"	"2026-07-09 17:38:34.036534"
"2026-02-27"	"6"	"Friday"	"False"	"2026"	"2"	"February"	"58"	"9"	"4"	"1"	"2026-07-09 17:38:34.036534"
"2026-02-28"	"7"	"Saturday"	"True"	"2026"	"2"	"February"	"59"	"9"	"4"	"1"	"2026-07-09 17:38:34.036534"
"2026-03-01"	"1"	"Sunday"	"True"	"2026"	"3"	"March"	"60"	"10"	"1"	"1"	"2026-07-09 17:38:34.036534"
"2026-03-02"	"2"	"Monday"	"False"	"2026"	"3"	"March"	"61"	"10"	"1"	"1"	"2026-07-09 17:38:34.036534"
"2026-03-03"	"3"	"Tuesday"	"False"	"2026"	"3"	"March"	"62"	"10"	"1"	"1"	"2026-07-09 17:38:34.036534"
"2026-03-04"	"4"	"Wednesday"	"False"	"2026"	"3"	"March"	"63"	"10"	"1"	"1"	"2026-07-09 17:38:34.036534"
"2026-03-05"	"5"	"Thursday"	"False"	"2026"	"3"	"March"	"64"	"10"	"1"	"1"	"2026-07-09 17:38:34.036534"
"2026-03-06"	"6"	"Friday"	"False"	"2026"	"3"	"March"	"65"	"10"	"1"	"1"	"2026-07-09 17:38:34.036534"
"2026-03-07"	"7"	"Saturday"	"True"	"2026"	"3"	"March"	"66"	"10"	"1"	"1"	"2026-07-09 17:38:34.036534"
"2026-03-08"	"1"	"Sunday"	"True"	"2026"	"3"	"March"	"67"	"11"	"2"	"1"	"2026-07-09 17:38:34.036534"
"2026-03-09"	"2"	"Monday"	"False"	"2026"	"3"	"March"	"68"	"11"	"2"	"1"	"2026-07-09 17:38:34.036534"
"2026-03-10"	"3"	"Tuesday"	"False"	"2026"	"3"	"March"	"69"	"11"	"2"	"1"	"2026-07-09 17:38:34.036534"
"2026-03-11"	"4"	"Wednesday"	"False"	"2026"	"3"	"March"	"70"	"11"	"2"	"1"	"2026-07-09 17:38:34.036534"
"2026-03-12"	"5"	"Thursday"	"False"	"2026"	"3"	"March"	"71"	"11"	"2"	"1"	"2026-07-09 17:38:34.036534"
"2026-03-13"	"6"	"Friday"	"False"	"2026"	"3"	"March"	"72"	"11"	"2"	"1"	"2026-07-09 17:38:34.036534"
"2026-03-14"	"7"	"Saturday"	"True"	"2026"	"3"	"March"	"73"	"11"	"2"	"1"	"2026-07-09 17:38:34.036534"
"2026-03-15"	"1"	"Sunday"	"True"	"2026"	"3"	"March"	"74"	"12"	"3"	"1"	"2026-07-09 17:38:34.036534"
"2026-03-16"	"2"	"Monday"	"False"	"2026"	"3"	"March"	"75"	"12"	"3"	"1"	"2026-07-09 17:38:34.036534"
"2026-03-17"	"3"	"Tuesday"	"False"	"2026"	"3"	"March"	"76"	"12"	"3"	"1"	"2026-07-09 17:38:34.036534"
"2026-03-18"	"4"	"Wednesday"	"False"	"2026"	"3"	"March"	"77"	"12"	"3"	"1"	"2026-07-09 17:38:34.036534"
"2026-03-19"	"5"	"Thursday"	"False"	"2026"	"3"	"March"	"78"	"12"	"3"	"1"	"2026-07-09 17:38:34.036534"
"2026-03-20"	"6"	"Friday"	"False"	"2026"	"3"	"March"	"79"	"12"	"3"	"1"	"2026-07-09 17:38:34.036534"
"2026-03-21"	"7"	"Saturday"	"True"	"2026"	"3"	"March"	"80"	"12"	"3"	"1"	"2026-07-09 17:38:34.036534"
"2026-03-22"	"1"	"Sunday"	"True"	"2026"	"3"	"March"	"81"	"13"	"4"	"1"	"2026-07-09 17:38:34.036534"
"2026-03-23"	"2"	"Monday"	"False"	"2026"	"3"	"March"	"82"	"13"	"4"	"1"	"2026-07-09 17:38:34.036534"
"2026-03-24"	"3"	"Tuesday"	"False"	"2026"	"3"	"March"	"83"	"13"	"4"	"1"	"2026-07-09 17:38:34.036534"
"2026-03-25"	"4"	"Wednesday"	"False"	"2026"	"3"	"March"	"84"	"13"	"4"	"1"	"2026-07-09 17:38:34.036534"
"2026-03-26"	"5"	"Thursday"	"False"	"2026"	"3"	"March"	"85"	"13"	"4"	"1"	"2026-07-09 17:38:34.036534"
"2026-03-27"	"6"	"Friday"	"False"	"2026"	"3"	"March"	"86"	"13"	"4"	"1"	"2026-07-09 17:38:34.036534"
"2026-03-28"	"7"	"Saturday"	"True"	"2026"	"3"	"March"	"87"	"13"	"4"	"1"	"2026-07-09 17:38:34.036534"
"2026-03-29"	"1"	"Sunday"	"True"	"2026"	"3"	"March"	"88"	"14"	"5"	"1"	"2026-07-09 17:38:34.036534"
"2026-03-30"	"2"	"Monday"	"False"	"2026"	"3"	"March"	"89"	"14"	"5"	"1"	"2026-07-09 17:38:34.036534"
"2026-03-31"	"3"	"Tuesday"	"False"	"2026"	"3"	"March"	"90"	"14"	"5"	"1"	"2026-07-09 17:38:34.036534"
"2026-04-01"	"4"	"Wednesday"	"False"	"2026"	"4"	"April"	"91"	"14"	"1"	"2"	"2026-07-09 17:38:34.036534"
"2026-04-02"	"5"	"Thursday"	"False"	"2026"	"4"	"April"	"92"	"14"	"1"	"2"	"2026-07-09 17:38:34.036534"
"2026-04-03"	"6"	"Friday"	"False"	"2026"	"4"	"April"	"93"	"14"	"1"	"2"	"2026-07-09 17:38:34.036534"
"2026-04-04"	"7"	"Saturday"	"True"	"2026"	"4"	"April"	"94"	"14"	"1"	"2"	"2026-07-09 17:38:34.036534"
"2026-04-05"	"1"	"Sunday"	"True"	"2026"	"4"	"April"	"95"	"15"	"2"	"2"	"2026-07-09 17:38:34.036534"
"2026-04-06"	"2"	"Monday"	"False"	"2026"	"4"	"April"	"96"	"15"	"2"	"2"	"2026-07-09 17:38:34.036534"
"2026-04-07"	"3"	"Tuesday"	"False"	"2026"	"4"	"April"	"97"	"15"	"2"	"2"	"2026-07-09 17:38:34.036534"
"2026-04-08"	"4"	"Wednesday"	"False"	"2026"	"4"	"April"	"98"	"15"	"2"	"2"	"2026-07-09 17:38:34.036534"
"2026-04-09"	"5"	"Thursday"	"False"	"2026"	"4"	"April"	"99"	"15"	"2"	"2"	"2026-07-09 17:38:34.036534"
"2026-04-10"	"6"	"Friday"	"False"	"2026"	"4"	"April"	"100"	"15"	"2"	"2"	"2026-07-09 17:38:34.036534"
"2026-04-11"	"7"	"Saturday"	"True"	"2026"	"4"	"April"	"101"	"15"	"2"	"2"	"2026-07-09 17:38:34.036534"
"2026-04-12"	"1"	"Sunday"	"True"	"2026"	"4"	"April"	"102"	"16"	"3"	"2"	"2026-07-09 17:38:34.036534"
"2026-04-13"	"2"	"Monday"	"False"	"2026"	"4"	"April"	"103"	"16"	"3"	"2"	"2026-07-09 17:38:34.036534"
"2026-04-14"	"3"	"Tuesday"	"False"	"2026"	"4"	"April"	"104"	"16"	"3"	"2"	"2026-07-09 17:38:34.036534"
"2026-04-15"	"4"	"Wednesday"	"False"	"2026"	"4"	"April"	"105"	"16"	"3"	"2"	"2026-07-09 17:38:34.036534"
"2026-04-16"	"5"	"Thursday"	"False"	"2026"	"4"	"April"	"106"	"16"	"3"	"2"	"2026-07-09 17:38:34.036534"
"2026-04-17"	"6"	"Friday"	"False"	"2026"	"4"	"April"	"107"	"16"	"3"	"2"	"2026-07-09 17:38:34.036534"
"2026-04-18"	"7"	"Saturday"	"True"	"2026"	"4"	"April"	"108"	"16"	"3"	"2"	"2026-07-09 17:38:34.036534"
"2026-04-19"	"1"	"Sunday"	"True"	"2026"	"4"	"April"	"109"	"17"	"4"	"2"	"2026-07-09 17:38:34.036534"
"2026-04-20"	"2"	"Monday"	"False"	"2026"	"4"	"April"	"110"	"17"	"4"	"2"	"2026-07-09 17:38:34.036534"
"2026-04-21"	"3"	"Tuesday"	"False"	"2026"	"4"	"April"	"111"	"17"	"4"	"2"	"2026-07-09 17:38:34.036534"
"2026-04-22"	"4"	"Wednesday"	"False"	"2026"	"4"	"April"	"112"	"17"	"4"	"2"	"2026-07-09 17:38:34.036534"
"2026-04-23"	"5"	"Thursday"	"False"	"2026"	"4"	"April"	"113"	"17"	"4"	"2"	"2026-07-09 17:38:34.036534"
"2026-04-24"	"6"	"Friday"	"False"	"2026"	"4"	"April"	"114"	"17"	"4"	"2"	"2026-07-09 17:38:34.036534"
"2026-04-25"	"7"	"Saturday"	"True"	"2026"	"4"	"April"	"115"	"17"	"4"	"2"	"2026-07-09 17:38:34.036534"
"2026-04-26"	"1"	"Sunday"	"True"	"2026"	"4"	"April"	"116"	"18"	"5"	"2"	"2026-07-09 17:38:34.036534"
"2026-04-27"	"2"	"Monday"	"False"	"2026"	"4"	"April"	"117"	"18"	"5"	"2"	"2026-07-09 17:38:34.036534"
"2026-04-28"	"3"	"Tuesday"	"False"	"2026"	"4"	"April"	"118"	"18"	"5"	"2"	"2026-07-09 17:38:34.036534"
"2026-04-29"	"4"	"Wednesday"	"False"	"2026"	"4"	"April"	"119"	"18"	"5"	"2"	"2026-07-09 17:38:34.036534"
"2026-04-30"	"5"	"Thursday"	"False"	"2026"	"4"	"April"	"120"	"18"	"5"	"2"	"2026-07-09 17:38:34.036534"
"2026-05-01"	"6"	"Friday"	"False"	"2026"	"5"	"May"	"121"	"18"	"1"	"2"	"2026-07-09 17:38:34.036534"
"2026-05-02"	"7"	"Saturday"	"True"	"2026"	"5"	"May"	"122"	"18"	"1"	"2"	"2026-07-09 17:38:34.036534"
"2026-05-03"	"1"	"Sunday"	"True"	"2026"	"5"	"May"	"123"	"19"	"2"	"2"	"2026-07-09 17:38:34.036534"
"2026-05-04"	"2"	"Monday"	"False"	"2026"	"5"	"May"	"124"	"19"	"2"	"2"	"2026-07-09 17:38:34.036534"
"2026-05-05"	"3"	"Tuesday"	"False"	"2026"	"5"	"May"	"125"	"19"	"2"	"2"	"2026-07-09 17:38:34.036534"
"2026-05-06"	"4"	"Wednesday"	"False"	"2026"	"5"	"May"	"126"	"19"	"2"	"2"	"2026-07-09 17:38:34.036534"
"2026-05-07"	"5"	"Thursday"	"False"	"2026"	"5"	"May"	"127"	"19"	"2"	"2"	"2026-07-09 17:38:34.036534"
"2026-05-08"	"6"	"Friday"	"False"	"2026"	"5"	"May"	"128"	"19"	"2"	"2"	"2026-07-09 17:38:34.036534"
"2026-05-09"	"7"	"Saturday"	"True"	"2026"	"5"	"May"	"129"	"19"	"2"	"2"	"2026-07-09 17:38:34.036534"
"2026-05-10"	"1"	"Sunday"	"True"	"2026"	"5"	"May"	"130"	"20"	"3"	"2"	"2026-07-09 17:38:34.036534"
"2026-05-11"	"2"	"Monday"	"False"	"2026"	"5"	"May"	"131"	"20"	"3"	"2"	"2026-07-09 17:38:34.036534"
"2026-05-12"	"3"	"Tuesday"	"False"	"2026"	"5"	"May"	"132"	"20"	"3"	"2"	"2026-07-09 17:38:34.036534"
"2026-05-13"	"4"	"Wednesday"	"False"	"2026"	"5"	"May"	"133"	"20"	"3"	"2"	"2026-07-09 17:38:34.036534"
"2026-05-14"	"5"	"Thursday"	"False"	"2026"	"5"	"May"	"134"	"20"	"3"	"2"	"2026-07-09 17:38:34.036534"
"2026-05-15"	"6"	"Friday"	"False"	"2026"	"5"	"May"	"135"	"20"	"3"	"2"	"2026-07-09 17:38:34.036534"
"2026-05-16"	"7"	"Saturday"	"True"	"2026"	"5"	"May"	"136"	"20"	"3"	"2"	"2026-07-09 17:38:34.036534"
"2026-05-17"	"1"	"Sunday"	"True"	"2026"	"5"	"May"	"137"	"21"	"4"	"2"	"2026-07-09 17:38:34.036534"
"2026-05-18"	"2"	"Monday"	"False"	"2026"	"5"	"May"	"138"	"21"	"4"	"2"	"2026-07-09 17:38:34.036534"
"2026-05-19"	"3"	"Tuesday"	"False"	"2026"	"5"	"May"	"139"	"21"	"4"	"2"	"2026-07-09 17:38:34.036534"
"2026-05-20"	"4"	"Wednesday"	"False"	"2026"	"5"	"May"	"140"	"21"	"4"	"2"	"2026-07-09 17:38:34.036534"
"2026-05-21"	"5"	"Thursday"	"False"	"2026"	"5"	"May"	"141"	"21"	"4"	"2"	"2026-07-09 17:38:34.036534"
"2026-05-22"	"6"	"Friday"	"False"	"2026"	"5"	"May"	"142"	"21"	"4"	"2"	"2026-07-09 17:38:34.036534"
"2026-05-23"	"7"	"Saturday"	"True"	"2026"	"5"	"May"	"143"	"21"	"4"	"2"	"2026-07-09 17:38:34.036534"
"2026-05-24"	"1"	"Sunday"	"True"	"2026"	"5"	"May"	"144"	"22"	"5"	"2"	"2026-07-09 17:38:34.036534"
"2026-05-25"	"2"	"Monday"	"False"	"2026"	"5"	"May"	"145"	"22"	"5"	"2"	"2026-07-09 17:38:34.036534"
"2026-05-26"	"3"	"Tuesday"	"False"	"2026"	"5"	"May"	"146"	"22"	"5"	"2"	"2026-07-09 17:38:34.036534"
"2026-05-27"	"4"	"Wednesday"	"False"	"2026"	"5"	"May"	"147"	"22"	"5"	"2"	"2026-07-09 17:38:34.036534"
"2026-05-28"	"5"	"Thursday"	"False"	"2026"	"5"	"May"	"148"	"22"	"5"	"2"	"2026-07-09 17:38:34.036534"
"2026-05-29"	"6"	"Friday"	"False"	"2026"	"5"	"May"	"149"	"22"	"5"	"2"	"2026-07-09 17:38:34.036534"
"2026-05-30"	"7"	"Saturday"	"True"	"2026"	"5"	"May"	"150"	"22"	"5"	"2"	"2026-07-09 17:38:34.036534"
"2026-05-31"	"1"	"Sunday"	"True"	"2026"	"5"	"May"	"151"	"23"	"6"	"2"	"2026-07-09 17:38:34.036534"
"2026-06-01"	"2"	"Monday"	"False"	"2026"	"6"	"June"	"152"	"23"	"1"	"2"	"2026-07-09 17:38:34.036534"
"2026-06-02"	"3"	"Tuesday"	"False"	"2026"	"6"	"June"	"153"	"23"	"1"	"2"	"2026-07-09 17:38:34.036534"
"2026-06-03"	"4"	"Wednesday"	"False"	"2026"	"6"	"June"	"154"	"23"	"1"	"2"	"2026-07-09 17:38:34.036534"
"2026-06-04"	"5"	"Thursday"	"False"	"2026"	"6"	"June"	"155"	"23"	"1"	"2"	"2026-07-09 17:38:34.036534"
"2026-06-05"	"6"	"Friday"	"False"	"2026"	"6"	"June"	"156"	"23"	"1"	"2"	"2026-07-09 17:38:34.036534"
"2026-06-06"	"7"	"Saturday"	"True"	"2026"	"6"	"June"	"157"	"23"	"1"	"2"	"2026-07-09 17:38:34.036534"
"2026-06-07"	"1"	"Sunday"	"True"	"2026"	"6"	"June"	"158"	"24"	"2"	"2"	"2026-07-09 17:38:34.036534"
"2026-06-08"	"2"	"Monday"	"False"	"2026"	"6"	"June"	"159"	"24"	"2"	"2"	"2026-07-09 17:38:34.036534"
"2026-06-09"	"3"	"Tuesday"	"False"	"2026"	"6"	"June"	"160"	"24"	"2"	"2"	"2026-07-09 17:38:34.036534"
"2026-06-10"	"4"	"Wednesday"	"False"	"2026"	"6"	"June"	"161"	"24"	"2"	"2"	"2026-07-09 17:38:34.036534"
"2026-06-11"	"5"	"Thursday"	"False"	"2026"	"6"	"June"	"162"	"24"	"2"	"2"	"2026-07-09 17:38:34.036534"
"2026-06-12"	"6"	"Friday"	"False"	"2026"	"6"	"June"	"163"	"24"	"2"	"2"	"2026-07-09 17:38:34.036534"
"2026-06-13"	"7"	"Saturday"	"True"	"2026"	"6"	"June"	"164"	"24"	"2"	"2"	"2026-07-09 17:38:34.036534"
"2026-06-14"	"1"	"Sunday"	"True"	"2026"	"6"	"June"	"165"	"25"	"3"	"2"	"2026-07-09 17:38:34.036534"
"2026-06-15"	"2"	"Monday"	"False"	"2026"	"6"	"June"	"166"	"25"	"3"	"2"	"2026-07-09 17:38:34.036534"
"2026-06-16"	"3"	"Tuesday"	"False"	"2026"	"6"	"June"	"167"	"25"	"3"	"2"	"2026-07-09 17:38:34.036534"
"2026-06-17"	"4"	"Wednesday"	"False"	"2026"	"6"	"June"	"168"	"25"	"3"	"2"	"2026-07-09 17:38:34.036534"
"2026-06-18"	"5"	"Thursday"	"False"	"2026"	"6"	"June"	"169"	"25"	"3"	"2"	"2026-07-09 17:38:34.036534"
"2026-06-19"	"6"	"Friday"	"False"	"2026"	"6"	"June"	"170"	"25"	"3"	"2"	"2026-07-09 17:38:34.036534"
"2026-06-20"	"7"	"Saturday"	"True"	"2026"	"6"	"June"	"171"	"25"	"3"	"2"	"2026-07-09 17:38:34.036534"
"2026-06-21"	"1"	"Sunday"	"True"	"2026"	"6"	"June"	"172"	"26"	"4"	"2"	"2026-07-09 17:38:34.036534"
"2026-06-22"	"2"	"Monday"	"False"	"2026"	"6"	"June"	"173"	"26"	"4"	"2"	"2026-07-09 17:38:34.036534"
"2026-06-23"	"3"	"Tuesday"	"False"	"2026"	"6"	"June"	"174"	"26"	"4"	"2"	"2026-07-09 17:38:34.036534"
"2026-06-24"	"4"	"Wednesday"	"False"	"2026"	"6"	"June"	"175"	"26"	"4"	"2"	"2026-07-09 17:38:34.036534"
"2026-06-25"	"5"	"Thursday"	"False"	"2026"	"6"	"June"	"176"	"26"	"4"	"2"	"2026-07-09 17:38:34.036534"
"2026-06-26"	"6"	"Friday"	"False"	"2026"	"6"	"June"	"177"	"26"	"4"	"2"	"2026-07-09 17:38:34.036534"
"2026-06-27"	"7"	"Saturday"	"True"	"2026"	"6"	"June"	"178"	"26"	"4"	"2"	"2026-07-09 17:38:34.036534"
"2026-06-28"	"1"	"Sunday"	"True"	"2026"	"6"	"June"	"179"	"27"	"5"	"2"	"2026-07-09 17:38:34.036534"
"2026-06-29"	"2"	"Monday"	"False"	"2026"	"6"	"June"	"180"	"27"	"5"	"2"	"2026-07-09 17:38:34.036534"
"2026-06-30"	"3"	"Tuesday"	"False"	"2026"	"6"	"June"	"181"	"27"	"5"	"2"	"2026-07-09 17:38:34.036534"
"2026-07-01"	"4"	"Wednesday"	"False"	"2026"	"7"	"July"	"182"	"27"	"1"	"3"	"2026-07-09 17:38:34.036534"
"2026-07-02"	"5"	"Thursday"	"False"	"2026"	"7"	"July"	"183"	"27"	"1"	"3"	"2026-07-09 17:38:34.036534"
"2026-07-03"	"6"	"Friday"	"False"	"2026"	"7"	"July"	"184"	"27"	"1"	"3"	"2026-07-09 17:38:34.036534"
"2026-07-04"	"7"	"Saturday"	"True"	"2026"	"7"	"July"	"185"	"27"	"1"	"3"	"2026-07-09 17:38:34.036534"
"2026-07-05"	"1"	"Sunday"	"True"	"2026"	"7"	"July"	"186"	"28"	"2"	"3"	"2026-07-09 17:38:34.036534"
"2026-07-06"	"2"	"Monday"	"False"	"2026"	"7"	"July"	"187"	"28"	"2"	"3"	"2026-07-09 17:38:34.036534"
"2026-07-07"	"3"	"Tuesday"	"False"	"2026"	"7"	"July"	"188"	"28"	"2"	"3"	"2026-07-09 17:38:34.036534"
"2026-07-08"	"4"	"Wednesday"	"False"	"2026"	"7"	"July"	"189"	"28"	"2"	"3"	"2026-07-09 17:38:34.036534"
"2026-07-09"	"5"	"Thursday"	"False"	"2026"	"7"	"July"	"190"	"28"	"2"	"3"	"2026-07-09 17:38:34.036534"
"2026-07-10"	"6"	"Friday"	"False"	"2026"	"7"	"July"	"191"	"28"	"2"	"3"	"2026-07-09 17:38:34.036534"
"2026-07-11"	"7"	"Saturday"	"True"	"2026"	"7"	"July"	"192"	"28"	"2"	"3"	"2026-07-09 17:38:34.036534"
"2026-07-12"	"1"	"Sunday"	"True"	"2026"	"7"	"July"	"193"	"29"	"3"	"3"	"2026-07-09 17:38:34.036534"
"2026-07-13"	"2"	"Monday"	"False"	"2026"	"7"	"July"	"194"	"29"	"3"	"3"	"2026-07-09 17:38:34.036534"
"2026-07-14"	"3"	"Tuesday"	"False"	"2026"	"7"	"July"	"195"	"29"	"3"	"3"	"2026-07-09 17:38:34.036534"
"2026-07-15"	"4"	"Wednesday"	"False"	"2026"	"7"	"July"	"196"	"29"	"3"	"3"	"2026-07-09 17:38:34.036534"
"2026-07-16"	"5"	"Thursday"	"False"	"2026"	"7"	"July"	"197"	"29"	"3"	"3"	"2026-07-09 17:38:34.036534"
"2026-07-17"	"6"	"Friday"	"False"	"2026"	"7"	"July"	"198"	"29"	"3"	"3"	"2026-07-09 17:38:34.036534"
"2026-07-18"	"7"	"Saturday"	"True"	"2026"	"7"	"July"	"199"	"29"	"3"	"3"	"2026-07-09 17:38:34.036534"
"2026-07-19"	"1"	"Sunday"	"True"	"2026"	"7"	"July"	"200"	"30"	"4"	"3"	"2026-07-09 17:38:34.036534"
"2026-07-20"	"2"	"Monday"	"False"	"2026"	"7"	"July"	"201"	"30"	"4"	"3"	"2026-07-09 17:38:34.036534"
"2026-07-21"	"3"	"Tuesday"	"False"	"2026"	"7"	"July"	"202"	"30"	"4"	"3"	"2026-07-09 17:38:34.036534"
"2026-07-22"	"4"	"Wednesday"	"False"	"2026"	"7"	"July"	"203"	"30"	"4"	"3"	"2026-07-09 17:38:34.036534"
"2026-07-23"	"5"	"Thursday"	"False"	"2026"	"7"	"July"	"204"	"30"	"4"	"3"	"2026-07-09 17:38:34.036534"
"2026-07-24"	"6"	"Friday"	"False"	"2026"	"7"	"July"	"205"	"30"	"4"	"3"	"2026-07-09 17:38:34.036534"
"2026-07-25"	"7"	"Saturday"	"True"	"2026"	"7"	"July"	"206"	"30"	"4"	"3"	"2026-07-09 17:38:34.036534"
"2026-07-26"	"1"	"Sunday"	"True"	"2026"	"7"	"July"	"207"	"31"	"5"	"3"	"2026-07-09 17:38:34.036534"
"2026-07-27"	"2"	"Monday"	"False"	"2026"	"7"	"July"	"208"	"31"	"5"	"3"	"2026-07-09 17:38:34.036534"
"2026-07-28"	"3"	"Tuesday"	"False"	"2026"	"7"	"July"	"209"	"31"	"5"	"3"	"2026-07-09 17:38:34.036534"
"2026-07-29"	"4"	"Wednesday"	"False"	"2026"	"7"	"July"	"210"	"31"	"5"	"3"	"2026-07-09 17:38:34.036534"
"2026-07-30"	"5"	"Thursday"	"False"	"2026"	"7"	"July"	"211"	"31"	"5"	"3"	"2026-07-09 17:38:34.036534"
"2026-07-31"	"6"	"Friday"	"False"	"2026"	"7"	"July"	"212"	"31"	"5"	"3"	"2026-07-09 17:38:34.036534"
"2026-08-01"	"7"	"Saturday"	"True"	"2026"	"8"	"August"	"213"	"31"	"1"	"3"	"2026-07-09 17:38:34.036534"
"2026-08-02"	"1"	"Sunday"	"True"	"2026"	"8"	"August"	"214"	"32"	"2"	"3"	"2026-07-09 17:38:34.036534"
"2026-08-03"	"2"	"Monday"	"False"	"2026"	"8"	"August"	"215"	"32"	"2"	"3"	"2026-07-09 17:38:34.036534"
"2026-08-04"	"3"	"Tuesday"	"False"	"2026"	"8"	"August"	"216"	"32"	"2"	"3"	"2026-07-09 17:38:34.036534"
"2026-08-05"	"4"	"Wednesday"	"False"	"2026"	"8"	"August"	"217"	"32"	"2"	"3"	"2026-07-09 17:38:34.036534"
"2026-08-06"	"5"	"Thursday"	"False"	"2026"	"8"	"August"	"218"	"32"	"2"	"3"	"2026-07-09 17:38:34.036534"
"2026-08-07"	"6"	"Friday"	"False"	"2026"	"8"	"August"	"219"	"32"	"2"	"3"	"2026-07-09 17:38:34.036534"
"2026-08-08"	"7"	"Saturday"	"True"	"2026"	"8"	"August"	"220"	"32"	"2"	"3"	"2026-07-09 17:38:34.036534"
"2026-08-09"	"1"	"Sunday"	"True"	"2026"	"8"	"August"	"221"	"33"	"3"	"3"	"2026-07-09 17:38:34.036534"
"2026-08-10"	"2"	"Monday"	"False"	"2026"	"8"	"August"	"222"	"33"	"3"	"3"	"2026-07-09 17:38:34.036534"
"2026-08-11"	"3"	"Tuesday"	"False"	"2026"	"8"	"August"	"223"	"33"	"3"	"3"	"2026-07-09 17:38:34.036534"
"2026-08-12"	"4"	"Wednesday"	"False"	"2026"	"8"	"August"	"224"	"33"	"3"	"3"	"2026-07-09 17:38:34.036534"
"2026-08-13"	"5"	"Thursday"	"False"	"2026"	"8"	"August"	"225"	"33"	"3"	"3"	"2026-07-09 17:38:34.036534"
"2026-08-14"	"6"	"Friday"	"False"	"2026"	"8"	"August"	"226"	"33"	"3"	"3"	"2026-07-09 17:38:34.036534"
"2026-08-15"	"7"	"Saturday"	"True"	"2026"	"8"	"August"	"227"	"33"	"3"	"3"	"2026-07-09 17:38:34.036534"
"2026-08-16"	"1"	"Sunday"	"True"	"2026"	"8"	"August"	"228"	"34"	"4"	"3"	"2026-07-09 17:38:34.036534"
"2026-08-17"	"2"	"Monday"	"False"	"2026"	"8"	"August"	"229"	"34"	"4"	"3"	"2026-07-09 17:38:34.036534"
"2026-08-18"	"3"	"Tuesday"	"False"	"2026"	"8"	"August"	"230"	"34"	"4"	"3"	"2026-07-09 17:38:34.036534"
"2026-08-19"	"4"	"Wednesday"	"False"	"2026"	"8"	"August"	"231"	"34"	"4"	"3"	"2026-07-09 17:38:34.036534"
"2026-08-20"	"5"	"Thursday"	"False"	"2026"	"8"	"August"	"232"	"34"	"4"	"3"	"2026-07-09 17:38:34.036534"
"2026-08-21"	"6"	"Friday"	"False"	"2026"	"8"	"August"	"233"	"34"	"4"	"3"	"2026-07-09 17:38:34.036534"
"2026-08-22"	"7"	"Saturday"	"True"	"2026"	"8"	"August"	"234"	"34"	"4"	"3"	"2026-07-09 17:38:34.036534"
"2026-08-23"	"1"	"Sunday"	"True"	"2026"	"8"	"August"	"235"	"35"	"5"	"3"	"2026-07-09 17:38:34.036534"
"2026-08-24"	"2"	"Monday"	"False"	"2026"	"8"	"August"	"236"	"35"	"5"	"3"	"2026-07-09 17:38:34.036534"
"2026-08-25"	"3"	"Tuesday"	"False"	"2026"	"8"	"August"	"237"	"35"	"5"	"3"	"2026-07-09 17:38:34.036534"
"2026-08-26"	"4"	"Wednesday"	"False"	"2026"	"8"	"August"	"238"	"35"	"5"	"3"	"2026-07-09 17:38:34.036534"
"2026-08-27"	"5"	"Thursday"	"False"	"2026"	"8"	"August"	"239"	"35"	"5"	"3"	"2026-07-09 17:38:34.036534"
"2026-08-28"	"6"	"Friday"	"False"	"2026"	"8"	"August"	"240"	"35"	"5"	"3"	"2026-07-09 17:38:34.036534"
"2026-08-29"	"7"	"Saturday"	"True"	"2026"	"8"	"August"	"241"	"35"	"5"	"3"	"2026-07-09 17:38:34.036534"
"2026-08-30"	"1"	"Sunday"	"True"	"2026"	"8"	"August"	"242"	"36"	"6"	"3"	"2026-07-09 17:38:34.036534"
"2026-08-31"	"2"	"Monday"	"False"	"2026"	"8"	"August"	"243"	"36"	"6"	"3"	"2026-07-09 17:38:34.036534"
"2026-09-01"	"3"	"Tuesday"	"False"	"2026"	"9"	"September"	"244"	"36"	"1"	"3"	"2026-07-09 17:38:34.036534"
"2026-09-02"	"4"	"Wednesday"	"False"	"2026"	"9"	"September"	"245"	"36"	"1"	"3"	"2026-07-09 17:38:34.036534"
"2026-09-03"	"5"	"Thursday"	"False"	"2026"	"9"	"September"	"246"	"36"	"1"	"3"	"2026-07-09 17:38:34.036534"
"2026-09-04"	"6"	"Friday"	"False"	"2026"	"9"	"September"	"247"	"36"	"1"	"3"	"2026-07-09 17:38:34.036534"
"2026-09-05"	"7"	"Saturday"	"True"	"2026"	"9"	"September"	"248"	"36"	"1"	"3"	"2026-07-09 17:38:34.036534"
"2026-09-06"	"1"	"Sunday"	"True"	"2026"	"9"	"September"	"249"	"37"	"2"	"3"	"2026-07-09 17:38:34.036534"
"2026-09-07"	"2"	"Monday"	"False"	"2026"	"9"	"September"	"250"	"37"	"2"	"3"	"2026-07-09 17:38:34.036534"
"2026-09-08"	"3"	"Tuesday"	"False"	"2026"	"9"	"September"	"251"	"37"	"2"	"3"	"2026-07-09 17:38:34.036534"
"2026-09-09"	"4"	"Wednesday"	"False"	"2026"	"9"	"September"	"252"	"37"	"2"	"3"	"2026-07-09 17:38:34.036534"
"2026-09-10"	"5"	"Thursday"	"False"	"2026"	"9"	"September"	"253"	"37"	"2"	"3"	"2026-07-09 17:38:34.036534"
"2026-09-11"	"6"	"Friday"	"False"	"2026"	"9"	"September"	"254"	"37"	"2"	"3"	"2026-07-09 17:38:34.036534"
"2026-09-12"	"7"	"Saturday"	"True"	"2026"	"9"	"September"	"255"	"37"	"2"	"3"	"2026-07-09 17:38:34.036534"
"2026-09-13"	"1"	"Sunday"	"True"	"2026"	"9"	"September"	"256"	"38"	"3"	"3"	"2026-07-09 17:38:34.036534"
"2026-09-14"	"2"	"Monday"	"False"	"2026"	"9"	"September"	"257"	"38"	"3"	"3"	"2026-07-09 17:38:34.036534"
"2026-09-15"	"3"	"Tuesday"	"False"	"2026"	"9"	"September"	"258"	"38"	"3"	"3"	"2026-07-09 17:38:34.036534"
"2026-09-16"	"4"	"Wednesday"	"False"	"2026"	"9"	"September"	"259"	"38"	"3"	"3"	"2026-07-09 17:38:34.036534"
"2026-09-17"	"5"	"Thursday"	"False"	"2026"	"9"	"September"	"260"	"38"	"3"	"3"	"2026-07-09 17:38:34.036534"
"2026-09-18"	"6"	"Friday"	"False"	"2026"	"9"	"September"	"261"	"38"	"3"	"3"	"2026-07-09 17:38:34.036534"
"2026-09-19"	"7"	"Saturday"	"True"	"2026"	"9"	"September"	"262"	"38"	"3"	"3"	"2026-07-09 17:38:34.036534"
"2026-09-20"	"1"	"Sunday"	"True"	"2026"	"9"	"September"	"263"	"39"	"4"	"3"	"2026-07-09 17:38:34.036534"
"2026-09-21"	"2"	"Monday"	"False"	"2026"	"9"	"September"	"264"	"39"	"4"	"3"	"2026-07-09 17:38:34.036534"
"2026-09-22"	"3"	"Tuesday"	"False"	"2026"	"9"	"September"	"265"	"39"	"4"	"3"	"2026-07-09 17:38:34.036534"
"2026-09-23"	"4"	"Wednesday"	"False"	"2026"	"9"	"September"	"266"	"39"	"4"	"3"	"2026-07-09 17:38:34.036534"
"2026-09-24"	"5"	"Thursday"	"False"	"2026"	"9"	"September"	"267"	"39"	"4"	"3"	"2026-07-09 17:38:34.036534"
"2026-09-25"	"6"	"Friday"	"False"	"2026"	"9"	"September"	"268"	"39"	"4"	"3"	"2026-07-09 17:38:34.036534"
"2026-09-26"	"7"	"Saturday"	"True"	"2026"	"9"	"September"	"269"	"39"	"4"	"3"	"2026-07-09 17:38:34.036534"
"2026-09-27"	"1"	"Sunday"	"True"	"2026"	"9"	"September"	"270"	"40"	"5"	"3"	"2026-07-09 17:38:34.036534"
"2026-09-28"	"2"	"Monday"	"False"	"2026"	"9"	"September"	"271"	"40"	"5"	"3"	"2026-07-09 17:38:34.036534"
"2026-09-29"	"3"	"Tuesday"	"False"	"2026"	"9"	"September"	"272"	"40"	"5"	"3"	"2026-07-09 17:38:34.036534"
"2026-09-30"	"4"	"Wednesday"	"False"	"2026"	"9"	"September"	"273"	"40"	"5"	"3"	"2026-07-09 17:38:34.036534"
"2026-10-01"	"5"	"Thursday"	"False"	"2026"	"10"	"October"	"274"	"40"	"1"	"4"	"2026-07-09 17:38:34.036534"
"2026-10-02"	"6"	"Friday"	"False"	"2026"	"10"	"October"	"275"	"40"	"1"	"4"	"2026-07-09 17:38:34.036534"
"2026-10-03"	"7"	"Saturday"	"True"	"2026"	"10"	"October"	"276"	"40"	"1"	"4"	"2026-07-09 17:38:34.036534"
"2026-10-04"	"1"	"Sunday"	"True"	"2026"	"10"	"October"	"277"	"41"	"2"	"4"	"2026-07-09 17:38:34.036534"
"2026-10-05"	"2"	"Monday"	"False"	"2026"	"10"	"October"	"278"	"41"	"2"	"4"	"2026-07-09 17:38:34.036534"
"2026-10-06"	"3"	"Tuesday"	"False"	"2026"	"10"	"October"	"279"	"41"	"2"	"4"	"2026-07-09 17:38:34.036534"
"2026-10-07"	"4"	"Wednesday"	"False"	"2026"	"10"	"October"	"280"	"41"	"2"	"4"	"2026-07-09 17:38:34.036534"
"2026-10-08"	"5"	"Thursday"	"False"	"2026"	"10"	"October"	"281"	"41"	"2"	"4"	"2026-07-09 17:38:34.036534"
"2026-10-09"	"6"	"Friday"	"False"	"2026"	"10"	"October"	"282"	"41"	"2"	"4"	"2026-07-09 17:38:34.036534"
"2026-10-10"	"7"	"Saturday"	"True"	"2026"	"10"	"October"	"283"	"41"	"2"	"4"	"2026-07-09 17:38:34.036534"
"2026-10-11"	"1"	"Sunday"	"True"	"2026"	"10"	"October"	"284"	"42"	"3"	"4"	"2026-07-09 17:38:34.036534"
"2026-10-12"	"2"	"Monday"	"False"	"2026"	"10"	"October"	"285"	"42"	"3"	"4"	"2026-07-09 17:38:34.036534"
"2026-10-13"	"3"	"Tuesday"	"False"	"2026"	"10"	"October"	"286"	"42"	"3"	"4"	"2026-07-09 17:38:34.036534"
"2026-10-14"	"4"	"Wednesday"	"False"	"2026"	"10"	"October"	"287"	"42"	"3"	"4"	"2026-07-09 17:38:34.036534"
"2026-10-15"	"5"	"Thursday"	"False"	"2026"	"10"	"October"	"288"	"42"	"3"	"4"	"2026-07-09 17:38:34.036534"
"2026-10-16"	"6"	"Friday"	"False"	"2026"	"10"	"October"	"289"	"42"	"3"	"4"	"2026-07-09 17:38:34.036534"
"2026-10-17"	"7"	"Saturday"	"True"	"2026"	"10"	"October"	"290"	"42"	"3"	"4"	"2026-07-09 17:38:34.036534"
"2026-10-18"	"1"	"Sunday"	"True"	"2026"	"10"	"October"	"291"	"43"	"4"	"4"	"2026-07-09 17:38:34.036534"
"2026-10-19"	"2"	"Monday"	"False"	"2026"	"10"	"October"	"292"	"43"	"4"	"4"	"2026-07-09 17:38:34.036534"
"2026-10-20"	"3"	"Tuesday"	"False"	"2026"	"10"	"October"	"293"	"43"	"4"	"4"	"2026-07-09 17:38:34.036534"
"2026-10-21"	"4"	"Wednesday"	"False"	"2026"	"10"	"October"	"294"	"43"	"4"	"4"	"2026-07-09 17:38:34.036534"
"2026-10-22"	"5"	"Thursday"	"False"	"2026"	"10"	"October"	"295"	"43"	"4"	"4"	"2026-07-09 17:38:34.036534"
"2026-10-23"	"6"	"Friday"	"False"	"2026"	"10"	"October"	"296"	"43"	"4"	"4"	"2026-07-09 17:38:34.036534"
"2026-10-24"	"7"	"Saturday"	"True"	"2026"	"10"	"October"	"297"	"43"	"4"	"4"	"2026-07-09 17:38:34.036534"
"2026-10-25"	"1"	"Sunday"	"True"	"2026"	"10"	"October"	"298"	"44"	"5"	"4"	"2026-07-09 17:38:34.036534"
"2026-10-26"	"2"	"Monday"	"False"	"2026"	"10"	"October"	"299"	"44"	"5"	"4"	"2026-07-09 17:38:34.036534"
"2026-10-27"	"3"	"Tuesday"	"False"	"2026"	"10"	"October"	"300"	"44"	"5"	"4"	"2026-07-09 17:38:34.036534"
"2026-10-28"	"4"	"Wednesday"	"False"	"2026"	"10"	"October"	"301"	"44"	"5"	"4"	"2026-07-09 17:38:34.036534"
"2026-10-29"	"5"	"Thursday"	"False"	"2026"	"10"	"October"	"302"	"44"	"5"	"4"	"2026-07-09 17:38:34.036534"
"2026-10-30"	"6"	"Friday"	"False"	"2026"	"10"	"October"	"303"	"44"	"5"	"4"	"2026-07-09 17:38:34.036534"
"2026-10-31"	"7"	"Saturday"	"True"	"2026"	"10"	"October"	"304"	"44"	"5"	"4"	"2026-07-09 17:38:34.036534"
"2026-11-01"	"1"	"Sunday"	"True"	"2026"	"11"	"November"	"305"	"45"	"1"	"4"	"2026-07-09 17:38:34.036534"
"2026-11-02"	"2"	"Monday"	"False"	"2026"	"11"	"November"	"306"	"45"	"1"	"4"	"2026-07-09 17:38:34.036534"
"2026-11-03"	"3"	"Tuesday"	"False"	"2026"	"11"	"November"	"307"	"45"	"1"	"4"	"2026-07-09 17:38:34.036534"
"2026-11-04"	"4"	"Wednesday"	"False"	"2026"	"11"	"November"	"308"	"45"	"1"	"4"	"2026-07-09 17:38:34.036534"
"2026-11-05"	"5"	"Thursday"	"False"	"2026"	"11"	"November"	"309"	"45"	"1"	"4"	"2026-07-09 17:38:34.036534"
"2026-11-06"	"6"	"Friday"	"False"	"2026"	"11"	"November"	"310"	"45"	"1"	"4"	"2026-07-09 17:38:34.036534"
"2026-11-07"	"7"	"Saturday"	"True"	"2026"	"11"	"November"	"311"	"45"	"1"	"4"	"2026-07-09 17:38:34.036534"
"2026-11-08"	"1"	"Sunday"	"True"	"2026"	"11"	"November"	"312"	"46"	"2"	"4"	"2026-07-09 17:38:34.036534"
"2026-11-09"	"2"	"Monday"	"False"	"2026"	"11"	"November"	"313"	"46"	"2"	"4"	"2026-07-09 17:38:34.036534"
"2026-11-10"	"3"	"Tuesday"	"False"	"2026"	"11"	"November"	"314"	"46"	"2"	"4"	"2026-07-09 17:38:34.036534"
"2026-11-11"	"4"	"Wednesday"	"False"	"2026"	"11"	"November"	"315"	"46"	"2"	"4"	"2026-07-09 17:38:34.036534"
"2026-11-12"	"5"	"Thursday"	"False"	"2026"	"11"	"November"	"316"	"46"	"2"	"4"	"2026-07-09 17:38:34.036534"
"2026-11-13"	"6"	"Friday"	"False"	"2026"	"11"	"November"	"317"	"46"	"2"	"4"	"2026-07-09 17:38:34.036534"
"2026-11-14"	"7"	"Saturday"	"True"	"2026"	"11"	"November"	"318"	"46"	"2"	"4"	"2026-07-09 17:38:34.036534"
"2026-11-15"	"1"	"Sunday"	"True"	"2026"	"11"	"November"	"319"	"47"	"3"	"4"	"2026-07-09 17:38:34.036534"
"2026-11-16"	"2"	"Monday"	"False"	"2026"	"11"	"November"	"320"	"47"	"3"	"4"	"2026-07-09 17:38:34.036534"
"2026-11-17"	"3"	"Tuesday"	"False"	"2026"	"11"	"November"	"321"	"47"	"3"	"4"	"2026-07-09 17:38:34.036534"
"2026-11-18"	"4"	"Wednesday"	"False"	"2026"	"11"	"November"	"322"	"47"	"3"	"4"	"2026-07-09 17:38:34.036534"
"2026-11-19"	"5"	"Thursday"	"False"	"2026"	"11"	"November"	"323"	"47"	"3"	"4"	"2026-07-09 17:38:34.036534"
"2026-11-20"	"6"	"Friday"	"False"	"2026"	"11"	"November"	"324"	"47"	"3"	"4"	"2026-07-09 17:38:34.036534"
"2026-11-21"	"7"	"Saturday"	"True"	"2026"	"11"	"November"	"325"	"47"	"3"	"4"	"2026-07-09 17:38:34.036534"
"2026-11-22"	"1"	"Sunday"	"True"	"2026"	"11"	"November"	"326"	"48"	"4"	"4"	"2026-07-09 17:38:34.036534"
"2026-11-23"	"2"	"Monday"	"False"	"2026"	"11"	"November"	"327"	"48"	"4"	"4"	"2026-07-09 17:38:34.036534"
"2026-11-24"	"3"	"Tuesday"	"False"	"2026"	"11"	"November"	"328"	"48"	"4"	"4"	"2026-07-09 17:38:34.036534"
"2026-11-25"	"4"	"Wednesday"	"False"	"2026"	"11"	"November"	"329"	"48"	"4"	"4"	"2026-07-09 17:38:34.036534"
"2026-11-26"	"5"	"Thursday"	"False"	"2026"	"11"	"November"	"330"	"48"	"4"	"4"	"2026-07-09 17:38:34.036534"
"2026-11-27"	"6"	"Friday"	"False"	"2026"	"11"	"November"	"331"	"48"	"4"	"4"	"2026-07-09 17:38:34.036534"
"2026-11-28"	"7"	"Saturday"	"True"	"2026"	"11"	"November"	"332"	"48"	"4"	"4"	"2026-07-09 17:38:34.036534"
"2026-11-29"	"1"	"Sunday"	"True"	"2026"	"11"	"November"	"333"	"49"	"5"	"4"	"2026-07-09 17:38:34.036534"
"2026-11-30"	"2"	"Monday"	"False"	"2026"	"11"	"November"	"334"	"49"	"5"	"4"	"2026-07-09 17:38:34.036534"
"2026-12-01"	"3"	"Tuesday"	"False"	"2026"	"12"	"December"	"335"	"49"	"1"	"4"	"2026-07-09 17:38:34.036534"
"2026-12-02"	"4"	"Wednesday"	"False"	"2026"	"12"	"December"	"336"	"49"	"1"	"4"	"2026-07-09 17:38:34.036534"
"2026-12-03"	"5"	"Thursday"	"False"	"2026"	"12"	"December"	"337"	"49"	"1"	"4"	"2026-07-09 17:38:34.036534"
"2026-12-04"	"6"	"Friday"	"False"	"2026"	"12"	"December"	"338"	"49"	"1"	"4"	"2026-07-09 17:38:34.036534"
"2026-12-05"	"7"	"Saturday"	"True"	"2026"	"12"	"December"	"339"	"49"	"1"	"4"	"2026-07-09 17:38:34.036534"
"2026-12-06"	"1"	"Sunday"	"True"	"2026"	"12"	"December"	"340"	"50"	"2"	"4"	"2026-07-09 17:38:34.036534"
"2026-12-07"	"2"	"Monday"	"False"	"2026"	"12"	"December"	"341"	"50"	"2"	"4"	"2026-07-09 17:38:34.036534"
"2026-12-08"	"3"	"Tuesday"	"False"	"2026"	"12"	"December"	"342"	"50"	"2"	"4"	"2026-07-09 17:38:34.036534"
"2026-12-09"	"4"	"Wednesday"	"False"	"2026"	"12"	"December"	"343"	"50"	"2"	"4"	"2026-07-09 17:38:34.036534"
"2026-12-10"	"5"	"Thursday"	"False"	"2026"	"12"	"December"	"344"	"50"	"2"	"4"	"2026-07-09 17:38:34.036534"
"2026-12-11"	"6"	"Friday"	"False"	"2026"	"12"	"December"	"345"	"50"	"2"	"4"	"2026-07-09 17:38:34.036534"
"2026-12-12"	"7"	"Saturday"	"True"	"2026"	"12"	"December"	"346"	"50"	"2"	"4"	"2026-07-09 17:38:34.036534"
"2026-12-13"	"1"	"Sunday"	"True"	"2026"	"12"	"December"	"347"	"51"	"3"	"4"	"2026-07-09 17:38:34.036534"
"2026-12-14"	"2"	"Monday"	"False"	"2026"	"12"	"December"	"348"	"51"	"3"	"4"	"2026-07-09 17:38:34.036534"
"2026-12-15"	"3"	"Tuesday"	"False"	"2026"	"12"	"December"	"349"	"51"	"3"	"4"	"2026-07-09 17:38:34.036534"
"2026-12-16"	"4"	"Wednesday"	"False"	"2026"	"12"	"December"	"350"	"51"	"3"	"4"	"2026-07-09 17:38:34.036534"
"2026-12-17"	"5"	"Thursday"	"False"	"2026"	"12"	"December"	"351"	"51"	"3"	"4"	"2026-07-09 17:38:34.036534"
"2026-12-18"	"6"	"Friday"	"False"	"2026"	"12"	"December"	"352"	"51"	"3"	"4"	"2026-07-09 17:38:34.036534"
"2026-12-19"	"7"	"Saturday"	"True"	"2026"	"12"	"December"	"353"	"51"	"3"	"4"	"2026-07-09 17:38:34.036534"
"2026-12-20"	"1"	"Sunday"	"True"	"2026"	"12"	"December"	"354"	"52"	"4"	"4"	"2026-07-09 17:38:34.036534"
"2026-12-21"	"2"	"Monday"	"False"	"2026"	"12"	"December"	"355"	"52"	"4"	"4"	"2026-07-09 17:38:34.036534"
"2026-12-22"	"3"	"Tuesday"	"False"	"2026"	"12"	"December"	"356"	"52"	"4"	"4"	"2026-07-09 17:38:34.036534"
"2026-12-23"	"4"	"Wednesday"	"False"	"2026"	"12"	"December"	"357"	"52"	"4"	"4"	"2026-07-09 17:38:34.036534"
"2026-12-24"	"5"	"Thursday"	"False"	"2026"	"12"	"December"	"358"	"52"	"4"	"4"	"2026-07-09 17:38:34.036534"
"2026-12-25"	"6"	"Friday"	"False"	"2026"	"12"	"December"	"359"	"52"	"4"	"4"	"2026-07-09 17:38:34.036534"
"2026-12-26"	"7"	"Saturday"	"True"	"2026"	"12"	"December"	"360"	"52"	"4"	"4"	"2026-07-09 17:38:34.036534"
"2026-12-27"	"1"	"Sunday"	"True"	"2026"	"12"	"December"	"361"	"1"	"5"	"4"	"2026-07-09 17:38:34.036534"
"2026-12-28"	"2"	"Monday"	"False"	"2026"	"12"	"December"	"362"	"1"	"5"	"4"	"2026-07-09 17:38:34.036534"
"2026-12-29"	"3"	"Tuesday"	"False"	"2026"	"12"	"December"	"363"	"1"	"5"	"4"	"2026-07-09 17:38:34.036534"
"2026-12-30"	"4"	"Wednesday"	"False"	"2026"	"12"	"December"	"364"	"1"	"5"	"4"	"2026-07-09 17:38:34.036534"
"2026-12-31"	"5"	"Thursday"	"False"	"2026"	"12"	"December"	"365"	"1"	"5"	"4"	"2026-07-09 17:38:34.036534"
"2027-01-01"	"6"	"Friday"	"False"	"2027"	"1"	"January"	"1"	"1"	"1"	"1"	"2026-07-09 17:38:34.036534"
"2027-01-02"	"7"	"Saturday"	"True"	"2027"	"1"	"January"	"2"	"1"	"1"	"1"	"2026-07-09 17:38:34.036534"
"2027-01-03"	"1"	"Sunday"	"True"	"2027"	"1"	"January"	"3"	"2"	"2"	"1"	"2026-07-09 17:38:34.036534"
"2027-01-04"	"2"	"Monday"	"False"	"2027"	"1"	"January"	"4"	"2"	"2"	"1"	"2026-07-09 17:38:34.036534"
"2027-01-05"	"3"	"Tuesday"	"False"	"2027"	"1"	"January"	"5"	"2"	"2"	"1"	"2026-07-09 17:38:34.036534"
"2027-01-06"	"4"	"Wednesday"	"False"	"2027"	"1"	"January"	"6"	"2"	"2"	"1"	"2026-07-09 17:38:34.036534"
"2027-01-07"	"5"	"Thursday"	"False"	"2027"	"1"	"January"	"7"	"2"	"2"	"1"	"2026-07-09 17:38:34.036534"
"2027-01-08"	"6"	"Friday"	"False"	"2027"	"1"	"January"	"8"	"2"	"2"	"1"	"2026-07-09 17:38:34.036534"
"2027-01-09"	"7"	"Saturday"	"True"	"2027"	"1"	"January"	"9"	"2"	"2"	"1"	"2026-07-09 17:38:34.036534"
"2027-01-10"	"1"	"Sunday"	"True"	"2027"	"1"	"January"	"10"	"3"	"3"	"1"	"2026-07-09 17:38:34.036534"
"2027-01-11"	"2"	"Monday"	"False"	"2027"	"1"	"January"	"11"	"3"	"3"	"1"	"2026-07-09 17:38:34.036534"
"2027-01-12"	"3"	"Tuesday"	"False"	"2027"	"1"	"January"	"12"	"3"	"3"	"1"	"2026-07-09 17:38:34.036534"
"2027-01-13"	"4"	"Wednesday"	"False"	"2027"	"1"	"January"	"13"	"3"	"3"	"1"	"2026-07-09 17:38:34.036534"
"2027-01-14"	"5"	"Thursday"	"False"	"2027"	"1"	"January"	"14"	"3"	"3"	"1"	"2026-07-09 17:38:34.036534"
"2027-01-15"	"6"	"Friday"	"False"	"2027"	"1"	"January"	"15"	"3"	"3"	"1"	"2026-07-09 17:38:34.036534"
"2027-01-16"	"7"	"Saturday"	"True"	"2027"	"1"	"January"	"16"	"3"	"3"	"1"	"2026-07-09 17:38:34.036534"
"2027-01-17"	"1"	"Sunday"	"True"	"2027"	"1"	"January"	"17"	"4"	"4"	"1"	"2026-07-09 17:38:34.036534"
"2027-01-18"	"2"	"Monday"	"False"	"2027"	"1"	"January"	"18"	"4"	"4"	"1"	"2026-07-09 17:38:34.036534"
"2027-01-19"	"3"	"Tuesday"	"False"	"2027"	"1"	"January"	"19"	"4"	"4"	"1"	"2026-07-09 17:38:34.036534"
"2027-01-20"	"4"	"Wednesday"	"False"	"2027"	"1"	"January"	"20"	"4"	"4"	"1"	"2026-07-09 17:38:34.036534"
"2027-01-21"	"5"	"Thursday"	"False"	"2027"	"1"	"January"	"21"	"4"	"4"	"1"	"2026-07-09 17:38:34.036534"
"2027-01-22"	"6"	"Friday"	"False"	"2027"	"1"	"January"	"22"	"4"	"4"	"1"	"2026-07-09 17:38:34.036534"
"2027-01-23"	"7"	"Saturday"	"True"	"2027"	"1"	"January"	"23"	"4"	"4"	"1"	"2026-07-09 17:38:34.036534"
"2027-01-24"	"1"	"Sunday"	"True"	"2027"	"1"	"January"	"24"	"5"	"5"	"1"	"2026-07-09 17:38:34.036534"
"2027-01-25"	"2"	"Monday"	"False"	"2027"	"1"	"January"	"25"	"5"	"5"	"1"	"2026-07-09 17:38:34.036534"
"2027-01-26"	"3"	"Tuesday"	"False"	"2027"	"1"	"January"	"26"	"5"	"5"	"1"	"2026-07-09 17:38:34.036534"
"2027-01-27"	"4"	"Wednesday"	"False"	"2027"	"1"	"January"	"27"	"5"	"5"	"1"	"2026-07-09 17:38:34.036534"
"2027-01-28"	"5"	"Thursday"	"False"	"2027"	"1"	"January"	"28"	"5"	"5"	"1"	"2026-07-09 17:38:34.036534"
"2027-01-29"	"6"	"Friday"	"False"	"2027"	"1"	"January"	"29"	"5"	"5"	"1"	"2026-07-09 17:38:34.036534"
"2027-01-30"	"7"	"Saturday"	"True"	"2027"	"1"	"January"	"30"	"5"	"5"	"1"	"2026-07-09 17:38:34.036534"
"2027-01-31"	"1"	"Sunday"	"True"	"2027"	"1"	"January"	"31"	"6"	"6"	"1"	"2026-07-09 17:38:34.036534"
"2027-02-01"	"2"	"Monday"	"False"	"2027"	"2"	"February"	"32"	"6"	"1"	"1"	"2026-07-09 17:38:34.036534"
"2027-02-02"	"3"	"Tuesday"	"False"	"2027"	"2"	"February"	"33"	"6"	"1"	"1"	"2026-07-09 17:38:34.036534"
"2027-02-03"	"4"	"Wednesday"	"False"	"2027"	"2"	"February"	"34"	"6"	"1"	"1"	"2026-07-09 17:38:34.036534"
"2027-02-04"	"5"	"Thursday"	"False"	"2027"	"2"	"February"	"35"	"6"	"1"	"1"	"2026-07-09 17:38:34.036534"
"2027-02-05"	"6"	"Friday"	"False"	"2027"	"2"	"February"	"36"	"6"	"1"	"1"	"2026-07-09 17:38:34.036534"
"2027-02-06"	"7"	"Saturday"	"True"	"2027"	"2"	"February"	"37"	"6"	"1"	"1"	"2026-07-09 17:38:34.036534"
"2027-02-07"	"1"	"Sunday"	"True"	"2027"	"2"	"February"	"38"	"7"	"2"	"1"	"2026-07-09 17:38:34.036534"
"2027-02-08"	"2"	"Monday"	"False"	"2027"	"2"	"February"	"39"	"7"	"2"	"1"	"2026-07-09 17:38:34.036534"
"2027-02-09"	"3"	"Tuesday"	"False"	"2027"	"2"	"February"	"40"	"7"	"2"	"1"	"2026-07-09 17:38:34.036534"
"2027-02-10"	"4"	"Wednesday"	"False"	"2027"	"2"	"February"	"41"	"7"	"2"	"1"	"2026-07-09 17:38:34.036534"
"2027-02-11"	"5"	"Thursday"	"False"	"2027"	"2"	"February"	"42"	"7"	"2"	"1"	"2026-07-09 17:38:34.036534"
"2027-02-12"	"6"	"Friday"	"False"	"2027"	"2"	"February"	"43"	"7"	"2"	"1"	"2026-07-09 17:38:34.036534"
"2027-02-13"	"7"	"Saturday"	"True"	"2027"	"2"	"February"	"44"	"7"	"2"	"1"	"2026-07-09 17:38:34.036534"
"2027-02-14"	"1"	"Sunday"	"True"	"2027"	"2"	"February"	"45"	"8"	"3"	"1"	"2026-07-09 17:38:34.036534"
"2027-02-15"	"2"	"Monday"	"False"	"2027"	"2"	"February"	"46"	"8"	"3"	"1"	"2026-07-09 17:38:34.036534"
"2027-02-16"	"3"	"Tuesday"	"False"	"2027"	"2"	"February"	"47"	"8"	"3"	"1"	"2026-07-09 17:38:34.036534"
"2027-02-17"	"4"	"Wednesday"	"False"	"2027"	"2"	"February"	"48"	"8"	"3"	"1"	"2026-07-09 17:38:34.036534"
"2027-02-18"	"5"	"Thursday"	"False"	"2027"	"2"	"February"	"49"	"8"	"3"	"1"	"2026-07-09 17:38:34.036534"
"2027-02-19"	"6"	"Friday"	"False"	"2027"	"2"	"February"	"50"	"8"	"3"	"1"	"2026-07-09 17:38:34.036534"
"2027-02-20"	"7"	"Saturday"	"True"	"2027"	"2"	"February"	"51"	"8"	"3"	"1"	"2026-07-09 17:38:34.036534"
"2027-02-21"	"1"	"Sunday"	"True"	"2027"	"2"	"February"	"52"	"9"	"4"	"1"	"2026-07-09 17:38:34.036534"
"2027-02-22"	"2"	"Monday"	"False"	"2027"	"2"	"February"	"53"	"9"	"4"	"1"	"2026-07-09 17:38:34.036534"
"2027-02-23"	"3"	"Tuesday"	"False"	"2027"	"2"	"February"	"54"	"9"	"4"	"1"	"2026-07-09 17:38:34.036534"
"2027-02-24"	"4"	"Wednesday"	"False"	"2027"	"2"	"February"	"55"	"9"	"4"	"1"	"2026-07-09 17:38:34.036534"
"2027-02-25"	"5"	"Thursday"	"False"	"2027"	"2"	"February"	"56"	"9"	"4"	"1"	"2026-07-09 17:38:34.036534"
"2027-02-26"	"6"	"Friday"	"False"	"2027"	"2"	"February"	"57"	"9"	"4"	"1"	"2026-07-09 17:38:34.036534"
"2027-02-27"	"7"	"Saturday"	"True"	"2027"	"2"	"February"	"58"	"9"	"4"	"1"	"2026-07-09 17:38:34.036534"
"2027-02-28"	"1"	"Sunday"	"True"	"2027"	"2"	"February"	"59"	"10"	"5"	"1"	"2026-07-09 17:38:34.036534"
"2027-03-01"	"2"	"Monday"	"False"	"2027"	"3"	"March"	"60"	"10"	"1"	"1"	"2026-07-09 17:38:34.036534"
"2027-03-02"	"3"	"Tuesday"	"False"	"2027"	"3"	"March"	"61"	"10"	"1"	"1"	"2026-07-09 17:38:34.036534"
"2027-03-03"	"4"	"Wednesday"	"False"	"2027"	"3"	"March"	"62"	"10"	"1"	"1"	"2026-07-09 17:38:34.036534"
"2027-03-04"	"5"	"Thursday"	"False"	"2027"	"3"	"March"	"63"	"10"	"1"	"1"	"2026-07-09 17:38:34.036534"
"2027-03-05"	"6"	"Friday"	"False"	"2027"	"3"	"March"	"64"	"10"	"1"	"1"	"2026-07-09 17:38:34.036534"
"2027-03-06"	"7"	"Saturday"	"True"	"2027"	"3"	"March"	"65"	"10"	"1"	"1"	"2026-07-09 17:38:34.036534"
"2027-03-07"	"1"	"Sunday"	"True"	"2027"	"3"	"March"	"66"	"11"	"2"	"1"	"2026-07-09 17:38:34.036534"
"2027-03-08"	"2"	"Monday"	"False"	"2027"	"3"	"March"	"67"	"11"	"2"	"1"	"2026-07-09 17:38:34.036534"
"2027-03-09"	"3"	"Tuesday"	"False"	"2027"	"3"	"March"	"68"	"11"	"2"	"1"	"2026-07-09 17:38:34.036534"
"2027-03-10"	"4"	"Wednesday"	"False"	"2027"	"3"	"March"	"69"	"11"	"2"	"1"	"2026-07-09 17:38:34.036534"
"2027-03-11"	"5"	"Thursday"	"False"	"2027"	"3"	"March"	"70"	"11"	"2"	"1"	"2026-07-09 17:38:34.036534"
"2027-03-12"	"6"	"Friday"	"False"	"2027"	"3"	"March"	"71"	"11"	"2"	"1"	"2026-07-09 17:38:34.036534"
"2027-03-13"	"7"	"Saturday"	"True"	"2027"	"3"	"March"	"72"	"11"	"2"	"1"	"2026-07-09 17:38:34.036534"
"2027-03-14"	"1"	"Sunday"	"True"	"2027"	"3"	"March"	"73"	"12"	"3"	"1"	"2026-07-09 17:38:34.036534"
"2027-03-15"	"2"	"Monday"	"False"	"2027"	"3"	"March"	"74"	"12"	"3"	"1"	"2026-07-09 17:38:34.036534"
"2027-03-16"	"3"	"Tuesday"	"False"	"2027"	"3"	"March"	"75"	"12"	"3"	"1"	"2026-07-09 17:38:34.036534"
"2027-03-17"	"4"	"Wednesday"	"False"	"2027"	"3"	"March"	"76"	"12"	"3"	"1"	"2026-07-09 17:38:34.036534"
"2027-03-18"	"5"	"Thursday"	"False"	"2027"	"3"	"March"	"77"	"12"	"3"	"1"	"2026-07-09 17:38:34.036534"
"2027-03-19"	"6"	"Friday"	"False"	"2027"	"3"	"March"	"78"	"12"	"3"	"1"	"2026-07-09 17:38:34.036534"
"2027-03-20"	"7"	"Saturday"	"True"	"2027"	"3"	"March"	"79"	"12"	"3"	"1"	"2026-07-09 17:38:34.036534"
"2027-03-21"	"1"	"Sunday"	"True"	"2027"	"3"	"March"	"80"	"13"	"4"	"1"	"2026-07-09 17:38:34.036534"
"2027-03-22"	"2"	"Monday"	"False"	"2027"	"3"	"March"	"81"	"13"	"4"	"1"	"2026-07-09 17:38:34.036534"
"2027-03-23"	"3"	"Tuesday"	"False"	"2027"	"3"	"March"	"82"	"13"	"4"	"1"	"2026-07-09 17:38:34.036534"
"2027-03-24"	"4"	"Wednesday"	"False"	"2027"	"3"	"March"	"83"	"13"	"4"	"1"	"2026-07-09 17:38:34.036534"
"2027-03-25"	"5"	"Thursday"	"False"	"2027"	"3"	"March"	"84"	"13"	"4"	"1"	"2026-07-09 17:38:34.036534"
"2027-03-26"	"6"	"Friday"	"False"	"2027"	"3"	"March"	"85"	"13"	"4"	"1"	"2026-07-09 17:38:34.036534"
"2027-03-27"	"7"	"Saturday"	"True"	"2027"	"3"	"March"	"86"	"13"	"4"	"1"	"2026-07-09 17:38:34.036534"
"2027-03-28"	"1"	"Sunday"	"True"	"2027"	"3"	"March"	"87"	"14"	"5"	"1"	"2026-07-09 17:38:34.036534"
"2027-03-29"	"2"	"Monday"	"False"	"2027"	"3"	"March"	"88"	"14"	"5"	"1"	"2026-07-09 17:38:34.036534"
"2027-03-30"	"3"	"Tuesday"	"False"	"2027"	"3"	"March"	"89"	"14"	"5"	"1"	"2026-07-09 17:38:34.036534"
"2027-03-31"	"4"	"Wednesday"	"False"	"2027"	"3"	"March"	"90"	"14"	"5"	"1"	"2026-07-09 17:38:34.036534"
"2027-04-01"	"5"	"Thursday"	"False"	"2027"	"4"	"April"	"91"	"14"	"1"	"2"	"2026-07-09 17:38:34.036534"
"2027-04-02"	"6"	"Friday"	"False"	"2027"	"4"	"April"	"92"	"14"	"1"	"2"	"2026-07-09 17:38:34.036534"
"2027-04-03"	"7"	"Saturday"	"True"	"2027"	"4"	"April"	"93"	"14"	"1"	"2"	"2026-07-09 17:38:34.036534"
"2027-04-04"	"1"	"Sunday"	"True"	"2027"	"4"	"April"	"94"	"15"	"2"	"2"	"2026-07-09 17:38:34.036534"
"2027-04-05"	"2"	"Monday"	"False"	"2027"	"4"	"April"	"95"	"15"	"2"	"2"	"2026-07-09 17:38:34.036534"
"2027-04-06"	"3"	"Tuesday"	"False"	"2027"	"4"	"April"	"96"	"15"	"2"	"2"	"2026-07-09 17:38:34.036534"
"2027-04-07"	"4"	"Wednesday"	"False"	"2027"	"4"	"April"	"97"	"15"	"2"	"2"	"2026-07-09 17:38:34.036534"
"2027-04-08"	"5"	"Thursday"	"False"	"2027"	"4"	"April"	"98"	"15"	"2"	"2"	"2026-07-09 17:38:34.036534"
"2027-04-09"	"6"	"Friday"	"False"	"2027"	"4"	"April"	"99"	"15"	"2"	"2"	"2026-07-09 17:38:34.036534"
"2027-04-10"	"7"	"Saturday"	"True"	"2027"	"4"	"April"	"100"	"15"	"2"	"2"	"2026-07-09 17:38:34.036534"
"2027-04-11"	"1"	"Sunday"	"True"	"2027"	"4"	"April"	"101"	"16"	"3"	"2"	"2026-07-09 17:38:34.036534"
"2027-04-12"	"2"	"Monday"	"False"	"2027"	"4"	"April"	"102"	"16"	"3"	"2"	"2026-07-09 17:38:34.036534"
"2027-04-13"	"3"	"Tuesday"	"False"	"2027"	"4"	"April"	"103"	"16"	"3"	"2"	"2026-07-09 17:38:34.036534"
"2027-04-14"	"4"	"Wednesday"	"False"	"2027"	"4"	"April"	"104"	"16"	"3"	"2"	"2026-07-09 17:38:34.036534"
"2027-04-15"	"5"	"Thursday"	"False"	"2027"	"4"	"April"	"105"	"16"	"3"	"2"	"2026-07-09 17:38:34.036534"
"2027-04-16"	"6"	"Friday"	"False"	"2027"	"4"	"April"	"106"	"16"	"3"	"2"	"2026-07-09 17:38:34.036534"
"2027-04-17"	"7"	"Saturday"	"True"	"2027"	"4"	"April"	"107"	"16"	"3"	"2"	"2026-07-09 17:38:34.036534"
"2027-04-18"	"1"	"Sunday"	"True"	"2027"	"4"	"April"	"108"	"17"	"4"	"2"	"2026-07-09 17:38:34.036534"
"2027-04-19"	"2"	"Monday"	"False"	"2027"	"4"	"April"	"109"	"17"	"4"	"2"	"2026-07-09 17:38:34.036534"
"2027-04-20"	"3"	"Tuesday"	"False"	"2027"	"4"	"April"	"110"	"17"	"4"	"2"	"2026-07-09 17:38:34.036534"
"2027-04-21"	"4"	"Wednesday"	"False"	"2027"	"4"	"April"	"111"	"17"	"4"	"2"	"2026-07-09 17:38:34.036534"
"2027-04-22"	"5"	"Thursday"	"False"	"2027"	"4"	"April"	"112"	"17"	"4"	"2"	"2026-07-09 17:38:34.036534"
"2027-04-23"	"6"	"Friday"	"False"	"2027"	"4"	"April"	"113"	"17"	"4"	"2"	"2026-07-09 17:38:34.036534"
"2027-04-24"	"7"	"Saturday"	"True"	"2027"	"4"	"April"	"114"	"17"	"4"	"2"	"2026-07-09 17:38:34.036534"
"2027-04-25"	"1"	"Sunday"	"True"	"2027"	"4"	"April"	"115"	"18"	"5"	"2"	"2026-07-09 17:38:34.036534"
"2027-04-26"	"2"	"Monday"	"False"	"2027"	"4"	"April"	"116"	"18"	"5"	"2"	"2026-07-09 17:38:34.036534"
"2027-04-27"	"3"	"Tuesday"	"False"	"2027"	"4"	"April"	"117"	"18"	"5"	"2"	"2026-07-09 17:38:34.036534"
"2027-04-28"	"4"	"Wednesday"	"False"	"2027"	"4"	"April"	"118"	"18"	"5"	"2"	"2026-07-09 17:38:34.036534"
"2027-04-29"	"5"	"Thursday"	"False"	"2027"	"4"	"April"	"119"	"18"	"5"	"2"	"2026-07-09 17:38:34.036534"
"2027-04-30"	"6"	"Friday"	"False"	"2027"	"4"	"April"	"120"	"18"	"5"	"2"	"2026-07-09 17:38:34.036534"
"2027-05-01"	"7"	"Saturday"	"True"	"2027"	"5"	"May"	"121"	"18"	"1"	"2"	"2026-07-09 17:38:34.036534"
"2027-05-02"	"1"	"Sunday"	"True"	"2027"	"5"	"May"	"122"	"19"	"2"	"2"	"2026-07-09 17:38:34.036534"
"2027-05-03"	"2"	"Monday"	"False"	"2027"	"5"	"May"	"123"	"19"	"2"	"2"	"2026-07-09 17:38:34.036534"
"2027-05-04"	"3"	"Tuesday"	"False"	"2027"	"5"	"May"	"124"	"19"	"2"	"2"	"2026-07-09 17:38:34.036534"
"2027-05-05"	"4"	"Wednesday"	"False"	"2027"	"5"	"May"	"125"	"19"	"2"	"2"	"2026-07-09 17:38:34.036534"
"2027-05-06"	"5"	"Thursday"	"False"	"2027"	"5"	"May"	"126"	"19"	"2"	"2"	"2026-07-09 17:38:34.036534"
"2027-05-07"	"6"	"Friday"	"False"	"2027"	"5"	"May"	"127"	"19"	"2"	"2"	"2026-07-09 17:38:34.036534"
"2027-05-08"	"7"	"Saturday"	"True"	"2027"	"5"	"May"	"128"	"19"	"2"	"2"	"2026-07-09 17:38:34.036534"
"2027-05-09"	"1"	"Sunday"	"True"	"2027"	"5"	"May"	"129"	"20"	"3"	"2"	"2026-07-09 17:38:34.036534"
"2027-05-10"	"2"	"Monday"	"False"	"2027"	"5"	"May"	"130"	"20"	"3"	"2"	"2026-07-09 17:38:34.036534"
"2027-05-11"	"3"	"Tuesday"	"False"	"2027"	"5"	"May"	"131"	"20"	"3"	"2"	"2026-07-09 17:38:34.036534"
"2027-05-12"	"4"	"Wednesday"	"False"	"2027"	"5"	"May"	"132"	"20"	"3"	"2"	"2026-07-09 17:38:34.036534"
"2027-05-13"	"5"	"Thursday"	"False"	"2027"	"5"	"May"	"133"	"20"	"3"	"2"	"2026-07-09 17:38:34.036534"
"2027-05-14"	"6"	"Friday"	"False"	"2027"	"5"	"May"	"134"	"20"	"3"	"2"	"2026-07-09 17:38:34.036534"
"2027-05-15"	"7"	"Saturday"	"True"	"2027"	"5"	"May"	"135"	"20"	"3"	"2"	"2026-07-09 17:38:34.036534"
"2027-05-16"	"1"	"Sunday"	"True"	"2027"	"5"	"May"	"136"	"21"	"4"	"2"	"2026-07-09 17:38:34.036534"
"2027-05-17"	"2"	"Monday"	"False"	"2027"	"5"	"May"	"137"	"21"	"4"	"2"	"2026-07-09 17:38:34.036534"
"2027-05-18"	"3"	"Tuesday"	"False"	"2027"	"5"	"May"	"138"	"21"	"4"	"2"	"2026-07-09 17:38:34.036534"
"2027-05-19"	"4"	"Wednesday"	"False"	"2027"	"5"	"May"	"139"	"21"	"4"	"2"	"2026-07-09 17:38:34.036534"
"2027-05-20"	"5"	"Thursday"	"False"	"2027"	"5"	"May"	"140"	"21"	"4"	"2"	"2026-07-09 17:38:34.036534"
"2027-05-21"	"6"	"Friday"	"False"	"2027"	"5"	"May"	"141"	"21"	"4"	"2"	"2026-07-09 17:38:34.036534"
"2027-05-22"	"7"	"Saturday"	"True"	"2027"	"5"	"May"	"142"	"21"	"4"	"2"	"2026-07-09 17:38:34.036534"
"2027-05-23"	"1"	"Sunday"	"True"	"2027"	"5"	"May"	"143"	"22"	"5"	"2"	"2026-07-09 17:38:34.036534"
"2027-05-24"	"2"	"Monday"	"False"	"2027"	"5"	"May"	"144"	"22"	"5"	"2"	"2026-07-09 17:38:34.036534"
"2027-05-25"	"3"	"Tuesday"	"False"	"2027"	"5"	"May"	"145"	"22"	"5"	"2"	"2026-07-09 17:38:34.036534"
"2027-05-26"	"4"	"Wednesday"	"False"	"2027"	"5"	"May"	"146"	"22"	"5"	"2"	"2026-07-09 17:38:34.036534"
"2027-05-27"	"5"	"Thursday"	"False"	"2027"	"5"	"May"	"147"	"22"	"5"	"2"	"2026-07-09 17:38:34.036534"
"2027-05-28"	"6"	"Friday"	"False"	"2027"	"5"	"May"	"148"	"22"	"5"	"2"	"2026-07-09 17:38:34.036534"
"2027-05-29"	"7"	"Saturday"	"True"	"2027"	"5"	"May"	"149"	"22"	"5"	"2"	"2026-07-09 17:38:34.036534"
"2027-05-30"	"1"	"Sunday"	"True"	"2027"	"5"	"May"	"150"	"23"	"6"	"2"	"2026-07-09 17:38:34.036534"
"2027-05-31"	"2"	"Monday"	"False"	"2027"	"5"	"May"	"151"	"23"	"6"	"2"	"2026-07-09 17:38:34.036534"
"2027-06-01"	"3"	"Tuesday"	"False"	"2027"	"6"	"June"	"152"	"23"	"1"	"2"	"2026-07-09 17:38:34.036534"
"2027-06-02"	"4"	"Wednesday"	"False"	"2027"	"6"	"June"	"153"	"23"	"1"	"2"	"2026-07-09 17:38:34.036534"
"2027-06-03"	"5"	"Thursday"	"False"	"2027"	"6"	"June"	"154"	"23"	"1"	"2"	"2026-07-09 17:38:34.036534"
"2027-06-04"	"6"	"Friday"	"False"	"2027"	"6"	"June"	"155"	"23"	"1"	"2"	"2026-07-09 17:38:34.036534"
"2027-06-05"	"7"	"Saturday"	"True"	"2027"	"6"	"June"	"156"	"23"	"1"	"2"	"2026-07-09 17:38:34.036534"
"2027-06-06"	"1"	"Sunday"	"True"	"2027"	"6"	"June"	"157"	"24"	"2"	"2"	"2026-07-09 17:38:34.036534"
"2027-06-07"	"2"	"Monday"	"False"	"2027"	"6"	"June"	"158"	"24"	"2"	"2"	"2026-07-09 17:38:34.036534"
"2027-06-08"	"3"	"Tuesday"	"False"	"2027"	"6"	"June"	"159"	"24"	"2"	"2"	"2026-07-09 17:38:34.036534"
"2027-06-09"	"4"	"Wednesday"	"False"	"2027"	"6"	"June"	"160"	"24"	"2"	"2"	"2026-07-09 17:38:34.036534"
"2027-06-10"	"5"	"Thursday"	"False"	"2027"	"6"	"June"	"161"	"24"	"2"	"2"	"2026-07-09 17:38:34.036534"
"2027-06-11"	"6"	"Friday"	"False"	"2027"	"6"	"June"	"162"	"24"	"2"	"2"	"2026-07-09 17:38:34.036534"
"2027-06-12"	"7"	"Saturday"	"True"	"2027"	"6"	"June"	"163"	"24"	"2"	"2"	"2026-07-09 17:38:34.036534"
"2027-06-13"	"1"	"Sunday"	"True"	"2027"	"6"	"June"	"164"	"25"	"3"	"2"	"2026-07-09 17:38:34.036534"
"2027-06-14"	"2"	"Monday"	"False"	"2027"	"6"	"June"	"165"	"25"	"3"	"2"	"2026-07-09 17:38:34.036534"
"2027-06-15"	"3"	"Tuesday"	"False"	"2027"	"6"	"June"	"166"	"25"	"3"	"2"	"2026-07-09 17:38:34.036534"
"2027-06-16"	"4"	"Wednesday"	"False"	"2027"	"6"	"June"	"167"	"25"	"3"	"2"	"2026-07-09 17:38:34.036534"
"2027-06-17"	"5"	"Thursday"	"False"	"2027"	"6"	"June"	"168"	"25"	"3"	"2"	"2026-07-09 17:38:34.036534"
"2027-06-18"	"6"	"Friday"	"False"	"2027"	"6"	"June"	"169"	"25"	"3"	"2"	"2026-07-09 17:38:34.036534"
"2027-06-19"	"7"	"Saturday"	"True"	"2027"	"6"	"June"	"170"	"25"	"3"	"2"	"2026-07-09 17:38:34.036534"
"2027-06-20"	"1"	"Sunday"	"True"	"2027"	"6"	"June"	"171"	"26"	"4"	"2"	"2026-07-09 17:38:34.036534"
"2027-06-21"	"2"	"Monday"	"False"	"2027"	"6"	"June"	"172"	"26"	"4"	"2"	"2026-07-09 17:38:34.036534"
"2027-06-22"	"3"	"Tuesday"	"False"	"2027"	"6"	"June"	"173"	"26"	"4"	"2"	"2026-07-09 17:38:34.036534"
"2027-06-23"	"4"	"Wednesday"	"False"	"2027"	"6"	"June"	"174"	"26"	"4"	"2"	"2026-07-09 17:38:34.036534"
"2027-06-24"	"5"	"Thursday"	"False"	"2027"	"6"	"June"	"175"	"26"	"4"	"2"	"2026-07-09 17:38:34.036534"
"2027-06-25"	"6"	"Friday"	"False"	"2027"	"6"	"June"	"176"	"26"	"4"	"2"	"2026-07-09 17:38:34.036534"
"2027-06-26"	"7"	"Saturday"	"True"	"2027"	"6"	"June"	"177"	"26"	"4"	"2"	"2026-07-09 17:38:34.036534"
"2027-06-27"	"1"	"Sunday"	"True"	"2027"	"6"	"June"	"178"	"27"	"5"	"2"	"2026-07-09 17:38:34.036534"
"2027-06-28"	"2"	"Monday"	"False"	"2027"	"6"	"June"	"179"	"27"	"5"	"2"	"2026-07-09 17:38:34.036534"
"2027-06-29"	"3"	"Tuesday"	"False"	"2027"	"6"	"June"	"180"	"27"	"5"	"2"	"2026-07-09 17:38:34.036534"
"2027-06-30"	"4"	"Wednesday"	"False"	"2027"	"6"	"June"	"181"	"27"	"5"	"2"	"2026-07-09 17:38:34.036534"
"2027-07-01"	"5"	"Thursday"	"False"	"2027"	"7"	"July"	"182"	"27"	"1"	"3"	"2026-07-09 17:38:34.036534"
"2027-07-02"	"6"	"Friday"	"False"	"2027"	"7"	"July"	"183"	"27"	"1"	"3"	"2026-07-09 17:38:34.036534"
"2027-07-03"	"7"	"Saturday"	"True"	"2027"	"7"	"July"	"184"	"27"	"1"	"3"	"2026-07-09 17:38:34.036534"
"2027-07-04"	"1"	"Sunday"	"True"	"2027"	"7"	"July"	"185"	"28"	"2"	"3"	"2026-07-09 17:38:34.036534"
"2027-07-05"	"2"	"Monday"	"False"	"2027"	"7"	"July"	"186"	"28"	"2"	"3"	"2026-07-09 17:38:34.036534"
"2027-07-06"	"3"	"Tuesday"	"False"	"2027"	"7"	"July"	"187"	"28"	"2"	"3"	"2026-07-09 17:38:34.036534"
"2027-07-07"	"4"	"Wednesday"	"False"	"2027"	"7"	"July"	"188"	"28"	"2"	"3"	"2026-07-09 17:38:34.036534"
"2027-07-08"	"5"	"Thursday"	"False"	"2027"	"7"	"July"	"189"	"28"	"2"	"3"	"2026-07-09 17:38:34.036534"
"2027-07-09"	"6"	"Friday"	"False"	"2027"	"7"	"July"	"190"	"28"	"2"	"3"	"2026-07-09 17:38:34.036534"
"2027-07-10"	"7"	"Saturday"	"True"	"2027"	"7"	"July"	"191"	"28"	"2"	"3"	"2026-07-09 17:38:34.036534"
"2027-07-11"	"1"	"Sunday"	"True"	"2027"	"7"	"July"	"192"	"29"	"3"	"3"	"2026-07-09 17:38:34.036534"
"2027-07-12"	"2"	"Monday"	"False"	"2027"	"7"	"July"	"193"	"29"	"3"	"3"	"2026-07-09 17:38:34.036534"
"2027-07-13"	"3"	"Tuesday"	"False"	"2027"	"7"	"July"	"194"	"29"	"3"	"3"	"2026-07-09 17:38:34.036534"
"2027-07-14"	"4"	"Wednesday"	"False"	"2027"	"7"	"July"	"195"	"29"	"3"	"3"	"2026-07-09 17:38:34.036534"
"2027-07-15"	"5"	"Thursday"	"False"	"2027"	"7"	"July"	"196"	"29"	"3"	"3"	"2026-07-09 17:38:34.036534"
"2027-07-16"	"6"	"Friday"	"False"	"2027"	"7"	"July"	"197"	"29"	"3"	"3"	"2026-07-09 17:38:34.036534"
"2027-07-17"	"7"	"Saturday"	"True"	"2027"	"7"	"July"	"198"	"29"	"3"	"3"	"2026-07-09 17:38:34.036534"
"2027-07-18"	"1"	"Sunday"	"True"	"2027"	"7"	"July"	"199"	"30"	"4"	"3"	"2026-07-09 17:38:34.036534"
"2027-07-19"	"2"	"Monday"	"False"	"2027"	"7"	"July"	"200"	"30"	"4"	"3"	"2026-07-09 17:38:34.036534"
"2027-07-20"	"3"	"Tuesday"	"False"	"2027"	"7"	"July"	"201"	"30"	"4"	"3"	"2026-07-09 17:38:34.036534"
"2027-07-21"	"4"	"Wednesday"	"False"	"2027"	"7"	"July"	"202"	"30"	"4"	"3"	"2026-07-09 17:38:34.036534"
"2027-07-22"	"5"	"Thursday"	"False"	"2027"	"7"	"July"	"203"	"30"	"4"	"3"	"2026-07-09 17:38:34.036534"
"2027-07-23"	"6"	"Friday"	"False"	"2027"	"7"	"July"	"204"	"30"	"4"	"3"	"2026-07-09 17:38:34.036534"
"2027-07-24"	"7"	"Saturday"	"True"	"2027"	"7"	"July"	"205"	"30"	"4"	"3"	"2026-07-09 17:38:34.036534"
"2027-07-25"	"1"	"Sunday"	"True"	"2027"	"7"	"July"	"206"	"31"	"5"	"3"	"2026-07-09 17:38:34.036534"
"2027-07-26"	"2"	"Monday"	"False"	"2027"	"7"	"July"	"207"	"31"	"5"	"3"	"2026-07-09 17:38:34.036534"
"2027-07-27"	"3"	"Tuesday"	"False"	"2027"	"7"	"July"	"208"	"31"	"5"	"3"	"2026-07-09 17:38:34.036534"
"2027-07-28"	"4"	"Wednesday"	"False"	"2027"	"7"	"July"	"209"	"31"	"5"	"3"	"2026-07-09 17:38:34.036534"
"2027-07-29"	"5"	"Thursday"	"False"	"2027"	"7"	"July"	"210"	"31"	"5"	"3"	"2026-07-09 17:38:34.036534"
"2027-07-30"	"6"	"Friday"	"False"	"2027"	"7"	"July"	"211"	"31"	"5"	"3"	"2026-07-09 17:38:34.036534"
"2027-07-31"	"7"	"Saturday"	"True"	"2027"	"7"	"July"	"212"	"31"	"5"	"3"	"2026-07-09 17:38:34.036534"
"2027-08-01"	"1"	"Sunday"	"True"	"2027"	"8"	"August"	"213"	"32"	"1"	"3"	"2026-07-09 17:38:34.036534"
"2027-08-02"	"2"	"Monday"	"False"	"2027"	"8"	"August"	"214"	"32"	"1"	"3"	"2026-07-09 17:38:34.036534"
"2027-08-03"	"3"	"Tuesday"	"False"	"2027"	"8"	"August"	"215"	"32"	"1"	"3"	"2026-07-09 17:38:34.036534"
"2027-08-04"	"4"	"Wednesday"	"False"	"2027"	"8"	"August"	"216"	"32"	"1"	"3"	"2026-07-09 17:38:34.036534"
"2027-08-05"	"5"	"Thursday"	"False"	"2027"	"8"	"August"	"217"	"32"	"1"	"3"	"2026-07-09 17:38:34.036534"
"2027-08-06"	"6"	"Friday"	"False"	"2027"	"8"	"August"	"218"	"32"	"1"	"3"	"2026-07-09 17:38:34.036534"
"2027-08-07"	"7"	"Saturday"	"True"	"2027"	"8"	"August"	"219"	"32"	"1"	"3"	"2026-07-09 17:38:34.036534"
"2027-08-08"	"1"	"Sunday"	"True"	"2027"	"8"	"August"	"220"	"33"	"2"	"3"	"2026-07-09 17:38:34.036534"
"2027-08-09"	"2"	"Monday"	"False"	"2027"	"8"	"August"	"221"	"33"	"2"	"3"	"2026-07-09 17:38:34.036534"
"2027-08-10"	"3"	"Tuesday"	"False"	"2027"	"8"	"August"	"222"	"33"	"2"	"3"	"2026-07-09 17:38:34.036534"
"2027-08-11"	"4"	"Wednesday"	"False"	"2027"	"8"	"August"	"223"	"33"	"2"	"3"	"2026-07-09 17:38:34.036534"
"2027-08-12"	"5"	"Thursday"	"False"	"2027"	"8"	"August"	"224"	"33"	"2"	"3"	"2026-07-09 17:38:34.036534"
"2027-08-13"	"6"	"Friday"	"False"	"2027"	"8"	"August"	"225"	"33"	"2"	"3"	"2026-07-09 17:38:34.036534"
"2027-08-14"	"7"	"Saturday"	"True"	"2027"	"8"	"August"	"226"	"33"	"2"	"3"	"2026-07-09 17:38:34.036534"
"2027-08-15"	"1"	"Sunday"	"True"	"2027"	"8"	"August"	"227"	"34"	"3"	"3"	"2026-07-09 17:38:34.036534"
"2027-08-16"	"2"	"Monday"	"False"	"2027"	"8"	"August"	"228"	"34"	"3"	"3"	"2026-07-09 17:38:34.036534"
"2027-08-17"	"3"	"Tuesday"	"False"	"2027"	"8"	"August"	"229"	"34"	"3"	"3"	"2026-07-09 17:38:34.036534"
"2027-08-18"	"4"	"Wednesday"	"False"	"2027"	"8"	"August"	"230"	"34"	"3"	"3"	"2026-07-09 17:38:34.036534"
"2027-08-19"	"5"	"Thursday"	"False"	"2027"	"8"	"August"	"231"	"34"	"3"	"3"	"2026-07-09 17:38:34.036534"
"2027-08-20"	"6"	"Friday"	"False"	"2027"	"8"	"August"	"232"	"34"	"3"	"3"	"2026-07-09 17:38:34.036534"
"2027-08-21"	"7"	"Saturday"	"True"	"2027"	"8"	"August"	"233"	"34"	"3"	"3"	"2026-07-09 17:38:34.036534"
"2027-08-22"	"1"	"Sunday"	"True"	"2027"	"8"	"August"	"234"	"35"	"4"	"3"	"2026-07-09 17:38:34.036534"
"2027-08-23"	"2"	"Monday"	"False"	"2027"	"8"	"August"	"235"	"35"	"4"	"3"	"2026-07-09 17:38:34.036534"
"2027-08-24"	"3"	"Tuesday"	"False"	"2027"	"8"	"August"	"236"	"35"	"4"	"3"	"2026-07-09 17:38:34.036534"
"2027-08-25"	"4"	"Wednesday"	"False"	"2027"	"8"	"August"	"237"	"35"	"4"	"3"	"2026-07-09 17:38:34.036534"
"2027-08-26"	"5"	"Thursday"	"False"	"2027"	"8"	"August"	"238"	"35"	"4"	"3"	"2026-07-09 17:38:34.036534"
"2027-08-27"	"6"	"Friday"	"False"	"2027"	"8"	"August"	"239"	"35"	"4"	"3"	"2026-07-09 17:38:34.036534"
"2027-08-28"	"7"	"Saturday"	"True"	"2027"	"8"	"August"	"240"	"35"	"4"	"3"	"2026-07-09 17:38:34.036534"
"2027-08-29"	"1"	"Sunday"	"True"	"2027"	"8"	"August"	"241"	"36"	"5"	"3"	"2026-07-09 17:38:34.036534"
"2027-08-30"	"2"	"Monday"	"False"	"2027"	"8"	"August"	"242"	"36"	"5"	"3"	"2026-07-09 17:38:34.036534"
"2027-08-31"	"3"	"Tuesday"	"False"	"2027"	"8"	"August"	"243"	"36"	"5"	"3"	"2026-07-09 17:38:34.036534"
"2027-09-01"	"4"	"Wednesday"	"False"	"2027"	"9"	"September"	"244"	"36"	"1"	"3"	"2026-07-09 17:38:34.036534"
"2027-09-02"	"5"	"Thursday"	"False"	"2027"	"9"	"September"	"245"	"36"	"1"	"3"	"2026-07-09 17:38:34.036534"
"2027-09-03"	"6"	"Friday"	"False"	"2027"	"9"	"September"	"246"	"36"	"1"	"3"	"2026-07-09 17:38:34.036534"
"2027-09-04"	"7"	"Saturday"	"True"	"2027"	"9"	"September"	"247"	"36"	"1"	"3"	"2026-07-09 17:38:34.036534"
"2027-09-05"	"1"	"Sunday"	"True"	"2027"	"9"	"September"	"248"	"37"	"2"	"3"	"2026-07-09 17:38:34.036534"
"2027-09-06"	"2"	"Monday"	"False"	"2027"	"9"	"September"	"249"	"37"	"2"	"3"	"2026-07-09 17:38:34.036534"
"2027-09-07"	"3"	"Tuesday"	"False"	"2027"	"9"	"September"	"250"	"37"	"2"	"3"	"2026-07-09 17:38:34.036534"
"2027-09-08"	"4"	"Wednesday"	"False"	"2027"	"9"	"September"	"251"	"37"	"2"	"3"	"2026-07-09 17:38:34.036534"
"2027-09-09"	"5"	"Thursday"	"False"	"2027"	"9"	"September"	"252"	"37"	"2"	"3"	"2026-07-09 17:38:34.036534"
"2027-09-10"	"6"	"Friday"	"False"	"2027"	"9"	"September"	"253"	"37"	"2"	"3"	"2026-07-09 17:38:34.036534"
"2027-09-11"	"7"	"Saturday"	"True"	"2027"	"9"	"September"	"254"	"37"	"2"	"3"	"2026-07-09 17:38:34.036534"
"2027-09-12"	"1"	"Sunday"	"True"	"2027"	"9"	"September"	"255"	"38"	"3"	"3"	"2026-07-09 17:38:34.036534"
"2027-09-13"	"2"	"Monday"	"False"	"2027"	"9"	"September"	"256"	"38"	"3"	"3"	"2026-07-09 17:38:34.036534"
"2027-09-14"	"3"	"Tuesday"	"False"	"2027"	"9"	"September"	"257"	"38"	"3"	"3"	"2026-07-09 17:38:34.036534"
"2027-09-15"	"4"	"Wednesday"	"False"	"2027"	"9"	"September"	"258"	"38"	"3"	"3"	"2026-07-09 17:38:34.036534"
"2027-09-16"	"5"	"Thursday"	"False"	"2027"	"9"	"September"	"259"	"38"	"3"	"3"	"2026-07-09 17:38:34.036534"
"2027-09-17"	"6"	"Friday"	"False"	"2027"	"9"	"September"	"260"	"38"	"3"	"3"	"2026-07-09 17:38:34.036534"
"2027-09-18"	"7"	"Saturday"	"True"	"2027"	"9"	"September"	"261"	"38"	"3"	"3"	"2026-07-09 17:38:34.036534"
"2027-09-19"	"1"	"Sunday"	"True"	"2027"	"9"	"September"	"262"	"39"	"4"	"3"	"2026-07-09 17:38:34.036534"
"2027-09-20"	"2"	"Monday"	"False"	"2027"	"9"	"September"	"263"	"39"	"4"	"3"	"2026-07-09 17:38:34.036534"
"2027-09-21"	"3"	"Tuesday"	"False"	"2027"	"9"	"September"	"264"	"39"	"4"	"3"	"2026-07-09 17:38:34.036534"
"2027-09-22"	"4"	"Wednesday"	"False"	"2027"	"9"	"September"	"265"	"39"	"4"	"3"	"2026-07-09 17:38:34.036534"
"2027-09-23"	"5"	"Thursday"	"False"	"2027"	"9"	"September"	"266"	"39"	"4"	"3"	"2026-07-09 17:38:34.036534"
"2027-09-24"	"6"	"Friday"	"False"	"2027"	"9"	"September"	"267"	"39"	"4"	"3"	"2026-07-09 17:38:34.036534"
"2027-09-25"	"7"	"Saturday"	"True"	"2027"	"9"	"September"	"268"	"39"	"4"	"3"	"2026-07-09 17:38:34.036534"
"2027-09-26"	"1"	"Sunday"	"True"	"2027"	"9"	"September"	"269"	"40"	"5"	"3"	"2026-07-09 17:38:34.036534"
"2027-09-27"	"2"	"Monday"	"False"	"2027"	"9"	"September"	"270"	"40"	"5"	"3"	"2026-07-09 17:38:34.036534"
"2027-09-28"	"3"	"Tuesday"	"False"	"2027"	"9"	"September"	"271"	"40"	"5"	"3"	"2026-07-09 17:38:34.036534"
"2027-09-29"	"4"	"Wednesday"	"False"	"2027"	"9"	"September"	"272"	"40"	"5"	"3"	"2026-07-09 17:38:34.036534"
"2027-09-30"	"5"	"Thursday"	"False"	"2027"	"9"	"September"	"273"	"40"	"5"	"3"	"2026-07-09 17:38:34.036534"
"2027-10-01"	"6"	"Friday"	"False"	"2027"	"10"	"October"	"274"	"40"	"1"	"4"	"2026-07-09 17:38:34.036534"
"2027-10-02"	"7"	"Saturday"	"True"	"2027"	"10"	"October"	"275"	"40"	"1"	"4"	"2026-07-09 17:38:34.036534"
"2027-10-03"	"1"	"Sunday"	"True"	"2027"	"10"	"October"	"276"	"41"	"2"	"4"	"2026-07-09 17:38:34.036534"
"2027-10-04"	"2"	"Monday"	"False"	"2027"	"10"	"October"	"277"	"41"	"2"	"4"	"2026-07-09 17:38:34.036534"
"2027-10-05"	"3"	"Tuesday"	"False"	"2027"	"10"	"October"	"278"	"41"	"2"	"4"	"2026-07-09 17:38:34.036534"
"2027-10-06"	"4"	"Wednesday"	"False"	"2027"	"10"	"October"	"279"	"41"	"2"	"4"	"2026-07-09 17:38:34.036534"
"2027-10-07"	"5"	"Thursday"	"False"	"2027"	"10"	"October"	"280"	"41"	"2"	"4"	"2026-07-09 17:38:34.036534"
"2027-10-08"	"6"	"Friday"	"False"	"2027"	"10"	"October"	"281"	"41"	"2"	"4"	"2026-07-09 17:38:34.036534"
"2027-10-09"	"7"	"Saturday"	"True"	"2027"	"10"	"October"	"282"	"41"	"2"	"4"	"2026-07-09 17:38:34.036534"
"2027-10-10"	"1"	"Sunday"	"True"	"2027"	"10"	"October"	"283"	"42"	"3"	"4"	"2026-07-09 17:38:34.036534"
"2027-10-11"	"2"	"Monday"	"False"	"2027"	"10"	"October"	"284"	"42"	"3"	"4"	"2026-07-09 17:38:34.036534"
"2027-10-12"	"3"	"Tuesday"	"False"	"2027"	"10"	"October"	"285"	"42"	"3"	"4"	"2026-07-09 17:38:34.036534"
"2027-10-13"	"4"	"Wednesday"	"False"	"2027"	"10"	"October"	"286"	"42"	"3"	"4"	"2026-07-09 17:38:34.036534"
"2027-10-14"	"5"	"Thursday"	"False"	"2027"	"10"	"October"	"287"	"42"	"3"	"4"	"2026-07-09 17:38:34.036534"
"2027-10-15"	"6"	"Friday"	"False"	"2027"	"10"	"October"	"288"	"42"	"3"	"4"	"2026-07-09 17:38:34.036534"
"2027-10-16"	"7"	"Saturday"	"True"	"2027"	"10"	"October"	"289"	"42"	"3"	"4"	"2026-07-09 17:38:34.036534"
"2027-10-17"	"1"	"Sunday"	"True"	"2027"	"10"	"October"	"290"	"43"	"4"	"4"	"2026-07-09 17:38:34.036534"
"2027-10-18"	"2"	"Monday"	"False"	"2027"	"10"	"October"	"291"	"43"	"4"	"4"	"2026-07-09 17:38:34.036534"
"2027-10-19"	"3"	"Tuesday"	"False"	"2027"	"10"	"October"	"292"	"43"	"4"	"4"	"2026-07-09 17:38:34.036534"
"2027-10-20"	"4"	"Wednesday"	"False"	"2027"	"10"	"October"	"293"	"43"	"4"	"4"	"2026-07-09 17:38:34.036534"
"2027-10-21"	"5"	"Thursday"	"False"	"2027"	"10"	"October"	"294"	"43"	"4"	"4"	"2026-07-09 17:38:34.036534"
"2027-10-22"	"6"	"Friday"	"False"	"2027"	"10"	"October"	"295"	"43"	"4"	"4"	"2026-07-09 17:38:34.036534"
"2027-10-23"	"7"	"Saturday"	"True"	"2027"	"10"	"October"	"296"	"43"	"4"	"4"	"2026-07-09 17:38:34.036534"
"2027-10-24"	"1"	"Sunday"	"True"	"2027"	"10"	"October"	"297"	"44"	"5"	"4"	"2026-07-09 17:38:34.036534"
"2027-10-25"	"2"	"Monday"	"False"	"2027"	"10"	"October"	"298"	"44"	"5"	"4"	"2026-07-09 17:38:34.036534"
"2027-10-26"	"3"	"Tuesday"	"False"	"2027"	"10"	"October"	"299"	"44"	"5"	"4"	"2026-07-09 17:38:34.036534"
"2027-10-27"	"4"	"Wednesday"	"False"	"2027"	"10"	"October"	"300"	"44"	"5"	"4"	"2026-07-09 17:38:34.036534"
"2027-10-28"	"5"	"Thursday"	"False"	"2027"	"10"	"October"	"301"	"44"	"5"	"4"	"2026-07-09 17:38:34.036534"
"2027-10-29"	"6"	"Friday"	"False"	"2027"	"10"	"October"	"302"	"44"	"5"	"4"	"2026-07-09 17:38:34.036534"
"2027-10-30"	"7"	"Saturday"	"True"	"2027"	"10"	"October"	"303"	"44"	"5"	"4"	"2026-07-09 17:38:34.036534"
"2027-10-31"	"1"	"Sunday"	"True"	"2027"	"10"	"October"	"304"	"45"	"6"	"4"	"2026-07-09 17:38:34.036534"
"2027-11-01"	"2"	"Monday"	"False"	"2027"	"11"	"November"	"305"	"45"	"1"	"4"	"2026-07-09 17:38:34.036534"
"2027-11-02"	"3"	"Tuesday"	"False"	"2027"	"11"	"November"	"306"	"45"	"1"	"4"	"2026-07-09 17:38:34.036534"
"2027-11-03"	"4"	"Wednesday"	"False"	"2027"	"11"	"November"	"307"	"45"	"1"	"4"	"2026-07-09 17:38:34.036534"
"2027-11-04"	"5"	"Thursday"	"False"	"2027"	"11"	"November"	"308"	"45"	"1"	"4"	"2026-07-09 17:38:34.036534"
"2027-11-05"	"6"	"Friday"	"False"	"2027"	"11"	"November"	"309"	"45"	"1"	"4"	"2026-07-09 17:38:34.036534"
"2027-11-06"	"7"	"Saturday"	"True"	"2027"	"11"	"November"	"310"	"45"	"1"	"4"	"2026-07-09 17:38:34.036534"
"2027-11-07"	"1"	"Sunday"	"True"	"2027"	"11"	"November"	"311"	"46"	"2"	"4"	"2026-07-09 17:38:34.036534"
"2027-11-08"	"2"	"Monday"	"False"	"2027"	"11"	"November"	"312"	"46"	"2"	"4"	"2026-07-09 17:38:34.036534"
"2027-11-09"	"3"	"Tuesday"	"False"	"2027"	"11"	"November"	"313"	"46"	"2"	"4"	"2026-07-09 17:38:34.036534"
"2027-11-10"	"4"	"Wednesday"	"False"	"2027"	"11"	"November"	"314"	"46"	"2"	"4"	"2026-07-09 17:38:34.036534"
"2027-11-11"	"5"	"Thursday"	"False"	"2027"	"11"	"November"	"315"	"46"	"2"	"4"	"2026-07-09 17:38:34.036534"
"2027-11-12"	"6"	"Friday"	"False"	"2027"	"11"	"November"	"316"	"46"	"2"	"4"	"2026-07-09 17:38:34.036534"
"2027-11-13"	"7"	"Saturday"	"True"	"2027"	"11"	"November"	"317"	"46"	"2"	"4"	"2026-07-09 17:38:34.036534"
"2027-11-14"	"1"	"Sunday"	"True"	"2027"	"11"	"November"	"318"	"47"	"3"	"4"	"2026-07-09 17:38:34.036534"
"2027-11-15"	"2"	"Monday"	"False"	"2027"	"11"	"November"	"319"	"47"	"3"	"4"	"2026-07-09 17:38:34.036534"
"2027-11-16"	"3"	"Tuesday"	"False"	"2027"	"11"	"November"	"320"	"47"	"3"	"4"	"2026-07-09 17:38:34.036534"
"2027-11-17"	"4"	"Wednesday"	"False"	"2027"	"11"	"November"	"321"	"47"	"3"	"4"	"2026-07-09 17:38:34.036534"
"2027-11-18"	"5"	"Thursday"	"False"	"2027"	"11"	"November"	"322"	"47"	"3"	"4"	"2026-07-09 17:38:34.036534"
"2027-11-19"	"6"	"Friday"	"False"	"2027"	"11"	"November"	"323"	"47"	"3"	"4"	"2026-07-09 17:38:34.036534"
"2027-11-20"	"7"	"Saturday"	"True"	"2027"	"11"	"November"	"324"	"47"	"3"	"4"	"2026-07-09 17:38:34.036534"
"2027-11-21"	"1"	"Sunday"	"True"	"2027"	"11"	"November"	"325"	"48"	"4"	"4"	"2026-07-09 17:38:34.036534"
"2027-11-22"	"2"	"Monday"	"False"	"2027"	"11"	"November"	"326"	"48"	"4"	"4"	"2026-07-09 17:38:34.036534"
"2027-11-23"	"3"	"Tuesday"	"False"	"2027"	"11"	"November"	"327"	"48"	"4"	"4"	"2026-07-09 17:38:34.036534"
"2027-11-24"	"4"	"Wednesday"	"False"	"2027"	"11"	"November"	"328"	"48"	"4"	"4"	"2026-07-09 17:38:34.036534"
"2027-11-25"	"5"	"Thursday"	"False"	"2027"	"11"	"November"	"329"	"48"	"4"	"4"	"2026-07-09 17:38:34.036534"
"2027-11-26"	"6"	"Friday"	"False"	"2027"	"11"	"November"	"330"	"48"	"4"	"4"	"2026-07-09 17:38:34.036534"
"2027-11-27"	"7"	"Saturday"	"True"	"2027"	"11"	"November"	"331"	"48"	"4"	"4"	"2026-07-09 17:38:34.036534"
"2027-11-28"	"1"	"Sunday"	"True"	"2027"	"11"	"November"	"332"	"49"	"5"	"4"	"2026-07-09 17:38:34.036534"
"2027-11-29"	"2"	"Monday"	"False"	"2027"	"11"	"November"	"333"	"49"	"5"	"4"	"2026-07-09 17:38:34.036534"
"2027-11-30"	"3"	"Tuesday"	"False"	"2027"	"11"	"November"	"334"	"49"	"5"	"4"	"2026-07-09 17:38:34.036534"
"2027-12-01"	"4"	"Wednesday"	"False"	"2027"	"12"	"December"	"335"	"49"	"1"	"4"	"2026-07-09 17:38:34.036534"
"2027-12-02"	"5"	"Thursday"	"False"	"2027"	"12"	"December"	"336"	"49"	"1"	"4"	"2026-07-09 17:38:34.036534"
"2027-12-03"	"6"	"Friday"	"False"	"2027"	"12"	"December"	"337"	"49"	"1"	"4"	"2026-07-09 17:38:34.036534"
"2027-12-04"	"7"	"Saturday"	"True"	"2027"	"12"	"December"	"338"	"49"	"1"	"4"	"2026-07-09 17:38:34.036534"
"2027-12-05"	"1"	"Sunday"	"True"	"2027"	"12"	"December"	"339"	"50"	"2"	"4"	"2026-07-09 17:38:34.036534"
"2027-12-06"	"2"	"Monday"	"False"	"2027"	"12"	"December"	"340"	"50"	"2"	"4"	"2026-07-09 17:38:34.036534"
"2027-12-07"	"3"	"Tuesday"	"False"	"2027"	"12"	"December"	"341"	"50"	"2"	"4"	"2026-07-09 17:38:34.036534"
"2027-12-08"	"4"	"Wednesday"	"False"	"2027"	"12"	"December"	"342"	"50"	"2"	"4"	"2026-07-09 17:38:34.036534"
"2027-12-09"	"5"	"Thursday"	"False"	"2027"	"12"	"December"	"343"	"50"	"2"	"4"	"2026-07-09 17:38:34.036534"
"2027-12-10"	"6"	"Friday"	"False"	"2027"	"12"	"December"	"344"	"50"	"2"	"4"	"2026-07-09 17:38:34.036534"
"2027-12-11"	"7"	"Saturday"	"True"	"2027"	"12"	"December"	"345"	"50"	"2"	"4"	"2026-07-09 17:38:34.036534"
"2027-12-12"	"1"	"Sunday"	"True"	"2027"	"12"	"December"	"346"	"51"	"3"	"4"	"2026-07-09 17:38:34.036534"
"2027-12-13"	"2"	"Monday"	"False"	"2027"	"12"	"December"	"347"	"51"	"3"	"4"	"2026-07-09 17:38:34.036534"
"2027-12-14"	"3"	"Tuesday"	"False"	"2027"	"12"	"December"	"348"	"51"	"3"	"4"	"2026-07-09 17:38:34.036534"
"2027-12-15"	"4"	"Wednesday"	"False"	"2027"	"12"	"December"	"349"	"51"	"3"	"4"	"2026-07-09 17:38:34.036534"
"2027-12-16"	"5"	"Thursday"	"False"	"2027"	"12"	"December"	"350"	"51"	"3"	"4"	"2026-07-09 17:38:34.036534"
"2027-12-17"	"6"	"Friday"	"False"	"2027"	"12"	"December"	"351"	"51"	"3"	"4"	"2026-07-09 17:38:34.036534"
"2027-12-18"	"7"	"Saturday"	"True"	"2027"	"12"	"December"	"352"	"51"	"3"	"4"	"2026-07-09 17:38:34.036534"
"2027-12-19"	"1"	"Sunday"	"True"	"2027"	"12"	"December"	"353"	"52"	"4"	"4"	"2026-07-09 17:38:34.036534"
"2027-12-20"	"2"	"Monday"	"False"	"2027"	"12"	"December"	"354"	"52"	"4"	"4"	"2026-07-09 17:38:34.036534"
"2027-12-21"	"3"	"Tuesday"	"False"	"2027"	"12"	"December"	"355"	"52"	"4"	"4"	"2026-07-09 17:38:34.036534"
"2027-12-22"	"4"	"Wednesday"	"False"	"2027"	"12"	"December"	"356"	"52"	"4"	"4"	"2026-07-09 17:38:34.036534"
"2027-12-23"	"5"	"Thursday"	"False"	"2027"	"12"	"December"	"357"	"52"	"4"	"4"	"2026-07-09 17:38:34.036534"
"2027-12-24"	"6"	"Friday"	"False"	"2027"	"12"	"December"	"358"	"52"	"4"	"4"	"2026-07-09 17:38:34.036534"
"2027-12-25"	"7"	"Saturday"	"True"	"2027"	"12"	"December"	"359"	"52"	"4"	"4"	"2026-07-09 17:38:34.036534"
"2027-12-26"	"1"	"Sunday"	"True"	"2027"	"12"	"December"	"360"	"1"	"5"	"4"	"2026-07-09 17:38:34.036534"
"2027-12-27"	"2"	"Monday"	"False"	"2027"	"12"	"December"	"361"	"1"	"5"	"4"	"2026-07-09 17:38:34.036534"
"2027-12-28"	"3"	"Tuesday"	"False"	"2027"	"12"	"December"	"362"	"1"	"5"	"4"	"2026-07-09 17:38:34.036534"
"2027-12-29"	"4"	"Wednesday"	"False"	"2027"	"12"	"December"	"363"	"1"	"5"	"4"	"2026-07-09 17:38:34.036534"
"2027-12-30"	"5"	"Thursday"	"False"	"2027"	"12"	"December"	"364"	"1"	"5"	"4"	"2026-07-09 17:38:34.036534"
"2027-12-31"	"6"	"Friday"	"False"	"2027"	"12"	"December"	"365"	"1"	"5"	"4"	"2026-07-09 17:38:34.036534"
"2028-01-01"	"7"	"Saturday"	"True"	"2028"	"1"	"January"	"1"	"1"	"1"	"1"	"2026-07-09 17:38:34.036534"
"2028-01-02"	"1"	"Sunday"	"True"	"2028"	"1"	"January"	"2"	"2"	"2"	"1"	"2026-07-09 17:38:34.036534"
"2028-01-03"	"2"	"Monday"	"False"	"2028"	"1"	"January"	"3"	"2"	"2"	"1"	"2026-07-09 17:38:34.036534"
"2028-01-04"	"3"	"Tuesday"	"False"	"2028"	"1"	"January"	"4"	"2"	"2"	"1"	"2026-07-09 17:38:34.036534"
"2028-01-05"	"4"	"Wednesday"	"False"	"2028"	"1"	"January"	"5"	"2"	"2"	"1"	"2026-07-09 17:38:34.036534"
"2028-01-06"	"5"	"Thursday"	"False"	"2028"	"1"	"January"	"6"	"2"	"2"	"1"	"2026-07-09 17:38:34.036534"
"2028-01-07"	"6"	"Friday"	"False"	"2028"	"1"	"January"	"7"	"2"	"2"	"1"	"2026-07-09 17:38:34.036534"
"2028-01-08"	"7"	"Saturday"	"True"	"2028"	"1"	"January"	"8"	"2"	"2"	"1"	"2026-07-09 17:38:34.036534"
"2028-01-09"	"1"	"Sunday"	"True"	"2028"	"1"	"January"	"9"	"3"	"3"	"1"	"2026-07-09 17:38:34.036534"
"2028-01-10"	"2"	"Monday"	"False"	"2028"	"1"	"January"	"10"	"3"	"3"	"1"	"2026-07-09 17:38:34.036534"
"2028-01-11"	"3"	"Tuesday"	"False"	"2028"	"1"	"January"	"11"	"3"	"3"	"1"	"2026-07-09 17:38:34.036534"
"2028-01-12"	"4"	"Wednesday"	"False"	"2028"	"1"	"January"	"12"	"3"	"3"	"1"	"2026-07-09 17:38:34.036534"
"2028-01-13"	"5"	"Thursday"	"False"	"2028"	"1"	"January"	"13"	"3"	"3"	"1"	"2026-07-09 17:38:34.036534"
"2028-01-14"	"6"	"Friday"	"False"	"2028"	"1"	"January"	"14"	"3"	"3"	"1"	"2026-07-09 17:38:34.036534"
"2028-01-15"	"7"	"Saturday"	"True"	"2028"	"1"	"January"	"15"	"3"	"3"	"1"	"2026-07-09 17:38:34.036534"
"2028-01-16"	"1"	"Sunday"	"True"	"2028"	"1"	"January"	"16"	"4"	"4"	"1"	"2026-07-09 17:38:34.036534"
"2028-01-17"	"2"	"Monday"	"False"	"2028"	"1"	"January"	"17"	"4"	"4"	"1"	"2026-07-09 17:38:34.036534"
"2028-01-18"	"3"	"Tuesday"	"False"	"2028"	"1"	"January"	"18"	"4"	"4"	"1"	"2026-07-09 17:38:34.036534"
"2028-01-19"	"4"	"Wednesday"	"False"	"2028"	"1"	"January"	"19"	"4"	"4"	"1"	"2026-07-09 17:38:34.036534"
"2028-01-20"	"5"	"Thursday"	"False"	"2028"	"1"	"January"	"20"	"4"	"4"	"1"	"2026-07-09 17:38:34.036534"
"2028-01-21"	"6"	"Friday"	"False"	"2028"	"1"	"January"	"21"	"4"	"4"	"1"	"2026-07-09 17:38:34.036534"
"2028-01-22"	"7"	"Saturday"	"True"	"2028"	"1"	"January"	"22"	"4"	"4"	"1"	"2026-07-09 17:38:34.036534"
"2028-01-23"	"1"	"Sunday"	"True"	"2028"	"1"	"January"	"23"	"5"	"5"	"1"	"2026-07-09 17:38:34.036534"
"2028-01-24"	"2"	"Monday"	"False"	"2028"	"1"	"January"	"24"	"5"	"5"	"1"	"2026-07-09 17:38:34.036534"
"2028-01-25"	"3"	"Tuesday"	"False"	"2028"	"1"	"January"	"25"	"5"	"5"	"1"	"2026-07-09 17:38:34.036534"
"2028-01-26"	"4"	"Wednesday"	"False"	"2028"	"1"	"January"	"26"	"5"	"5"	"1"	"2026-07-09 17:38:34.036534"
"2028-01-27"	"5"	"Thursday"	"False"	"2028"	"1"	"January"	"27"	"5"	"5"	"1"	"2026-07-09 17:38:34.036534"
"2028-01-28"	"6"	"Friday"	"False"	"2028"	"1"	"January"	"28"	"5"	"5"	"1"	"2026-07-09 17:38:34.036534"
"2028-01-29"	"7"	"Saturday"	"True"	"2028"	"1"	"January"	"29"	"5"	"5"	"1"	"2026-07-09 17:38:34.036534"
"2028-01-30"	"1"	"Sunday"	"True"	"2028"	"1"	"January"	"30"	"6"	"6"	"1"	"2026-07-09 17:38:34.036534"
"2028-01-31"	"2"	"Monday"	"False"	"2028"	"1"	"January"	"31"	"6"	"6"	"1"	"2026-07-09 17:38:34.036534"
"2028-02-01"	"3"	"Tuesday"	"False"	"2028"	"2"	"February"	"32"	"6"	"1"	"1"	"2026-07-09 17:38:34.036534"
"2028-02-02"	"4"	"Wednesday"	"False"	"2028"	"2"	"February"	"33"	"6"	"1"	"1"	"2026-07-09 17:38:34.036534"
"2028-02-03"	"5"	"Thursday"	"False"	"2028"	"2"	"February"	"34"	"6"	"1"	"1"	"2026-07-09 17:38:34.036534"
"2028-02-04"	"6"	"Friday"	"False"	"2028"	"2"	"February"	"35"	"6"	"1"	"1"	"2026-07-09 17:38:34.036534"
"2028-02-05"	"7"	"Saturday"	"True"	"2028"	"2"	"February"	"36"	"6"	"1"	"1"	"2026-07-09 17:38:34.036534"
"2028-02-06"	"1"	"Sunday"	"True"	"2028"	"2"	"February"	"37"	"7"	"2"	"1"	"2026-07-09 17:38:34.036534"
"2028-02-07"	"2"	"Monday"	"False"	"2028"	"2"	"February"	"38"	"7"	"2"	"1"	"2026-07-09 17:38:34.036534"
"2028-02-08"	"3"	"Tuesday"	"False"	"2028"	"2"	"February"	"39"	"7"	"2"	"1"	"2026-07-09 17:38:34.036534"
"2028-02-09"	"4"	"Wednesday"	"False"	"2028"	"2"	"February"	"40"	"7"	"2"	"1"	"2026-07-09 17:38:34.036534"
"2028-02-10"	"5"	"Thursday"	"False"	"2028"	"2"	"February"	"41"	"7"	"2"	"1"	"2026-07-09 17:38:34.036534"
"2028-02-11"	"6"	"Friday"	"False"	"2028"	"2"	"February"	"42"	"7"	"2"	"1"	"2026-07-09 17:38:34.036534"
"2028-02-12"	"7"	"Saturday"	"True"	"2028"	"2"	"February"	"43"	"7"	"2"	"1"	"2026-07-09 17:38:34.036534"
"2028-02-13"	"1"	"Sunday"	"True"	"2028"	"2"	"February"	"44"	"8"	"3"	"1"	"2026-07-09 17:38:34.036534"
"2028-02-14"	"2"	"Monday"	"False"	"2028"	"2"	"February"	"45"	"8"	"3"	"1"	"2026-07-09 17:38:34.036534"
"2028-02-15"	"3"	"Tuesday"	"False"	"2028"	"2"	"February"	"46"	"8"	"3"	"1"	"2026-07-09 17:38:34.036534"
"2028-02-16"	"4"	"Wednesday"	"False"	"2028"	"2"	"February"	"47"	"8"	"3"	"1"	"2026-07-09 17:38:34.036534"
"2028-02-17"	"5"	"Thursday"	"False"	"2028"	"2"	"February"	"48"	"8"	"3"	"1"	"2026-07-09 17:38:34.036534"
"2028-02-18"	"6"	"Friday"	"False"	"2028"	"2"	"February"	"49"	"8"	"3"	"1"	"2026-07-09 17:38:34.036534"
"2028-02-19"	"7"	"Saturday"	"True"	"2028"	"2"	"February"	"50"	"8"	"3"	"1"	"2026-07-09 17:38:34.036534"
"2028-02-20"	"1"	"Sunday"	"True"	"2028"	"2"	"February"	"51"	"9"	"4"	"1"	"2026-07-09 17:38:34.036534"
"2028-02-21"	"2"	"Monday"	"False"	"2028"	"2"	"February"	"52"	"9"	"4"	"1"	"2026-07-09 17:38:34.036534"
"2028-02-22"	"3"	"Tuesday"	"False"	"2028"	"2"	"February"	"53"	"9"	"4"	"1"	"2026-07-09 17:38:34.036534"
"2028-02-23"	"4"	"Wednesday"	"False"	"2028"	"2"	"February"	"54"	"9"	"4"	"1"	"2026-07-09 17:38:34.036534"
"2028-02-24"	"5"	"Thursday"	"False"	"2028"	"2"	"February"	"55"	"9"	"4"	"1"	"2026-07-09 17:38:34.036534"
"2028-02-25"	"6"	"Friday"	"False"	"2028"	"2"	"February"	"56"	"9"	"4"	"1"	"2026-07-09 17:38:34.036534"
"2028-02-26"	"7"	"Saturday"	"True"	"2028"	"2"	"February"	"57"	"9"	"4"	"1"	"2026-07-09 17:38:34.036534"
"2028-02-27"	"1"	"Sunday"	"True"	"2028"	"2"	"February"	"58"	"10"	"5"	"1"	"2026-07-09 17:38:34.036534"
"2028-02-28"	"2"	"Monday"	"False"	"2028"	"2"	"February"	"59"	"10"	"5"	"1"	"2026-07-09 17:38:34.036534"
"2028-02-29"	"3"	"Tuesday"	"False"	"2028"	"2"	"February"	"60"	"10"	"5"	"1"	"2026-07-09 17:38:34.036534"
"2028-03-01"	"4"	"Wednesday"	"False"	"2028"	"3"	"March"	"61"	"10"	"1"	"1"	"2026-07-09 17:38:34.036534"
"2028-03-02"	"5"	"Thursday"	"False"	"2028"	"3"	"March"	"62"	"10"	"1"	"1"	"2026-07-09 17:38:34.036534"
"2028-03-03"	"6"	"Friday"	"False"	"2028"	"3"	"March"	"63"	"10"	"1"	"1"	"2026-07-09 17:38:34.036534"
"2028-03-04"	"7"	"Saturday"	"True"	"2028"	"3"	"March"	"64"	"10"	"1"	"1"	"2026-07-09 17:38:34.036534"
"2028-03-05"	"1"	"Sunday"	"True"	"2028"	"3"	"March"	"65"	"11"	"2"	"1"	"2026-07-09 17:38:34.036534"
"2028-03-06"	"2"	"Monday"	"False"	"2028"	"3"	"March"	"66"	"11"	"2"	"1"	"2026-07-09 17:38:34.036534"
"2028-03-07"	"3"	"Tuesday"	"False"	"2028"	"3"	"March"	"67"	"11"	"2"	"1"	"2026-07-09 17:38:34.036534"
"2028-03-08"	"4"	"Wednesday"	"False"	"2028"	"3"	"March"	"68"	"11"	"2"	"1"	"2026-07-09 17:38:34.036534"
"2028-03-09"	"5"	"Thursday"	"False"	"2028"	"3"	"March"	"69"	"11"	"2"	"1"	"2026-07-09 17:38:34.036534"
"2028-03-10"	"6"	"Friday"	"False"	"2028"	"3"	"March"	"70"	"11"	"2"	"1"	"2026-07-09 17:38:34.036534"
"2028-03-11"	"7"	"Saturday"	"True"	"2028"	"3"	"March"	"71"	"11"	"2"	"1"	"2026-07-09 17:38:34.036534"
"2028-03-12"	"1"	"Sunday"	"True"	"2028"	"3"	"March"	"72"	"12"	"3"	"1"	"2026-07-09 17:38:34.036534"
"2028-03-13"	"2"	"Monday"	"False"	"2028"	"3"	"March"	"73"	"12"	"3"	"1"	"2026-07-09 17:38:34.036534"
"2028-03-14"	"3"	"Tuesday"	"False"	"2028"	"3"	"March"	"74"	"12"	"3"	"1"	"2026-07-09 17:38:34.036534"
"2028-03-15"	"4"	"Wednesday"	"False"	"2028"	"3"	"March"	"75"	"12"	"3"	"1"	"2026-07-09 17:38:34.036534"
"2028-03-16"	"5"	"Thursday"	"False"	"2028"	"3"	"March"	"76"	"12"	"3"	"1"	"2026-07-09 17:38:34.036534"
"2028-03-17"	"6"	"Friday"	"False"	"2028"	"3"	"March"	"77"	"12"	"3"	"1"	"2026-07-09 17:38:34.036534"
"2028-03-18"	"7"	"Saturday"	"True"	"2028"	"3"	"March"	"78"	"12"	"3"	"1"	"2026-07-09 17:38:34.036534"
"2028-03-19"	"1"	"Sunday"	"True"	"2028"	"3"	"March"	"79"	"13"	"4"	"1"	"2026-07-09 17:38:34.036534"
"2028-03-20"	"2"	"Monday"	"False"	"2028"	"3"	"March"	"80"	"13"	"4"	"1"	"2026-07-09 17:38:34.036534"
"2028-03-21"	"3"	"Tuesday"	"False"	"2028"	"3"	"March"	"81"	"13"	"4"	"1"	"2026-07-09 17:38:34.036534"
"2028-03-22"	"4"	"Wednesday"	"False"	"2028"	"3"	"March"	"82"	"13"	"4"	"1"	"2026-07-09 17:38:34.036534"
"2028-03-23"	"5"	"Thursday"	"False"	"2028"	"3"	"March"	"83"	"13"	"4"	"1"	"2026-07-09 17:38:34.036534"
"2028-03-24"	"6"	"Friday"	"False"	"2028"	"3"	"March"	"84"	"13"	"4"	"1"	"2026-07-09 17:38:34.036534"
"2028-03-25"	"7"	"Saturday"	"True"	"2028"	"3"	"March"	"85"	"13"	"4"	"1"	"2026-07-09 17:38:34.036534"
"2028-03-26"	"1"	"Sunday"	"True"	"2028"	"3"	"March"	"86"	"14"	"5"	"1"	"2026-07-09 17:38:34.036534"
"2028-03-27"	"2"	"Monday"	"False"	"2028"	"3"	"March"	"87"	"14"	"5"	"1"	"2026-07-09 17:38:34.036534"
"2028-03-28"	"3"	"Tuesday"	"False"	"2028"	"3"	"March"	"88"	"14"	"5"	"1"	"2026-07-09 17:38:34.036534"
"2028-03-29"	"4"	"Wednesday"	"False"	"2028"	"3"	"March"	"89"	"14"	"5"	"1"	"2026-07-09 17:38:34.036534"
"2028-03-30"	"5"	"Thursday"	"False"	"2028"	"3"	"March"	"90"	"14"	"5"	"1"	"2026-07-09 17:38:34.036534"
"2028-03-31"	"6"	"Friday"	"False"	"2028"	"3"	"March"	"91"	"14"	"5"	"1"	"2026-07-09 17:38:34.036534"
"2028-04-01"	"7"	"Saturday"	"True"	"2028"	"4"	"April"	"92"	"14"	"1"	"2"	"2026-07-09 17:38:34.036534"
"2028-04-02"	"1"	"Sunday"	"True"	"2028"	"4"	"April"	"93"	"15"	"2"	"2"	"2026-07-09 17:38:34.036534"
"2028-04-03"	"2"	"Monday"	"False"	"2028"	"4"	"April"	"94"	"15"	"2"	"2"	"2026-07-09 17:38:34.036534"
"2028-04-04"	"3"	"Tuesday"	"False"	"2028"	"4"	"April"	"95"	"15"	"2"	"2"	"2026-07-09 17:38:34.036534"
"2028-04-05"	"4"	"Wednesday"	"False"	"2028"	"4"	"April"	"96"	"15"	"2"	"2"	"2026-07-09 17:38:34.036534"
"2028-04-06"	"5"	"Thursday"	"False"	"2028"	"4"	"April"	"97"	"15"	"2"	"2"	"2026-07-09 17:38:34.036534"
"2028-04-07"	"6"	"Friday"	"False"	"2028"	"4"	"April"	"98"	"15"	"2"	"2"	"2026-07-09 17:38:34.036534"
"2028-04-08"	"7"	"Saturday"	"True"	"2028"	"4"	"April"	"99"	"15"	"2"	"2"	"2026-07-09 17:38:34.036534"
"2028-04-09"	"1"	"Sunday"	"True"	"2028"	"4"	"April"	"100"	"16"	"3"	"2"	"2026-07-09 17:38:34.036534"
"2028-04-10"	"2"	"Monday"	"False"	"2028"	"4"	"April"	"101"	"16"	"3"	"2"	"2026-07-09 17:38:34.036534"
"2028-04-11"	"3"	"Tuesday"	"False"	"2028"	"4"	"April"	"102"	"16"	"3"	"2"	"2026-07-09 17:38:34.036534"
"2028-04-12"	"4"	"Wednesday"	"False"	"2028"	"4"	"April"	"103"	"16"	"3"	"2"	"2026-07-09 17:38:34.036534"
"2028-04-13"	"5"	"Thursday"	"False"	"2028"	"4"	"April"	"104"	"16"	"3"	"2"	"2026-07-09 17:38:34.036534"
"2028-04-14"	"6"	"Friday"	"False"	"2028"	"4"	"April"	"105"	"16"	"3"	"2"	"2026-07-09 17:38:34.036534"
"2028-04-15"	"7"	"Saturday"	"True"	"2028"	"4"	"April"	"106"	"16"	"3"	"2"	"2026-07-09 17:38:34.036534"
"2028-04-16"	"1"	"Sunday"	"True"	"2028"	"4"	"April"	"107"	"17"	"4"	"2"	"2026-07-09 17:38:34.036534"
"2028-04-17"	"2"	"Monday"	"False"	"2028"	"4"	"April"	"108"	"17"	"4"	"2"	"2026-07-09 17:38:34.036534"
"2028-04-18"	"3"	"Tuesday"	"False"	"2028"	"4"	"April"	"109"	"17"	"4"	"2"	"2026-07-09 17:38:34.036534"
"2028-04-19"	"4"	"Wednesday"	"False"	"2028"	"4"	"April"	"110"	"17"	"4"	"2"	"2026-07-09 17:38:34.036534"
"2028-04-20"	"5"	"Thursday"	"False"	"2028"	"4"	"April"	"111"	"17"	"4"	"2"	"2026-07-09 17:38:34.036534"
"2028-04-21"	"6"	"Friday"	"False"	"2028"	"4"	"April"	"112"	"17"	"4"	"2"	"2026-07-09 17:38:34.036534"
"2028-04-22"	"7"	"Saturday"	"True"	"2028"	"4"	"April"	"113"	"17"	"4"	"2"	"2026-07-09 17:38:34.036534"
"2028-04-23"	"1"	"Sunday"	"True"	"2028"	"4"	"April"	"114"	"18"	"5"	"2"	"2026-07-09 17:38:34.036534"
"2028-04-24"	"2"	"Monday"	"False"	"2028"	"4"	"April"	"115"	"18"	"5"	"2"	"2026-07-09 17:38:34.036534"
"2028-04-25"	"3"	"Tuesday"	"False"	"2028"	"4"	"April"	"116"	"18"	"5"	"2"	"2026-07-09 17:38:34.036534"
"2028-04-26"	"4"	"Wednesday"	"False"	"2028"	"4"	"April"	"117"	"18"	"5"	"2"	"2026-07-09 17:38:34.036534"
"2028-04-27"	"5"	"Thursday"	"False"	"2028"	"4"	"April"	"118"	"18"	"5"	"2"	"2026-07-09 17:38:34.036534"
"2028-04-28"	"6"	"Friday"	"False"	"2028"	"4"	"April"	"119"	"18"	"5"	"2"	"2026-07-09 17:38:34.036534"
"2028-04-29"	"7"	"Saturday"	"True"	"2028"	"4"	"April"	"120"	"18"	"5"	"2"	"2026-07-09 17:38:34.036534"
"2028-04-30"	"1"	"Sunday"	"True"	"2028"	"4"	"April"	"121"	"19"	"6"	"2"	"2026-07-09 17:38:34.036534"
"2028-05-01"	"2"	"Monday"	"False"	"2028"	"5"	"May"	"122"	"19"	"1"	"2"	"2026-07-09 17:38:34.036534"
"2028-05-02"	"3"	"Tuesday"	"False"	"2028"	"5"	"May"	"123"	"19"	"1"	"2"	"2026-07-09 17:38:34.036534"
"2028-05-03"	"4"	"Wednesday"	"False"	"2028"	"5"	"May"	"124"	"19"	"1"	"2"	"2026-07-09 17:38:34.036534"
"2028-05-04"	"5"	"Thursday"	"False"	"2028"	"5"	"May"	"125"	"19"	"1"	"2"	"2026-07-09 17:38:34.036534"
"2028-05-05"	"6"	"Friday"	"False"	"2028"	"5"	"May"	"126"	"19"	"1"	"2"	"2026-07-09 17:38:34.036534"
"2028-05-06"	"7"	"Saturday"	"True"	"2028"	"5"	"May"	"127"	"19"	"1"	"2"	"2026-07-09 17:38:34.036534"
"2028-05-07"	"1"	"Sunday"	"True"	"2028"	"5"	"May"	"128"	"20"	"2"	"2"	"2026-07-09 17:38:34.036534"
"2028-05-08"	"2"	"Monday"	"False"	"2028"	"5"	"May"	"129"	"20"	"2"	"2"	"2026-07-09 17:38:34.036534"
"2028-05-09"	"3"	"Tuesday"	"False"	"2028"	"5"	"May"	"130"	"20"	"2"	"2"	"2026-07-09 17:38:34.036534"
"2028-05-10"	"4"	"Wednesday"	"False"	"2028"	"5"	"May"	"131"	"20"	"2"	"2"	"2026-07-09 17:38:34.036534"
"2028-05-11"	"5"	"Thursday"	"False"	"2028"	"5"	"May"	"132"	"20"	"2"	"2"	"2026-07-09 17:38:34.036534"
"2028-05-12"	"6"	"Friday"	"False"	"2028"	"5"	"May"	"133"	"20"	"2"	"2"	"2026-07-09 17:38:34.036534"
"2028-05-13"	"7"	"Saturday"	"True"	"2028"	"5"	"May"	"134"	"20"	"2"	"2"	"2026-07-09 17:38:34.036534"
"2028-05-14"	"1"	"Sunday"	"True"	"2028"	"5"	"May"	"135"	"21"	"3"	"2"	"2026-07-09 17:38:34.036534"
"2028-05-15"	"2"	"Monday"	"False"	"2028"	"5"	"May"	"136"	"21"	"3"	"2"	"2026-07-09 17:38:34.036534"
"2028-05-16"	"3"	"Tuesday"	"False"	"2028"	"5"	"May"	"137"	"21"	"3"	"2"	"2026-07-09 17:38:34.036534"
"2028-05-17"	"4"	"Wednesday"	"False"	"2028"	"5"	"May"	"138"	"21"	"3"	"2"	"2026-07-09 17:38:34.036534"
"2028-05-18"	"5"	"Thursday"	"False"	"2028"	"5"	"May"	"139"	"21"	"3"	"2"	"2026-07-09 17:38:34.036534"
"2028-05-19"	"6"	"Friday"	"False"	"2028"	"5"	"May"	"140"	"21"	"3"	"2"	"2026-07-09 17:38:34.036534"
"2028-05-20"	"7"	"Saturday"	"True"	"2028"	"5"	"May"	"141"	"21"	"3"	"2"	"2026-07-09 17:38:34.036534"
"2028-05-21"	"1"	"Sunday"	"True"	"2028"	"5"	"May"	"142"	"22"	"4"	"2"	"2026-07-09 17:38:34.036534"
"2028-05-22"	"2"	"Monday"	"False"	"2028"	"5"	"May"	"143"	"22"	"4"	"2"	"2026-07-09 17:38:34.036534"
"2028-05-23"	"3"	"Tuesday"	"False"	"2028"	"5"	"May"	"144"	"22"	"4"	"2"	"2026-07-09 17:38:34.036534"
"2028-05-24"	"4"	"Wednesday"	"False"	"2028"	"5"	"May"	"145"	"22"	"4"	"2"	"2026-07-09 17:38:34.036534"
"2028-05-25"	"5"	"Thursday"	"False"	"2028"	"5"	"May"	"146"	"22"	"4"	"2"	"2026-07-09 17:38:34.036534"
"2028-05-26"	"6"	"Friday"	"False"	"2028"	"5"	"May"	"147"	"22"	"4"	"2"	"2026-07-09 17:38:34.036534"
"2028-05-27"	"7"	"Saturday"	"True"	"2028"	"5"	"May"	"148"	"22"	"4"	"2"	"2026-07-09 17:38:34.036534"
"2028-05-28"	"1"	"Sunday"	"True"	"2028"	"5"	"May"	"149"	"23"	"5"	"2"	"2026-07-09 17:38:34.036534"
"2028-05-29"	"2"	"Monday"	"False"	"2028"	"5"	"May"	"150"	"23"	"5"	"2"	"2026-07-09 17:38:34.036534"
"2028-05-30"	"3"	"Tuesday"	"False"	"2028"	"5"	"May"	"151"	"23"	"5"	"2"	"2026-07-09 17:38:34.036534"
"2028-05-31"	"4"	"Wednesday"	"False"	"2028"	"5"	"May"	"152"	"23"	"5"	"2"	"2026-07-09 17:38:34.036534"
"2028-06-01"	"5"	"Thursday"	"False"	"2028"	"6"	"June"	"153"	"23"	"1"	"2"	"2026-07-09 17:38:34.036534"
"2028-06-02"	"6"	"Friday"	"False"	"2028"	"6"	"June"	"154"	"23"	"1"	"2"	"2026-07-09 17:38:34.036534"
"2028-06-03"	"7"	"Saturday"	"True"	"2028"	"6"	"June"	"155"	"23"	"1"	"2"	"2026-07-09 17:38:34.036534"
"2028-06-04"	"1"	"Sunday"	"True"	"2028"	"6"	"June"	"156"	"24"	"2"	"2"	"2026-07-09 17:38:34.036534"
"2028-06-05"	"2"	"Monday"	"False"	"2028"	"6"	"June"	"157"	"24"	"2"	"2"	"2026-07-09 17:38:34.036534"
"2028-06-06"	"3"	"Tuesday"	"False"	"2028"	"6"	"June"	"158"	"24"	"2"	"2"	"2026-07-09 17:38:34.036534"
"2028-06-07"	"4"	"Wednesday"	"False"	"2028"	"6"	"June"	"159"	"24"	"2"	"2"	"2026-07-09 17:38:34.036534"
"2028-06-08"	"5"	"Thursday"	"False"	"2028"	"6"	"June"	"160"	"24"	"2"	"2"	"2026-07-09 17:38:34.036534"
"2028-06-09"	"6"	"Friday"	"False"	"2028"	"6"	"June"	"161"	"24"	"2"	"2"	"2026-07-09 17:38:34.036534"
"2028-06-10"	"7"	"Saturday"	"True"	"2028"	"6"	"June"	"162"	"24"	"2"	"2"	"2026-07-09 17:38:34.036534"
"2028-06-11"	"1"	"Sunday"	"True"	"2028"	"6"	"June"	"163"	"25"	"3"	"2"	"2026-07-09 17:38:34.036534"
"2028-06-12"	"2"	"Monday"	"False"	"2028"	"6"	"June"	"164"	"25"	"3"	"2"	"2026-07-09 17:38:34.036534"
"2028-06-13"	"3"	"Tuesday"	"False"	"2028"	"6"	"June"	"165"	"25"	"3"	"2"	"2026-07-09 17:38:34.036534"
"2028-06-14"	"4"	"Wednesday"	"False"	"2028"	"6"	"June"	"166"	"25"	"3"	"2"	"2026-07-09 17:38:34.036534"
"2028-06-15"	"5"	"Thursday"	"False"	"2028"	"6"	"June"	"167"	"25"	"3"	"2"	"2026-07-09 17:38:34.036534"
"2028-06-16"	"6"	"Friday"	"False"	"2028"	"6"	"June"	"168"	"25"	"3"	"2"	"2026-07-09 17:38:34.036534"
"2028-06-17"	"7"	"Saturday"	"True"	"2028"	"6"	"June"	"169"	"25"	"3"	"2"	"2026-07-09 17:38:34.036534"
"2028-06-18"	"1"	"Sunday"	"True"	"2028"	"6"	"June"	"170"	"26"	"4"	"2"	"2026-07-09 17:38:34.036534"
"2028-06-19"	"2"	"Monday"	"False"	"2028"	"6"	"June"	"171"	"26"	"4"	"2"	"2026-07-09 17:38:34.036534"
"2028-06-20"	"3"	"Tuesday"	"False"	"2028"	"6"	"June"	"172"	"26"	"4"	"2"	"2026-07-09 17:38:34.036534"
"2028-06-21"	"4"	"Wednesday"	"False"	"2028"	"6"	"June"	"173"	"26"	"4"	"2"	"2026-07-09 17:38:34.036534"
"2028-06-22"	"5"	"Thursday"	"False"	"2028"	"6"	"June"	"174"	"26"	"4"	"2"	"2026-07-09 17:38:34.036534"
"2028-06-23"	"6"	"Friday"	"False"	"2028"	"6"	"June"	"175"	"26"	"4"	"2"	"2026-07-09 17:38:34.036534"
"2028-06-24"	"7"	"Saturday"	"True"	"2028"	"6"	"June"	"176"	"26"	"4"	"2"	"2026-07-09 17:38:34.036534"
"2028-06-25"	"1"	"Sunday"	"True"	"2028"	"6"	"June"	"177"	"27"	"5"	"2"	"2026-07-09 17:38:34.036534"
"2028-06-26"	"2"	"Monday"	"False"	"2028"	"6"	"June"	"178"	"27"	"5"	"2"	"2026-07-09 17:38:34.036534"
"2028-06-27"	"3"	"Tuesday"	"False"	"2028"	"6"	"June"	"179"	"27"	"5"	"2"	"2026-07-09 17:38:34.036534"
"2028-06-28"	"4"	"Wednesday"	"False"	"2028"	"6"	"June"	"180"	"27"	"5"	"2"	"2026-07-09 17:38:34.036534"
"2028-06-29"	"5"	"Thursday"	"False"	"2028"	"6"	"June"	"181"	"27"	"5"	"2"	"2026-07-09 17:38:34.036534"
"2028-06-30"	"6"	"Friday"	"False"	"2028"	"6"	"June"	"182"	"27"	"5"	"2"	"2026-07-09 17:38:34.036534"
"2028-07-01"	"7"	"Saturday"	"True"	"2028"	"7"	"July"	"183"	"27"	"1"	"3"	"2026-07-09 17:38:34.036534"
"2028-07-02"	"1"	"Sunday"	"True"	"2028"	"7"	"July"	"184"	"28"	"2"	"3"	"2026-07-09 17:38:34.036534"
"2028-07-03"	"2"	"Monday"	"False"	"2028"	"7"	"July"	"185"	"28"	"2"	"3"	"2026-07-09 17:38:34.036534"
"2028-07-04"	"3"	"Tuesday"	"False"	"2028"	"7"	"July"	"186"	"28"	"2"	"3"	"2026-07-09 17:38:34.036534"
"2028-07-05"	"4"	"Wednesday"	"False"	"2028"	"7"	"July"	"187"	"28"	"2"	"3"	"2026-07-09 17:38:34.036534"
"2028-07-06"	"5"	"Thursday"	"False"	"2028"	"7"	"July"	"188"	"28"	"2"	"3"	"2026-07-09 17:38:34.036534"
"2028-07-07"	"6"	"Friday"	"False"	"2028"	"7"	"July"	"189"	"28"	"2"	"3"	"2026-07-09 17:38:34.036534"
"2028-07-08"	"7"	"Saturday"	"True"	"2028"	"7"	"July"	"190"	"28"	"2"	"3"	"2026-07-09 17:38:34.036534"
"2028-07-09"	"1"	"Sunday"	"True"	"2028"	"7"	"July"	"191"	"29"	"3"	"3"	"2026-07-09 17:38:34.036534"
"2028-07-10"	"2"	"Monday"	"False"	"2028"	"7"	"July"	"192"	"29"	"3"	"3"	"2026-07-09 17:38:34.036534"
"2028-07-11"	"3"	"Tuesday"	"False"	"2028"	"7"	"July"	"193"	"29"	"3"	"3"	"2026-07-09 17:38:34.036534"
"2028-07-12"	"4"	"Wednesday"	"False"	"2028"	"7"	"July"	"194"	"29"	"3"	"3"	"2026-07-09 17:38:34.036534"
"2028-07-13"	"5"	"Thursday"	"False"	"2028"	"7"	"July"	"195"	"29"	"3"	"3"	"2026-07-09 17:38:34.036534"
"2028-07-14"	"6"	"Friday"	"False"	"2028"	"7"	"July"	"196"	"29"	"3"	"3"	"2026-07-09 17:38:34.036534"
"2028-07-15"	"7"	"Saturday"	"True"	"2028"	"7"	"July"	"197"	"29"	"3"	"3"	"2026-07-09 17:38:34.036534"
"2028-07-16"	"1"	"Sunday"	"True"	"2028"	"7"	"July"	"198"	"30"	"4"	"3"	"2026-07-09 17:38:34.036534"
"2028-07-17"	"2"	"Monday"	"False"	"2028"	"7"	"July"	"199"	"30"	"4"	"3"	"2026-07-09 17:38:34.036534"
"2028-07-18"	"3"	"Tuesday"	"False"	"2028"	"7"	"July"	"200"	"30"	"4"	"3"	"2026-07-09 17:38:34.036534"
"2028-07-19"	"4"	"Wednesday"	"False"	"2028"	"7"	"July"	"201"	"30"	"4"	"3"	"2026-07-09 17:38:34.036534"
"2028-07-20"	"5"	"Thursday"	"False"	"2028"	"7"	"July"	"202"	"30"	"4"	"3"	"2026-07-09 17:38:34.036534"
"2028-07-21"	"6"	"Friday"	"False"	"2028"	"7"	"July"	"203"	"30"	"4"	"3"	"2026-07-09 17:38:34.036534"
"2028-07-22"	"7"	"Saturday"	"True"	"2028"	"7"	"July"	"204"	"30"	"4"	"3"	"2026-07-09 17:38:34.036534"
"2028-07-23"	"1"	"Sunday"	"True"	"2028"	"7"	"July"	"205"	"31"	"5"	"3"	"2026-07-09 17:38:34.036534"
"2028-07-24"	"2"	"Monday"	"False"	"2028"	"7"	"July"	"206"	"31"	"5"	"3"	"2026-07-09 17:38:34.036534"
"2028-07-25"	"3"	"Tuesday"	"False"	"2028"	"7"	"July"	"207"	"31"	"5"	"3"	"2026-07-09 17:38:34.036534"
"2028-07-26"	"4"	"Wednesday"	"False"	"2028"	"7"	"July"	"208"	"31"	"5"	"3"	"2026-07-09 17:38:34.036534"
"2028-07-27"	"5"	"Thursday"	"False"	"2028"	"7"	"July"	"209"	"31"	"5"	"3"	"2026-07-09 17:38:34.036534"
"2028-07-28"	"6"	"Friday"	"False"	"2028"	"7"	"July"	"210"	"31"	"5"	"3"	"2026-07-09 17:38:34.036534"
"2028-07-29"	"7"	"Saturday"	"True"	"2028"	"7"	"July"	"211"	"31"	"5"	"3"	"2026-07-09 17:38:34.036534"
"2028-07-30"	"1"	"Sunday"	"True"	"2028"	"7"	"July"	"212"	"32"	"6"	"3"	"2026-07-09 17:38:34.036534"
"2028-07-31"	"2"	"Monday"	"False"	"2028"	"7"	"July"	"213"	"32"	"6"	"3"	"2026-07-09 17:38:34.036534"
"2028-08-01"	"3"	"Tuesday"	"False"	"2028"	"8"	"August"	"214"	"32"	"1"	"3"	"2026-07-09 17:38:34.036534"
"2028-08-02"	"4"	"Wednesday"	"False"	"2028"	"8"	"August"	"215"	"32"	"1"	"3"	"2026-07-09 17:38:34.036534"
"2028-08-03"	"5"	"Thursday"	"False"	"2028"	"8"	"August"	"216"	"32"	"1"	"3"	"2026-07-09 17:38:34.036534"
"2028-08-04"	"6"	"Friday"	"False"	"2028"	"8"	"August"	"217"	"32"	"1"	"3"	"2026-07-09 17:38:34.036534"
"2028-08-05"	"7"	"Saturday"	"True"	"2028"	"8"	"August"	"218"	"32"	"1"	"3"	"2026-07-09 17:38:34.036534"
"2028-08-06"	"1"	"Sunday"	"True"	"2028"	"8"	"August"	"219"	"33"	"2"	"3"	"2026-07-09 17:38:34.036534"
"2028-08-07"	"2"	"Monday"	"False"	"2028"	"8"	"August"	"220"	"33"	"2"	"3"	"2026-07-09 17:38:34.036534"
"2028-08-08"	"3"	"Tuesday"	"False"	"2028"	"8"	"August"	"221"	"33"	"2"	"3"	"2026-07-09 17:38:34.036534"
"2028-08-09"	"4"	"Wednesday"	"False"	"2028"	"8"	"August"	"222"	"33"	"2"	"3"	"2026-07-09 17:38:34.036534"
"2028-08-10"	"5"	"Thursday"	"False"	"2028"	"8"	"August"	"223"	"33"	"2"	"3"	"2026-07-09 17:38:34.036534"
"2028-08-11"	"6"	"Friday"	"False"	"2028"	"8"	"August"	"224"	"33"	"2"	"3"	"2026-07-09 17:38:34.036534"
"2028-08-12"	"7"	"Saturday"	"True"	"2028"	"8"	"August"	"225"	"33"	"2"	"3"	"2026-07-09 17:38:34.036534"
"2028-08-13"	"1"	"Sunday"	"True"	"2028"	"8"	"August"	"226"	"34"	"3"	"3"	"2026-07-09 17:38:34.036534"
"2028-08-14"	"2"	"Monday"	"False"	"2028"	"8"	"August"	"227"	"34"	"3"	"3"	"2026-07-09 17:38:34.036534"
"2028-08-15"	"3"	"Tuesday"	"False"	"2028"	"8"	"August"	"228"	"34"	"3"	"3"	"2026-07-09 17:38:34.036534"
"2028-08-16"	"4"	"Wednesday"	"False"	"2028"	"8"	"August"	"229"	"34"	"3"	"3"	"2026-07-09 17:38:34.036534"
"2028-08-17"	"5"	"Thursday"	"False"	"2028"	"8"	"August"	"230"	"34"	"3"	"3"	"2026-07-09 17:38:34.036534"
"2028-08-18"	"6"	"Friday"	"False"	"2028"	"8"	"August"	"231"	"34"	"3"	"3"	"2026-07-09 17:38:34.036534"
"2028-08-19"	"7"	"Saturday"	"True"	"2028"	"8"	"August"	"232"	"34"	"3"	"3"	"2026-07-09 17:38:34.036534"
"2028-08-20"	"1"	"Sunday"	"True"	"2028"	"8"	"August"	"233"	"35"	"4"	"3"	"2026-07-09 17:38:34.036534"
"2028-08-21"	"2"	"Monday"	"False"	"2028"	"8"	"August"	"234"	"35"	"4"	"3"	"2026-07-09 17:38:34.036534"
"2028-08-22"	"3"	"Tuesday"	"False"	"2028"	"8"	"August"	"235"	"35"	"4"	"3"	"2026-07-09 17:38:34.036534"
"2028-08-23"	"4"	"Wednesday"	"False"	"2028"	"8"	"August"	"236"	"35"	"4"	"3"	"2026-07-09 17:38:34.036534"
"2028-08-24"	"5"	"Thursday"	"False"	"2028"	"8"	"August"	"237"	"35"	"4"	"3"	"2026-07-09 17:38:34.036534"
"2028-08-25"	"6"	"Friday"	"False"	"2028"	"8"	"August"	"238"	"35"	"4"	"3"	"2026-07-09 17:38:34.036534"
"2028-08-26"	"7"	"Saturday"	"True"	"2028"	"8"	"August"	"239"	"35"	"4"	"3"	"2026-07-09 17:38:34.036534"
"2028-08-27"	"1"	"Sunday"	"True"	"2028"	"8"	"August"	"240"	"36"	"5"	"3"	"2026-07-09 17:38:34.036534"
"2028-08-28"	"2"	"Monday"	"False"	"2028"	"8"	"August"	"241"	"36"	"5"	"3"	"2026-07-09 17:38:34.036534"
"2028-08-29"	"3"	"Tuesday"	"False"	"2028"	"8"	"August"	"242"	"36"	"5"	"3"	"2026-07-09 17:38:34.036534"
"2028-08-30"	"4"	"Wednesday"	"False"	"2028"	"8"	"August"	"243"	"36"	"5"	"3"	"2026-07-09 17:38:34.036534"
"2028-08-31"	"5"	"Thursday"	"False"	"2028"	"8"	"August"	"244"	"36"	"5"	"3"	"2026-07-09 17:38:34.036534"
"2028-09-01"	"6"	"Friday"	"False"	"2028"	"9"	"September"	"245"	"36"	"1"	"3"	"2026-07-09 17:38:34.036534"
"2028-09-02"	"7"	"Saturday"	"True"	"2028"	"9"	"September"	"246"	"36"	"1"	"3"	"2026-07-09 17:38:34.036534"
"2028-09-03"	"1"	"Sunday"	"True"	"2028"	"9"	"September"	"247"	"37"	"2"	"3"	"2026-07-09 17:38:34.036534"
"2028-09-04"	"2"	"Monday"	"False"	"2028"	"9"	"September"	"248"	"37"	"2"	"3"	"2026-07-09 17:38:34.036534"
"2028-09-05"	"3"	"Tuesday"	"False"	"2028"	"9"	"September"	"249"	"37"	"2"	"3"	"2026-07-09 17:38:34.036534"
"2028-09-06"	"4"	"Wednesday"	"False"	"2028"	"9"	"September"	"250"	"37"	"2"	"3"	"2026-07-09 17:38:34.036534"
"2028-09-07"	"5"	"Thursday"	"False"	"2028"	"9"	"September"	"251"	"37"	"2"	"3"	"2026-07-09 17:38:34.036534"
"2028-09-08"	"6"	"Friday"	"False"	"2028"	"9"	"September"	"252"	"37"	"2"	"3"	"2026-07-09 17:38:34.036534"
"2028-09-09"	"7"	"Saturday"	"True"	"2028"	"9"	"September"	"253"	"37"	"2"	"3"	"2026-07-09 17:38:34.036534"
"2028-09-10"	"1"	"Sunday"	"True"	"2028"	"9"	"September"	"254"	"38"	"3"	"3"	"2026-07-09 17:38:34.036534"
"2028-09-11"	"2"	"Monday"	"False"	"2028"	"9"	"September"	"255"	"38"	"3"	"3"	"2026-07-09 17:38:34.036534"
"2028-09-12"	"3"	"Tuesday"	"False"	"2028"	"9"	"September"	"256"	"38"	"3"	"3"	"2026-07-09 17:38:34.036534"
"2028-09-13"	"4"	"Wednesday"	"False"	"2028"	"9"	"September"	"257"	"38"	"3"	"3"	"2026-07-09 17:38:34.036534"
"2028-09-14"	"5"	"Thursday"	"False"	"2028"	"9"	"September"	"258"	"38"	"3"	"3"	"2026-07-09 17:38:34.036534"
"2028-09-15"	"6"	"Friday"	"False"	"2028"	"9"	"September"	"259"	"38"	"3"	"3"	"2026-07-09 17:38:34.036534"
"2028-09-16"	"7"	"Saturday"	"True"	"2028"	"9"	"September"	"260"	"38"	"3"	"3"	"2026-07-09 17:38:34.036534"
"2028-09-17"	"1"	"Sunday"	"True"	"2028"	"9"	"September"	"261"	"39"	"4"	"3"	"2026-07-09 17:38:34.036534"
"2028-09-18"	"2"	"Monday"	"False"	"2028"	"9"	"September"	"262"	"39"	"4"	"3"	"2026-07-09 17:38:34.036534"
"2028-09-19"	"3"	"Tuesday"	"False"	"2028"	"9"	"September"	"263"	"39"	"4"	"3"	"2026-07-09 17:38:34.036534"
"2028-09-20"	"4"	"Wednesday"	"False"	"2028"	"9"	"September"	"264"	"39"	"4"	"3"	"2026-07-09 17:38:34.036534"
"2028-09-21"	"5"	"Thursday"	"False"	"2028"	"9"	"September"	"265"	"39"	"4"	"3"	"2026-07-09 17:38:34.036534"
"2028-09-22"	"6"	"Friday"	"False"	"2028"	"9"	"September"	"266"	"39"	"4"	"3"	"2026-07-09 17:38:34.036534"
"2028-09-23"	"7"	"Saturday"	"True"	"2028"	"9"	"September"	"267"	"39"	"4"	"3"	"2026-07-09 17:38:34.036534"
"2028-09-24"	"1"	"Sunday"	"True"	"2028"	"9"	"September"	"268"	"40"	"5"	"3"	"2026-07-09 17:38:34.036534"
"2028-09-25"	"2"	"Monday"	"False"	"2028"	"9"	"September"	"269"	"40"	"5"	"3"	"2026-07-09 17:38:34.036534"
"2028-09-26"	"3"	"Tuesday"	"False"	"2028"	"9"	"September"	"270"	"40"	"5"	"3"	"2026-07-09 17:38:34.036534"
"2028-09-27"	"4"	"Wednesday"	"False"	"2028"	"9"	"September"	"271"	"40"	"5"	"3"	"2026-07-09 17:38:34.036534"
"2028-09-28"	"5"	"Thursday"	"False"	"2028"	"9"	"September"	"272"	"40"	"5"	"3"	"2026-07-09 17:38:34.036534"
"2028-09-29"	"6"	"Friday"	"False"	"2028"	"9"	"September"	"273"	"40"	"5"	"3"	"2026-07-09 17:38:34.036534"
"2028-09-30"	"7"	"Saturday"	"True"	"2028"	"9"	"September"	"274"	"40"	"5"	"3"	"2026-07-09 17:38:34.036534"
"2028-10-01"	"1"	"Sunday"	"True"	"2028"	"10"	"October"	"275"	"41"	"1"	"4"	"2026-07-09 17:38:34.036534"
"2028-10-02"	"2"	"Monday"	"False"	"2028"	"10"	"October"	"276"	"41"	"1"	"4"	"2026-07-09 17:38:34.036534"
"2028-10-03"	"3"	"Tuesday"	"False"	"2028"	"10"	"October"	"277"	"41"	"1"	"4"	"2026-07-09 17:38:34.036534"
"2028-10-04"	"4"	"Wednesday"	"False"	"2028"	"10"	"October"	"278"	"41"	"1"	"4"	"2026-07-09 17:38:34.036534"
"2028-10-05"	"5"	"Thursday"	"False"	"2028"	"10"	"October"	"279"	"41"	"1"	"4"	"2026-07-09 17:38:34.036534"
"2028-10-06"	"6"	"Friday"	"False"	"2028"	"10"	"October"	"280"	"41"	"1"	"4"	"2026-07-09 17:38:34.036534"
"2028-10-07"	"7"	"Saturday"	"True"	"2028"	"10"	"October"	"281"	"41"	"1"	"4"	"2026-07-09 17:38:34.036534"
"2028-10-08"	"1"	"Sunday"	"True"	"2028"	"10"	"October"	"282"	"42"	"2"	"4"	"2026-07-09 17:38:34.036534"
"2028-10-09"	"2"	"Monday"	"False"	"2028"	"10"	"October"	"283"	"42"	"2"	"4"	"2026-07-09 17:38:34.036534"
"2028-10-10"	"3"	"Tuesday"	"False"	"2028"	"10"	"October"	"284"	"42"	"2"	"4"	"2026-07-09 17:38:34.036534"
"2028-10-11"	"4"	"Wednesday"	"False"	"2028"	"10"	"October"	"285"	"42"	"2"	"4"	"2026-07-09 17:38:34.036534"
"2028-10-12"	"5"	"Thursday"	"False"	"2028"	"10"	"October"	"286"	"42"	"2"	"4"	"2026-07-09 17:38:34.036534"
"2028-10-13"	"6"	"Friday"	"False"	"2028"	"10"	"October"	"287"	"42"	"2"	"4"	"2026-07-09 17:38:34.036534"
"2028-10-14"	"7"	"Saturday"	"True"	"2028"	"10"	"October"	"288"	"42"	"2"	"4"	"2026-07-09 17:38:34.036534"
"2028-10-15"	"1"	"Sunday"	"True"	"2028"	"10"	"October"	"289"	"43"	"3"	"4"	"2026-07-09 17:38:34.036534"
"2028-10-16"	"2"	"Monday"	"False"	"2028"	"10"	"October"	"290"	"43"	"3"	"4"	"2026-07-09 17:38:34.036534"
"2028-10-17"	"3"	"Tuesday"	"False"	"2028"	"10"	"October"	"291"	"43"	"3"	"4"	"2026-07-09 17:38:34.036534"
"2028-10-18"	"4"	"Wednesday"	"False"	"2028"	"10"	"October"	"292"	"43"	"3"	"4"	"2026-07-09 17:38:34.036534"
"2028-10-19"	"5"	"Thursday"	"False"	"2028"	"10"	"October"	"293"	"43"	"3"	"4"	"2026-07-09 17:38:34.036534"
"2028-10-20"	"6"	"Friday"	"False"	"2028"	"10"	"October"	"294"	"43"	"3"	"4"	"2026-07-09 17:38:34.036534"
"2028-10-21"	"7"	"Saturday"	"True"	"2028"	"10"	"October"	"295"	"43"	"3"	"4"	"2026-07-09 17:38:34.036534"
"2028-10-22"	"1"	"Sunday"	"True"	"2028"	"10"	"October"	"296"	"44"	"4"	"4"	"2026-07-09 17:38:34.036534"
"2028-10-23"	"2"	"Monday"	"False"	"2028"	"10"	"October"	"297"	"44"	"4"	"4"	"2026-07-09 17:38:34.036534"
"2028-10-24"	"3"	"Tuesday"	"False"	"2028"	"10"	"October"	"298"	"44"	"4"	"4"	"2026-07-09 17:38:34.036534"
"2028-10-25"	"4"	"Wednesday"	"False"	"2028"	"10"	"October"	"299"	"44"	"4"	"4"	"2026-07-09 17:38:34.036534"
"2028-10-26"	"5"	"Thursday"	"False"	"2028"	"10"	"October"	"300"	"44"	"4"	"4"	"2026-07-09 17:38:34.036534"
"2028-10-27"	"6"	"Friday"	"False"	"2028"	"10"	"October"	"301"	"44"	"4"	"4"	"2026-07-09 17:38:34.036534"
"2028-10-28"	"7"	"Saturday"	"True"	"2028"	"10"	"October"	"302"	"44"	"4"	"4"	"2026-07-09 17:38:34.036534"
"2028-10-29"	"1"	"Sunday"	"True"	"2028"	"10"	"October"	"303"	"45"	"5"	"4"	"2026-07-09 17:38:34.036534"
"2028-10-30"	"2"	"Monday"	"False"	"2028"	"10"	"October"	"304"	"45"	"5"	"4"	"2026-07-09 17:38:34.036534"
"2028-10-31"	"3"	"Tuesday"	"False"	"2028"	"10"	"October"	"305"	"45"	"5"	"4"	"2026-07-09 17:38:34.036534"
"2028-11-01"	"4"	"Wednesday"	"False"	"2028"	"11"	"November"	"306"	"45"	"1"	"4"	"2026-07-09 17:38:34.036534"
"2028-11-02"	"5"	"Thursday"	"False"	"2028"	"11"	"November"	"307"	"45"	"1"	"4"	"2026-07-09 17:38:34.036534"
"2028-11-03"	"6"	"Friday"	"False"	"2028"	"11"	"November"	"308"	"45"	"1"	"4"	"2026-07-09 17:38:34.036534"
"2028-11-04"	"7"	"Saturday"	"True"	"2028"	"11"	"November"	"309"	"45"	"1"	"4"	"2026-07-09 17:38:34.036534"
"2028-11-05"	"1"	"Sunday"	"True"	"2028"	"11"	"November"	"310"	"46"	"2"	"4"	"2026-07-09 17:38:34.036534"
"2028-11-06"	"2"	"Monday"	"False"	"2028"	"11"	"November"	"311"	"46"	"2"	"4"	"2026-07-09 17:38:34.036534"
"2028-11-07"	"3"	"Tuesday"	"False"	"2028"	"11"	"November"	"312"	"46"	"2"	"4"	"2026-07-09 17:38:34.036534"
"2028-11-08"	"4"	"Wednesday"	"False"	"2028"	"11"	"November"	"313"	"46"	"2"	"4"	"2026-07-09 17:38:34.036534"
"2028-11-09"	"5"	"Thursday"	"False"	"2028"	"11"	"November"	"314"	"46"	"2"	"4"	"2026-07-09 17:38:34.036534"
"2028-11-10"	"6"	"Friday"	"False"	"2028"	"11"	"November"	"315"	"46"	"2"	"4"	"2026-07-09 17:38:34.036534"
"2028-11-11"	"7"	"Saturday"	"True"	"2028"	"11"	"November"	"316"	"46"	"2"	"4"	"2026-07-09 17:38:34.036534"
"2028-11-12"	"1"	"Sunday"	"True"	"2028"	"11"	"November"	"317"	"47"	"3"	"4"	"2026-07-09 17:38:34.036534"
"2028-11-13"	"2"	"Monday"	"False"	"2028"	"11"	"November"	"318"	"47"	"3"	"4"	"2026-07-09 17:38:34.036534"
"2028-11-14"	"3"	"Tuesday"	"False"	"2028"	"11"	"November"	"319"	"47"	"3"	"4"	"2026-07-09 17:38:34.036534"
"2028-11-15"	"4"	"Wednesday"	"False"	"2028"	"11"	"November"	"320"	"47"	"3"	"4"	"2026-07-09 17:38:34.036534"
"2028-11-16"	"5"	"Thursday"	"False"	"2028"	"11"	"November"	"321"	"47"	"3"	"4"	"2026-07-09 17:38:34.036534"
"2028-11-17"	"6"	"Friday"	"False"	"2028"	"11"	"November"	"322"	"47"	"3"	"4"	"2026-07-09 17:38:34.036534"
"2028-11-18"	"7"	"Saturday"	"True"	"2028"	"11"	"November"	"323"	"47"	"3"	"4"	"2026-07-09 17:38:34.036534"
"2028-11-19"	"1"	"Sunday"	"True"	"2028"	"11"	"November"	"324"	"48"	"4"	"4"	"2026-07-09 17:38:34.036534"
"2028-11-20"	"2"	"Monday"	"False"	"2028"	"11"	"November"	"325"	"48"	"4"	"4"	"2026-07-09 17:38:34.036534"
"2028-11-21"	"3"	"Tuesday"	"False"	"2028"	"11"	"November"	"326"	"48"	"4"	"4"	"2026-07-09 17:38:34.036534"
"2028-11-22"	"4"	"Wednesday"	"False"	"2028"	"11"	"November"	"327"	"48"	"4"	"4"	"2026-07-09 17:38:34.036534"
"2028-11-23"	"5"	"Thursday"	"False"	"2028"	"11"	"November"	"328"	"48"	"4"	"4"	"2026-07-09 17:38:34.036534"
"2028-11-24"	"6"	"Friday"	"False"	"2028"	"11"	"November"	"329"	"48"	"4"	"4"	"2026-07-09 17:38:34.036534"
"2028-11-25"	"7"	"Saturday"	"True"	"2028"	"11"	"November"	"330"	"48"	"4"	"4"	"2026-07-09 17:38:34.036534"
"2028-11-26"	"1"	"Sunday"	"True"	"2028"	"11"	"November"	"331"	"49"	"5"	"4"	"2026-07-09 17:38:34.036534"
"2028-11-27"	"2"	"Monday"	"False"	"2028"	"11"	"November"	"332"	"49"	"5"	"4"	"2026-07-09 17:38:34.036534"
"2028-11-28"	"3"	"Tuesday"	"False"	"2028"	"11"	"November"	"333"	"49"	"5"	"4"	"2026-07-09 17:38:34.036534"
"2028-11-29"	"4"	"Wednesday"	"False"	"2028"	"11"	"November"	"334"	"49"	"5"	"4"	"2026-07-09 17:38:34.036534"
"2028-11-30"	"5"	"Thursday"	"False"	"2028"	"11"	"November"	"335"	"49"	"5"	"4"	"2026-07-09 17:38:34.036534"
"2028-12-01"	"6"	"Friday"	"False"	"2028"	"12"	"December"	"336"	"49"	"1"	"4"	"2026-07-09 17:38:34.036534"
"2028-12-02"	"7"	"Saturday"	"True"	"2028"	"12"	"December"	"337"	"49"	"1"	"4"	"2026-07-09 17:38:34.036534"
"2028-12-03"	"1"	"Sunday"	"True"	"2028"	"12"	"December"	"338"	"50"	"2"	"4"	"2026-07-09 17:38:34.036534"
"2028-12-04"	"2"	"Monday"	"False"	"2028"	"12"	"December"	"339"	"50"	"2"	"4"	"2026-07-09 17:38:34.036534"
"2028-12-05"	"3"	"Tuesday"	"False"	"2028"	"12"	"December"	"340"	"50"	"2"	"4"	"2026-07-09 17:38:34.036534"
"2028-12-06"	"4"	"Wednesday"	"False"	"2028"	"12"	"December"	"341"	"50"	"2"	"4"	"2026-07-09 17:38:34.036534"
"2028-12-07"	"5"	"Thursday"	"False"	"2028"	"12"	"December"	"342"	"50"	"2"	"4"	"2026-07-09 17:38:34.036534"
"2028-12-08"	"6"	"Friday"	"False"	"2028"	"12"	"December"	"343"	"50"	"2"	"4"	"2026-07-09 17:38:34.036534"
"2028-12-09"	"7"	"Saturday"	"True"	"2028"	"12"	"December"	"344"	"50"	"2"	"4"	"2026-07-09 17:38:34.036534"
"2028-12-10"	"1"	"Sunday"	"True"	"2028"	"12"	"December"	"345"	"51"	"3"	"4"	"2026-07-09 17:38:34.036534"
"2028-12-11"	"2"	"Monday"	"False"	"2028"	"12"	"December"	"346"	"51"	"3"	"4"	"2026-07-09 17:38:34.036534"
"2028-12-12"	"3"	"Tuesday"	"False"	"2028"	"12"	"December"	"347"	"51"	"3"	"4"	"2026-07-09 17:38:34.036534"
"2028-12-13"	"4"	"Wednesday"	"False"	"2028"	"12"	"December"	"348"	"51"	"3"	"4"	"2026-07-09 17:38:34.036534"
"2028-12-14"	"5"	"Thursday"	"False"	"2028"	"12"	"December"	"349"	"51"	"3"	"4"	"2026-07-09 17:38:34.036534"
"2028-12-15"	"6"	"Friday"	"False"	"2028"	"12"	"December"	"350"	"51"	"3"	"4"	"2026-07-09 17:38:34.036534"
"2028-12-16"	"7"	"Saturday"	"True"	"2028"	"12"	"December"	"351"	"51"	"3"	"4"	"2026-07-09 17:38:34.036534"
"2028-12-17"	"1"	"Sunday"	"True"	"2028"	"12"	"December"	"352"	"52"	"4"	"4"	"2026-07-09 17:38:34.036534"
"2028-12-18"	"2"	"Monday"	"False"	"2028"	"12"	"December"	"353"	"52"	"4"	"4"	"2026-07-09 17:38:34.036534"
"2028-12-19"	"3"	"Tuesday"	"False"	"2028"	"12"	"December"	"354"	"52"	"4"	"4"	"2026-07-09 17:38:34.036534"
"2028-12-20"	"4"	"Wednesday"	"False"	"2028"	"12"	"December"	"355"	"52"	"4"	"4"	"2026-07-09 17:38:34.036534"
"2028-12-21"	"5"	"Thursday"	"False"	"2028"	"12"	"December"	"356"	"52"	"4"	"4"	"2026-07-09 17:38:34.036534"
"2028-12-22"	"6"	"Friday"	"False"	"2028"	"12"	"December"	"357"	"52"	"4"	"4"	"2026-07-09 17:38:34.036534"
"2028-12-23"	"7"	"Saturday"	"True"	"2028"	"12"	"December"	"358"	"52"	"4"	"4"	"2026-07-09 17:38:34.036534"
"2028-12-24"	"1"	"Sunday"	"True"	"2028"	"12"	"December"	"359"	"53"	"5"	"4"	"2026-07-09 17:38:34.036534"
"2028-12-25"	"2"	"Monday"	"False"	"2028"	"12"	"December"	"360"	"53"	"5"	"4"	"2026-07-09 17:38:34.036534"
"2028-12-26"	"3"	"Tuesday"	"False"	"2028"	"12"	"December"	"361"	"53"	"5"	"4"	"2026-07-09 17:38:34.036534"
"2028-12-27"	"4"	"Wednesday"	"False"	"2028"	"12"	"December"	"362"	"53"	"5"	"4"	"2026-07-09 17:38:34.036534"
"2028-12-28"	"5"	"Thursday"	"False"	"2028"	"12"	"December"	"363"	"53"	"5"	"4"	"2026-07-09 17:38:34.036534"
"2028-12-29"	"6"	"Friday"	"False"	"2028"	"12"	"December"	"364"	"53"	"5"	"4"	"2026-07-09 17:38:34.036534"
"2028-12-30"	"7"	"Saturday"	"True"	"2028"	"12"	"December"	"365"	"53"	"5"	"4"	"2026-07-09 17:38:34.036534"
"2028-12-31"	"1"	"Sunday"	"True"	"2028"	"12"	"December"	"366"	"1"	"6"	"4"	"2026-07-09 17:38:34.036534"
"2029-01-01"	"2"	"Monday"	"False"	"2029"	"1"	"January"	"1"	"1"	"1"	"1"	"2026-07-09 17:38:34.036534"
"2029-01-02"	"3"	"Tuesday"	"False"	"2029"	"1"	"January"	"2"	"1"	"1"	"1"	"2026-07-09 17:38:34.036534"
"2029-01-03"	"4"	"Wednesday"	"False"	"2029"	"1"	"January"	"3"	"1"	"1"	"1"	"2026-07-09 17:38:34.036534"
"2029-01-04"	"5"	"Thursday"	"False"	"2029"	"1"	"January"	"4"	"1"	"1"	"1"	"2026-07-09 17:38:34.036534"
"2029-01-05"	"6"	"Friday"	"False"	"2029"	"1"	"January"	"5"	"1"	"1"	"1"	"2026-07-09 17:38:34.036534"
"2029-01-06"	"7"	"Saturday"	"True"	"2029"	"1"	"January"	"6"	"1"	"1"	"1"	"2026-07-09 17:38:34.036534"
"2029-01-07"	"1"	"Sunday"	"True"	"2029"	"1"	"January"	"7"	"2"	"2"	"1"	"2026-07-09 17:38:34.036534"
"2029-01-08"	"2"	"Monday"	"False"	"2029"	"1"	"January"	"8"	"2"	"2"	"1"	"2026-07-09 17:38:34.036534"
"2029-01-09"	"3"	"Tuesday"	"False"	"2029"	"1"	"January"	"9"	"2"	"2"	"1"	"2026-07-09 17:38:34.036534"
"2029-01-10"	"4"	"Wednesday"	"False"	"2029"	"1"	"January"	"10"	"2"	"2"	"1"	"2026-07-09 17:38:34.036534"
"2029-01-11"	"5"	"Thursday"	"False"	"2029"	"1"	"January"	"11"	"2"	"2"	"1"	"2026-07-09 17:38:34.036534"
"2029-01-12"	"6"	"Friday"	"False"	"2029"	"1"	"January"	"12"	"2"	"2"	"1"	"2026-07-09 17:38:34.036534"
"2029-01-13"	"7"	"Saturday"	"True"	"2029"	"1"	"January"	"13"	"2"	"2"	"1"	"2026-07-09 17:38:34.036534"
"2029-01-14"	"1"	"Sunday"	"True"	"2029"	"1"	"January"	"14"	"3"	"3"	"1"	"2026-07-09 17:38:34.036534"
"2029-01-15"	"2"	"Monday"	"False"	"2029"	"1"	"January"	"15"	"3"	"3"	"1"	"2026-07-09 17:38:34.036534"
"2029-01-16"	"3"	"Tuesday"	"False"	"2029"	"1"	"January"	"16"	"3"	"3"	"1"	"2026-07-09 17:38:34.036534"
"2029-01-17"	"4"	"Wednesday"	"False"	"2029"	"1"	"January"	"17"	"3"	"3"	"1"	"2026-07-09 17:38:34.036534"
"2029-01-18"	"5"	"Thursday"	"False"	"2029"	"1"	"January"	"18"	"3"	"3"	"1"	"2026-07-09 17:38:34.036534"
"2029-01-19"	"6"	"Friday"	"False"	"2029"	"1"	"January"	"19"	"3"	"3"	"1"	"2026-07-09 17:38:34.036534"
"2029-01-20"	"7"	"Saturday"	"True"	"2029"	"1"	"January"	"20"	"3"	"3"	"1"	"2026-07-09 17:38:34.036534"
"2029-01-21"	"1"	"Sunday"	"True"	"2029"	"1"	"January"	"21"	"4"	"4"	"1"	"2026-07-09 17:38:34.036534"
"2029-01-22"	"2"	"Monday"	"False"	"2029"	"1"	"January"	"22"	"4"	"4"	"1"	"2026-07-09 17:38:34.036534"
"2029-01-23"	"3"	"Tuesday"	"False"	"2029"	"1"	"January"	"23"	"4"	"4"	"1"	"2026-07-09 17:38:34.036534"
"2029-01-24"	"4"	"Wednesday"	"False"	"2029"	"1"	"January"	"24"	"4"	"4"	"1"	"2026-07-09 17:38:34.036534"
"2029-01-25"	"5"	"Thursday"	"False"	"2029"	"1"	"January"	"25"	"4"	"4"	"1"	"2026-07-09 17:38:34.036534"
"2029-01-26"	"6"	"Friday"	"False"	"2029"	"1"	"January"	"26"	"4"	"4"	"1"	"2026-07-09 17:38:34.036534"
"2029-01-27"	"7"	"Saturday"	"True"	"2029"	"1"	"January"	"27"	"4"	"4"	"1"	"2026-07-09 17:38:34.036534"
"2029-01-28"	"1"	"Sunday"	"True"	"2029"	"1"	"January"	"28"	"5"	"5"	"1"	"2026-07-09 17:38:34.036534"
"2029-01-29"	"2"	"Monday"	"False"	"2029"	"1"	"January"	"29"	"5"	"5"	"1"	"2026-07-09 17:38:34.036534"
"2029-01-30"	"3"	"Tuesday"	"False"	"2029"	"1"	"January"	"30"	"5"	"5"	"1"	"2026-07-09 17:38:34.036534"
"2029-01-31"	"4"	"Wednesday"	"False"	"2029"	"1"	"January"	"31"	"5"	"5"	"1"	"2026-07-09 17:38:34.036534"
"2029-02-01"	"5"	"Thursday"	"False"	"2029"	"2"	"February"	"32"	"5"	"1"	"1"	"2026-07-09 17:38:34.036534"
"2029-02-02"	"6"	"Friday"	"False"	"2029"	"2"	"February"	"33"	"5"	"1"	"1"	"2026-07-09 17:38:34.036534"
"2029-02-03"	"7"	"Saturday"	"True"	"2029"	"2"	"February"	"34"	"5"	"1"	"1"	"2026-07-09 17:38:34.036534"
"2029-02-04"	"1"	"Sunday"	"True"	"2029"	"2"	"February"	"35"	"6"	"2"	"1"	"2026-07-09 17:38:34.036534"
"2029-02-05"	"2"	"Monday"	"False"	"2029"	"2"	"February"	"36"	"6"	"2"	"1"	"2026-07-09 17:38:34.036534"
"2029-02-06"	"3"	"Tuesday"	"False"	"2029"	"2"	"February"	"37"	"6"	"2"	"1"	"2026-07-09 17:38:34.036534"
"2029-02-07"	"4"	"Wednesday"	"False"	"2029"	"2"	"February"	"38"	"6"	"2"	"1"	"2026-07-09 17:38:34.036534"
"2029-02-08"	"5"	"Thursday"	"False"	"2029"	"2"	"February"	"39"	"6"	"2"	"1"	"2026-07-09 17:38:34.036534"
"2029-02-09"	"6"	"Friday"	"False"	"2029"	"2"	"February"	"40"	"6"	"2"	"1"	"2026-07-09 17:38:34.036534"
"2029-02-10"	"7"	"Saturday"	"True"	"2029"	"2"	"February"	"41"	"6"	"2"	"1"	"2026-07-09 17:38:34.036534"
"2029-02-11"	"1"	"Sunday"	"True"	"2029"	"2"	"February"	"42"	"7"	"3"	"1"	"2026-07-09 17:38:34.036534"
"2029-02-12"	"2"	"Monday"	"False"	"2029"	"2"	"February"	"43"	"7"	"3"	"1"	"2026-07-09 17:38:34.036534"
"2029-02-13"	"3"	"Tuesday"	"False"	"2029"	"2"	"February"	"44"	"7"	"3"	"1"	"2026-07-09 17:38:34.036534"
"2029-02-14"	"4"	"Wednesday"	"False"	"2029"	"2"	"February"	"45"	"7"	"3"	"1"	"2026-07-09 17:38:34.036534"
"2029-02-15"	"5"	"Thursday"	"False"	"2029"	"2"	"February"	"46"	"7"	"3"	"1"	"2026-07-09 17:38:34.036534"
"2029-02-16"	"6"	"Friday"	"False"	"2029"	"2"	"February"	"47"	"7"	"3"	"1"	"2026-07-09 17:38:34.036534"
"2029-02-17"	"7"	"Saturday"	"True"	"2029"	"2"	"February"	"48"	"7"	"3"	"1"	"2026-07-09 17:38:34.036534"
"2029-02-18"	"1"	"Sunday"	"True"	"2029"	"2"	"February"	"49"	"8"	"4"	"1"	"2026-07-09 17:38:34.036534"
"2029-02-19"	"2"	"Monday"	"False"	"2029"	"2"	"February"	"50"	"8"	"4"	"1"	"2026-07-09 17:38:34.036534"
"2029-02-20"	"3"	"Tuesday"	"False"	"2029"	"2"	"February"	"51"	"8"	"4"	"1"	"2026-07-09 17:38:34.036534"
"2029-02-21"	"4"	"Wednesday"	"False"	"2029"	"2"	"February"	"52"	"8"	"4"	"1"	"2026-07-09 17:38:34.036534"
"2029-02-22"	"5"	"Thursday"	"False"	"2029"	"2"	"February"	"53"	"8"	"4"	"1"	"2026-07-09 17:38:34.036534"
"2029-02-23"	"6"	"Friday"	"False"	"2029"	"2"	"February"	"54"	"8"	"4"	"1"	"2026-07-09 17:38:34.036534"
"2029-02-24"	"7"	"Saturday"	"True"	"2029"	"2"	"February"	"55"	"8"	"4"	"1"	"2026-07-09 17:38:34.036534"
"2029-02-25"	"1"	"Sunday"	"True"	"2029"	"2"	"February"	"56"	"9"	"5"	"1"	"2026-07-09 17:38:34.036534"
"2029-02-26"	"2"	"Monday"	"False"	"2029"	"2"	"February"	"57"	"9"	"5"	"1"	"2026-07-09 17:38:34.036534"
"2029-02-27"	"3"	"Tuesday"	"False"	"2029"	"2"	"February"	"58"	"9"	"5"	"1"	"2026-07-09 17:38:34.036534"
"2029-02-28"	"4"	"Wednesday"	"False"	"2029"	"2"	"February"	"59"	"9"	"5"	"1"	"2026-07-09 17:38:34.036534"
"2029-03-01"	"5"	"Thursday"	"False"	"2029"	"3"	"March"	"60"	"9"	"1"	"1"	"2026-07-09 17:38:34.036534"
"2029-03-02"	"6"	"Friday"	"False"	"2029"	"3"	"March"	"61"	"9"	"1"	"1"	"2026-07-09 17:38:34.036534"
"2029-03-03"	"7"	"Saturday"	"True"	"2029"	"3"	"March"	"62"	"9"	"1"	"1"	"2026-07-09 17:38:34.036534"
"2029-03-04"	"1"	"Sunday"	"True"	"2029"	"3"	"March"	"63"	"10"	"2"	"1"	"2026-07-09 17:38:34.036534"
"2029-03-05"	"2"	"Monday"	"False"	"2029"	"3"	"March"	"64"	"10"	"2"	"1"	"2026-07-09 17:38:34.036534"
"2029-03-06"	"3"	"Tuesday"	"False"	"2029"	"3"	"March"	"65"	"10"	"2"	"1"	"2026-07-09 17:38:34.036534"
"2029-03-07"	"4"	"Wednesday"	"False"	"2029"	"3"	"March"	"66"	"10"	"2"	"1"	"2026-07-09 17:38:34.036534"
"2029-03-08"	"5"	"Thursday"	"False"	"2029"	"3"	"March"	"67"	"10"	"2"	"1"	"2026-07-09 17:38:34.036534"
"2029-03-09"	"6"	"Friday"	"False"	"2029"	"3"	"March"	"68"	"10"	"2"	"1"	"2026-07-09 17:38:34.036534"
"2029-03-10"	"7"	"Saturday"	"True"	"2029"	"3"	"March"	"69"	"10"	"2"	"1"	"2026-07-09 17:38:34.036534"
"2029-03-11"	"1"	"Sunday"	"True"	"2029"	"3"	"March"	"70"	"11"	"3"	"1"	"2026-07-09 17:38:34.036534"
"2029-03-12"	"2"	"Monday"	"False"	"2029"	"3"	"March"	"71"	"11"	"3"	"1"	"2026-07-09 17:38:34.036534"
"2029-03-13"	"3"	"Tuesday"	"False"	"2029"	"3"	"March"	"72"	"11"	"3"	"1"	"2026-07-09 17:38:34.036534"
"2029-03-14"	"4"	"Wednesday"	"False"	"2029"	"3"	"March"	"73"	"11"	"3"	"1"	"2026-07-09 17:38:34.036534"
"2029-03-15"	"5"	"Thursday"	"False"	"2029"	"3"	"March"	"74"	"11"	"3"	"1"	"2026-07-09 17:38:34.036534"
"2029-03-16"	"6"	"Friday"	"False"	"2029"	"3"	"March"	"75"	"11"	"3"	"1"	"2026-07-09 17:38:34.036534"
"2029-03-17"	"7"	"Saturday"	"True"	"2029"	"3"	"March"	"76"	"11"	"3"	"1"	"2026-07-09 17:38:34.036534"
"2029-03-18"	"1"	"Sunday"	"True"	"2029"	"3"	"March"	"77"	"12"	"4"	"1"	"2026-07-09 17:38:34.036534"
"2029-03-19"	"2"	"Monday"	"False"	"2029"	"3"	"March"	"78"	"12"	"4"	"1"	"2026-07-09 17:38:34.036534"
"2029-03-20"	"3"	"Tuesday"	"False"	"2029"	"3"	"March"	"79"	"12"	"4"	"1"	"2026-07-09 17:38:34.036534"
"2029-03-21"	"4"	"Wednesday"	"False"	"2029"	"3"	"March"	"80"	"12"	"4"	"1"	"2026-07-09 17:38:34.036534"
"2029-03-22"	"5"	"Thursday"	"False"	"2029"	"3"	"March"	"81"	"12"	"4"	"1"	"2026-07-09 17:38:34.036534"
"2029-03-23"	"6"	"Friday"	"False"	"2029"	"3"	"March"	"82"	"12"	"4"	"1"	"2026-07-09 17:38:34.036534"
"2029-03-24"	"7"	"Saturday"	"True"	"2029"	"3"	"March"	"83"	"12"	"4"	"1"	"2026-07-09 17:38:34.036534"
"2029-03-25"	"1"	"Sunday"	"True"	"2029"	"3"	"March"	"84"	"13"	"5"	"1"	"2026-07-09 17:38:34.036534"
"2029-03-26"	"2"	"Monday"	"False"	"2029"	"3"	"March"	"85"	"13"	"5"	"1"	"2026-07-09 17:38:34.036534"
"2029-03-27"	"3"	"Tuesday"	"False"	"2029"	"3"	"March"	"86"	"13"	"5"	"1"	"2026-07-09 17:38:34.036534"
"2029-03-28"	"4"	"Wednesday"	"False"	"2029"	"3"	"March"	"87"	"13"	"5"	"1"	"2026-07-09 17:38:34.036534"
"2029-03-29"	"5"	"Thursday"	"False"	"2029"	"3"	"March"	"88"	"13"	"5"	"1"	"2026-07-09 17:38:34.036534"
"2029-03-30"	"6"	"Friday"	"False"	"2029"	"3"	"March"	"89"	"13"	"5"	"1"	"2026-07-09 17:38:34.036534"
"2029-03-31"	"7"	"Saturday"	"True"	"2029"	"3"	"March"	"90"	"13"	"5"	"1"	"2026-07-09 17:38:34.036534"
"2029-04-01"	"1"	"Sunday"	"True"	"2029"	"4"	"April"	"91"	"14"	"1"	"2"	"2026-07-09 17:38:34.036534"
"2029-04-02"	"2"	"Monday"	"False"	"2029"	"4"	"April"	"92"	"14"	"1"	"2"	"2026-07-09 17:38:34.036534"
"2029-04-03"	"3"	"Tuesday"	"False"	"2029"	"4"	"April"	"93"	"14"	"1"	"2"	"2026-07-09 17:38:34.036534"
"2029-04-04"	"4"	"Wednesday"	"False"	"2029"	"4"	"April"	"94"	"14"	"1"	"2"	"2026-07-09 17:38:34.036534"
"2029-04-05"	"5"	"Thursday"	"False"	"2029"	"4"	"April"	"95"	"14"	"1"	"2"	"2026-07-09 17:38:34.036534"
"2029-04-06"	"6"	"Friday"	"False"	"2029"	"4"	"April"	"96"	"14"	"1"	"2"	"2026-07-09 17:38:34.036534"
"2029-04-07"	"7"	"Saturday"	"True"	"2029"	"4"	"April"	"97"	"14"	"1"	"2"	"2026-07-09 17:38:34.036534"
"2029-04-08"	"1"	"Sunday"	"True"	"2029"	"4"	"April"	"98"	"15"	"2"	"2"	"2026-07-09 17:38:34.036534"
"2029-04-09"	"2"	"Monday"	"False"	"2029"	"4"	"April"	"99"	"15"	"2"	"2"	"2026-07-09 17:38:34.036534"
"2029-04-10"	"3"	"Tuesday"	"False"	"2029"	"4"	"April"	"100"	"15"	"2"	"2"	"2026-07-09 17:38:34.036534"
"2029-04-11"	"4"	"Wednesday"	"False"	"2029"	"4"	"April"	"101"	"15"	"2"	"2"	"2026-07-09 17:38:34.036534"
"2029-04-12"	"5"	"Thursday"	"False"	"2029"	"4"	"April"	"102"	"15"	"2"	"2"	"2026-07-09 17:38:34.036534"
"2029-04-13"	"6"	"Friday"	"False"	"2029"	"4"	"April"	"103"	"15"	"2"	"2"	"2026-07-09 17:38:34.036534"
"2029-04-14"	"7"	"Saturday"	"True"	"2029"	"4"	"April"	"104"	"15"	"2"	"2"	"2026-07-09 17:38:34.036534"
"2029-04-15"	"1"	"Sunday"	"True"	"2029"	"4"	"April"	"105"	"16"	"3"	"2"	"2026-07-09 17:38:34.036534"
"2029-04-16"	"2"	"Monday"	"False"	"2029"	"4"	"April"	"106"	"16"	"3"	"2"	"2026-07-09 17:38:34.036534"
"2029-04-17"	"3"	"Tuesday"	"False"	"2029"	"4"	"April"	"107"	"16"	"3"	"2"	"2026-07-09 17:38:34.036534"
"2029-04-18"	"4"	"Wednesday"	"False"	"2029"	"4"	"April"	"108"	"16"	"3"	"2"	"2026-07-09 17:38:34.036534"
"2029-04-19"	"5"	"Thursday"	"False"	"2029"	"4"	"April"	"109"	"16"	"3"	"2"	"2026-07-09 17:38:34.036534"
"2029-04-20"	"6"	"Friday"	"False"	"2029"	"4"	"April"	"110"	"16"	"3"	"2"	"2026-07-09 17:38:34.036534"
"2029-04-21"	"7"	"Saturday"	"True"	"2029"	"4"	"April"	"111"	"16"	"3"	"2"	"2026-07-09 17:38:34.036534"
"2029-04-22"	"1"	"Sunday"	"True"	"2029"	"4"	"April"	"112"	"17"	"4"	"2"	"2026-07-09 17:38:34.036534"
"2029-04-23"	"2"	"Monday"	"False"	"2029"	"4"	"April"	"113"	"17"	"4"	"2"	"2026-07-09 17:38:34.036534"
"2029-04-24"	"3"	"Tuesday"	"False"	"2029"	"4"	"April"	"114"	"17"	"4"	"2"	"2026-07-09 17:38:34.036534"
"2029-04-25"	"4"	"Wednesday"	"False"	"2029"	"4"	"April"	"115"	"17"	"4"	"2"	"2026-07-09 17:38:34.036534"
"2029-04-26"	"5"	"Thursday"	"False"	"2029"	"4"	"April"	"116"	"17"	"4"	"2"	"2026-07-09 17:38:34.036534"
"2029-04-27"	"6"	"Friday"	"False"	"2029"	"4"	"April"	"117"	"17"	"4"	"2"	"2026-07-09 17:38:34.036534"
"2029-04-28"	"7"	"Saturday"	"True"	"2029"	"4"	"April"	"118"	"17"	"4"	"2"	"2026-07-09 17:38:34.036534"
"2029-04-29"	"1"	"Sunday"	"True"	"2029"	"4"	"April"	"119"	"18"	"5"	"2"	"2026-07-09 17:38:34.036534"
"2029-04-30"	"2"	"Monday"	"False"	"2029"	"4"	"April"	"120"	"18"	"5"	"2"	"2026-07-09 17:38:34.036534"
"2029-05-01"	"3"	"Tuesday"	"False"	"2029"	"5"	"May"	"121"	"18"	"1"	"2"	"2026-07-09 17:38:34.036534"
"2029-05-02"	"4"	"Wednesday"	"False"	"2029"	"5"	"May"	"122"	"18"	"1"	"2"	"2026-07-09 17:38:34.036534"
"2029-05-03"	"5"	"Thursday"	"False"	"2029"	"5"	"May"	"123"	"18"	"1"	"2"	"2026-07-09 17:38:34.036534"
"2029-05-04"	"6"	"Friday"	"False"	"2029"	"5"	"May"	"124"	"18"	"1"	"2"	"2026-07-09 17:38:34.036534"
"2029-05-05"	"7"	"Saturday"	"True"	"2029"	"5"	"May"	"125"	"18"	"1"	"2"	"2026-07-09 17:38:34.036534"
"2029-05-06"	"1"	"Sunday"	"True"	"2029"	"5"	"May"	"126"	"19"	"2"	"2"	"2026-07-09 17:38:34.036534"
"2029-05-07"	"2"	"Monday"	"False"	"2029"	"5"	"May"	"127"	"19"	"2"	"2"	"2026-07-09 17:38:34.036534"
"2029-05-08"	"3"	"Tuesday"	"False"	"2029"	"5"	"May"	"128"	"19"	"2"	"2"	"2026-07-09 17:38:34.036534"
"2029-05-09"	"4"	"Wednesday"	"False"	"2029"	"5"	"May"	"129"	"19"	"2"	"2"	"2026-07-09 17:38:34.036534"
"2029-05-10"	"5"	"Thursday"	"False"	"2029"	"5"	"May"	"130"	"19"	"2"	"2"	"2026-07-09 17:38:34.036534"
"2029-05-11"	"6"	"Friday"	"False"	"2029"	"5"	"May"	"131"	"19"	"2"	"2"	"2026-07-09 17:38:34.036534"
"2029-05-12"	"7"	"Saturday"	"True"	"2029"	"5"	"May"	"132"	"19"	"2"	"2"	"2026-07-09 17:38:34.036534"
"2029-05-13"	"1"	"Sunday"	"True"	"2029"	"5"	"May"	"133"	"20"	"3"	"2"	"2026-07-09 17:38:34.036534"
"2029-05-14"	"2"	"Monday"	"False"	"2029"	"5"	"May"	"134"	"20"	"3"	"2"	"2026-07-09 17:38:34.036534"
"2029-05-15"	"3"	"Tuesday"	"False"	"2029"	"5"	"May"	"135"	"20"	"3"	"2"	"2026-07-09 17:38:34.036534"
"2029-05-16"	"4"	"Wednesday"	"False"	"2029"	"5"	"May"	"136"	"20"	"3"	"2"	"2026-07-09 17:38:34.036534"
"2029-05-17"	"5"	"Thursday"	"False"	"2029"	"5"	"May"	"137"	"20"	"3"	"2"	"2026-07-09 17:38:34.036534"
"2029-05-18"	"6"	"Friday"	"False"	"2029"	"5"	"May"	"138"	"20"	"3"	"2"	"2026-07-09 17:38:34.036534"
"2029-05-19"	"7"	"Saturday"	"True"	"2029"	"5"	"May"	"139"	"20"	"3"	"2"	"2026-07-09 17:38:34.036534"
"2029-05-20"	"1"	"Sunday"	"True"	"2029"	"5"	"May"	"140"	"21"	"4"	"2"	"2026-07-09 17:38:34.036534"
"2029-05-21"	"2"	"Monday"	"False"	"2029"	"5"	"May"	"141"	"21"	"4"	"2"	"2026-07-09 17:38:34.036534"
"2029-05-22"	"3"	"Tuesday"	"False"	"2029"	"5"	"May"	"142"	"21"	"4"	"2"	"2026-07-09 17:38:34.036534"
"2029-05-23"	"4"	"Wednesday"	"False"	"2029"	"5"	"May"	"143"	"21"	"4"	"2"	"2026-07-09 17:38:34.036534"
"2029-05-24"	"5"	"Thursday"	"False"	"2029"	"5"	"May"	"144"	"21"	"4"	"2"	"2026-07-09 17:38:34.036534"
"2029-05-25"	"6"	"Friday"	"False"	"2029"	"5"	"May"	"145"	"21"	"4"	"2"	"2026-07-09 17:38:34.036534"
"2029-05-26"	"7"	"Saturday"	"True"	"2029"	"5"	"May"	"146"	"21"	"4"	"2"	"2026-07-09 17:38:34.036534"
"2029-05-27"	"1"	"Sunday"	"True"	"2029"	"5"	"May"	"147"	"22"	"5"	"2"	"2026-07-09 17:38:34.036534"
"2029-05-28"	"2"	"Monday"	"False"	"2029"	"5"	"May"	"148"	"22"	"5"	"2"	"2026-07-09 17:38:34.036534"
"2029-05-29"	"3"	"Tuesday"	"False"	"2029"	"5"	"May"	"149"	"22"	"5"	"2"	"2026-07-09 17:38:34.036534"
"2029-05-30"	"4"	"Wednesday"	"False"	"2029"	"5"	"May"	"150"	"22"	"5"	"2"	"2026-07-09 17:38:34.036534"
"2029-05-31"	"5"	"Thursday"	"False"	"2029"	"5"	"May"	"151"	"22"	"5"	"2"	"2026-07-09 17:38:34.036534"
"2029-06-01"	"6"	"Friday"	"False"	"2029"	"6"	"June"	"152"	"22"	"1"	"2"	"2026-07-09 17:38:34.036534"
"2029-06-02"	"7"	"Saturday"	"True"	"2029"	"6"	"June"	"153"	"22"	"1"	"2"	"2026-07-09 17:38:34.036534"
"2029-06-03"	"1"	"Sunday"	"True"	"2029"	"6"	"June"	"154"	"23"	"2"	"2"	"2026-07-09 17:38:34.036534"
"2029-06-04"	"2"	"Monday"	"False"	"2029"	"6"	"June"	"155"	"23"	"2"	"2"	"2026-07-09 17:38:34.036534"
"2029-06-05"	"3"	"Tuesday"	"False"	"2029"	"6"	"June"	"156"	"23"	"2"	"2"	"2026-07-09 17:38:34.036534"
"2029-06-06"	"4"	"Wednesday"	"False"	"2029"	"6"	"June"	"157"	"23"	"2"	"2"	"2026-07-09 17:38:34.036534"
"2029-06-07"	"5"	"Thursday"	"False"	"2029"	"6"	"June"	"158"	"23"	"2"	"2"	"2026-07-09 17:38:34.036534"
"2029-06-08"	"6"	"Friday"	"False"	"2029"	"6"	"June"	"159"	"23"	"2"	"2"	"2026-07-09 17:38:34.036534"
"2029-06-09"	"7"	"Saturday"	"True"	"2029"	"6"	"June"	"160"	"23"	"2"	"2"	"2026-07-09 17:38:34.036534"
"2029-06-10"	"1"	"Sunday"	"True"	"2029"	"6"	"June"	"161"	"24"	"3"	"2"	"2026-07-09 17:38:34.036534"
"2029-06-11"	"2"	"Monday"	"False"	"2029"	"6"	"June"	"162"	"24"	"3"	"2"	"2026-07-09 17:38:34.036534"
"2029-06-12"	"3"	"Tuesday"	"False"	"2029"	"6"	"June"	"163"	"24"	"3"	"2"	"2026-07-09 17:38:34.036534"
"2029-06-13"	"4"	"Wednesday"	"False"	"2029"	"6"	"June"	"164"	"24"	"3"	"2"	"2026-07-09 17:38:34.036534"
"2029-06-14"	"5"	"Thursday"	"False"	"2029"	"6"	"June"	"165"	"24"	"3"	"2"	"2026-07-09 17:38:34.036534"
"2029-06-15"	"6"	"Friday"	"False"	"2029"	"6"	"June"	"166"	"24"	"3"	"2"	"2026-07-09 17:38:34.036534"
"2029-06-16"	"7"	"Saturday"	"True"	"2029"	"6"	"June"	"167"	"24"	"3"	"2"	"2026-07-09 17:38:34.036534"
"2029-06-17"	"1"	"Sunday"	"True"	"2029"	"6"	"June"	"168"	"25"	"4"	"2"	"2026-07-09 17:38:34.036534"
"2029-06-18"	"2"	"Monday"	"False"	"2029"	"6"	"June"	"169"	"25"	"4"	"2"	"2026-07-09 17:38:34.036534"
"2029-06-19"	"3"	"Tuesday"	"False"	"2029"	"6"	"June"	"170"	"25"	"4"	"2"	"2026-07-09 17:38:34.036534"
"2029-06-20"	"4"	"Wednesday"	"False"	"2029"	"6"	"June"	"171"	"25"	"4"	"2"	"2026-07-09 17:38:34.036534"
"2029-06-21"	"5"	"Thursday"	"False"	"2029"	"6"	"June"	"172"	"25"	"4"	"2"	"2026-07-09 17:38:34.036534"
"2029-06-22"	"6"	"Friday"	"False"	"2029"	"6"	"June"	"173"	"25"	"4"	"2"	"2026-07-09 17:38:34.036534"
"2029-06-23"	"7"	"Saturday"	"True"	"2029"	"6"	"June"	"174"	"25"	"4"	"2"	"2026-07-09 17:38:34.036534"
"2029-06-24"	"1"	"Sunday"	"True"	"2029"	"6"	"June"	"175"	"26"	"5"	"2"	"2026-07-09 17:38:34.036534"
"2029-06-25"	"2"	"Monday"	"False"	"2029"	"6"	"June"	"176"	"26"	"5"	"2"	"2026-07-09 17:38:34.036534"
"2029-06-26"	"3"	"Tuesday"	"False"	"2029"	"6"	"June"	"177"	"26"	"5"	"2"	"2026-07-09 17:38:34.036534"
"2029-06-27"	"4"	"Wednesday"	"False"	"2029"	"6"	"June"	"178"	"26"	"5"	"2"	"2026-07-09 17:38:34.036534"
"2029-06-28"	"5"	"Thursday"	"False"	"2029"	"6"	"June"	"179"	"26"	"5"	"2"	"2026-07-09 17:38:34.036534"
"2029-06-29"	"6"	"Friday"	"False"	"2029"	"6"	"June"	"180"	"26"	"5"	"2"	"2026-07-09 17:38:34.036534"
"2029-06-30"	"7"	"Saturday"	"True"	"2029"	"6"	"June"	"181"	"26"	"5"	"2"	"2026-07-09 17:38:34.036534"
"2029-07-01"	"1"	"Sunday"	"True"	"2029"	"7"	"July"	"182"	"27"	"1"	"3"	"2026-07-09 17:38:34.036534"
"2029-07-02"	"2"	"Monday"	"False"	"2029"	"7"	"July"	"183"	"27"	"1"	"3"	"2026-07-09 17:38:34.036534"
"2029-07-03"	"3"	"Tuesday"	"False"	"2029"	"7"	"July"	"184"	"27"	"1"	"3"	"2026-07-09 17:38:34.036534"
"2029-07-04"	"4"	"Wednesday"	"False"	"2029"	"7"	"July"	"185"	"27"	"1"	"3"	"2026-07-09 17:38:34.036534"
"2029-07-05"	"5"	"Thursday"	"False"	"2029"	"7"	"July"	"186"	"27"	"1"	"3"	"2026-07-09 17:38:34.036534"
"2029-07-06"	"6"	"Friday"	"False"	"2029"	"7"	"July"	"187"	"27"	"1"	"3"	"2026-07-09 17:38:34.036534"
"2029-07-07"	"7"	"Saturday"	"True"	"2029"	"7"	"July"	"188"	"27"	"1"	"3"	"2026-07-09 17:38:34.036534"
"2029-07-08"	"1"	"Sunday"	"True"	"2029"	"7"	"July"	"189"	"28"	"2"	"3"	"2026-07-09 17:38:34.036534"
"2029-07-09"	"2"	"Monday"	"False"	"2029"	"7"	"July"	"190"	"28"	"2"	"3"	"2026-07-09 17:38:34.036534"
"2029-07-10"	"3"	"Tuesday"	"False"	"2029"	"7"	"July"	"191"	"28"	"2"	"3"	"2026-07-09 17:38:34.036534"
"2029-07-11"	"4"	"Wednesday"	"False"	"2029"	"7"	"July"	"192"	"28"	"2"	"3"	"2026-07-09 17:38:34.036534"
"2029-07-12"	"5"	"Thursday"	"False"	"2029"	"7"	"July"	"193"	"28"	"2"	"3"	"2026-07-09 17:38:34.036534"
"2029-07-13"	"6"	"Friday"	"False"	"2029"	"7"	"July"	"194"	"28"	"2"	"3"	"2026-07-09 17:38:34.036534"
"2029-07-14"	"7"	"Saturday"	"True"	"2029"	"7"	"July"	"195"	"28"	"2"	"3"	"2026-07-09 17:38:34.036534"
"2029-07-15"	"1"	"Sunday"	"True"	"2029"	"7"	"July"	"196"	"29"	"3"	"3"	"2026-07-09 17:38:34.036534"
"2029-07-16"	"2"	"Monday"	"False"	"2029"	"7"	"July"	"197"	"29"	"3"	"3"	"2026-07-09 17:38:34.036534"
"2029-07-17"	"3"	"Tuesday"	"False"	"2029"	"7"	"July"	"198"	"29"	"3"	"3"	"2026-07-09 17:38:34.036534"
"2029-07-18"	"4"	"Wednesday"	"False"	"2029"	"7"	"July"	"199"	"29"	"3"	"3"	"2026-07-09 17:38:34.036534"
"2029-07-19"	"5"	"Thursday"	"False"	"2029"	"7"	"July"	"200"	"29"	"3"	"3"	"2026-07-09 17:38:34.036534"
"2029-07-20"	"6"	"Friday"	"False"	"2029"	"7"	"July"	"201"	"29"	"3"	"3"	"2026-07-09 17:38:34.036534"
"2029-07-21"	"7"	"Saturday"	"True"	"2029"	"7"	"July"	"202"	"29"	"3"	"3"	"2026-07-09 17:38:34.036534"
"2029-07-22"	"1"	"Sunday"	"True"	"2029"	"7"	"July"	"203"	"30"	"4"	"3"	"2026-07-09 17:38:34.036534"
"2029-07-23"	"2"	"Monday"	"False"	"2029"	"7"	"July"	"204"	"30"	"4"	"3"	"2026-07-09 17:38:34.036534"
"2029-07-24"	"3"	"Tuesday"	"False"	"2029"	"7"	"July"	"205"	"30"	"4"	"3"	"2026-07-09 17:38:34.036534"
"2029-07-25"	"4"	"Wednesday"	"False"	"2029"	"7"	"July"	"206"	"30"	"4"	"3"	"2026-07-09 17:38:34.036534"
"2029-07-26"	"5"	"Thursday"	"False"	"2029"	"7"	"July"	"207"	"30"	"4"	"3"	"2026-07-09 17:38:34.036534"
"2029-07-27"	"6"	"Friday"	"False"	"2029"	"7"	"July"	"208"	"30"	"4"	"3"	"2026-07-09 17:38:34.036534"
"2029-07-28"	"7"	"Saturday"	"True"	"2029"	"7"	"July"	"209"	"30"	"4"	"3"	"2026-07-09 17:38:34.036534"
"2029-07-29"	"1"	"Sunday"	"True"	"2029"	"7"	"July"	"210"	"31"	"5"	"3"	"2026-07-09 17:38:34.036534"
"2029-07-30"	"2"	"Monday"	"False"	"2029"	"7"	"July"	"211"	"31"	"5"	"3"	"2026-07-09 17:38:34.036534"
"2029-07-31"	"3"	"Tuesday"	"False"	"2029"	"7"	"July"	"212"	"31"	"5"	"3"	"2026-07-09 17:38:34.036534"
"2029-08-01"	"4"	"Wednesday"	"False"	"2029"	"8"	"August"	"213"	"31"	"1"	"3"	"2026-07-09 17:38:34.036534"
"2029-08-02"	"5"	"Thursday"	"False"	"2029"	"8"	"August"	"214"	"31"	"1"	"3"	"2026-07-09 17:38:34.036534"
"2029-08-03"	"6"	"Friday"	"False"	"2029"	"8"	"August"	"215"	"31"	"1"	"3"	"2026-07-09 17:38:34.036534"
"2029-08-04"	"7"	"Saturday"	"True"	"2029"	"8"	"August"	"216"	"31"	"1"	"3"	"2026-07-09 17:38:34.036534"
"2029-08-05"	"1"	"Sunday"	"True"	"2029"	"8"	"August"	"217"	"32"	"2"	"3"	"2026-07-09 17:38:34.036534"
"2029-08-06"	"2"	"Monday"	"False"	"2029"	"8"	"August"	"218"	"32"	"2"	"3"	"2026-07-09 17:38:34.036534"
"2029-08-07"	"3"	"Tuesday"	"False"	"2029"	"8"	"August"	"219"	"32"	"2"	"3"	"2026-07-09 17:38:34.036534"
"2029-08-08"	"4"	"Wednesday"	"False"	"2029"	"8"	"August"	"220"	"32"	"2"	"3"	"2026-07-09 17:38:34.036534"
"2029-08-09"	"5"	"Thursday"	"False"	"2029"	"8"	"August"	"221"	"32"	"2"	"3"	"2026-07-09 17:38:34.036534"
"2029-08-10"	"6"	"Friday"	"False"	"2029"	"8"	"August"	"222"	"32"	"2"	"3"	"2026-07-09 17:38:34.036534"
"2029-08-11"	"7"	"Saturday"	"True"	"2029"	"8"	"August"	"223"	"32"	"2"	"3"	"2026-07-09 17:38:34.036534"
"2029-08-12"	"1"	"Sunday"	"True"	"2029"	"8"	"August"	"224"	"33"	"3"	"3"	"2026-07-09 17:38:34.036534"
"2029-08-13"	"2"	"Monday"	"False"	"2029"	"8"	"August"	"225"	"33"	"3"	"3"	"2026-07-09 17:38:34.036534"
"2029-08-14"	"3"	"Tuesday"	"False"	"2029"	"8"	"August"	"226"	"33"	"3"	"3"	"2026-07-09 17:38:34.036534"
"2029-08-15"	"4"	"Wednesday"	"False"	"2029"	"8"	"August"	"227"	"33"	"3"	"3"	"2026-07-09 17:38:34.036534"
"2029-08-16"	"5"	"Thursday"	"False"	"2029"	"8"	"August"	"228"	"33"	"3"	"3"	"2026-07-09 17:38:34.036534"
"2029-08-17"	"6"	"Friday"	"False"	"2029"	"8"	"August"	"229"	"33"	"3"	"3"	"2026-07-09 17:38:34.036534"
"2029-08-18"	"7"	"Saturday"	"True"	"2029"	"8"	"August"	"230"	"33"	"3"	"3"	"2026-07-09 17:38:34.036534"
"2029-08-19"	"1"	"Sunday"	"True"	"2029"	"8"	"August"	"231"	"34"	"4"	"3"	"2026-07-09 17:38:34.036534"
"2029-08-20"	"2"	"Monday"	"False"	"2029"	"8"	"August"	"232"	"34"	"4"	"3"	"2026-07-09 17:38:34.036534"
"2029-08-21"	"3"	"Tuesday"	"False"	"2029"	"8"	"August"	"233"	"34"	"4"	"3"	"2026-07-09 17:38:34.036534"
"2029-08-22"	"4"	"Wednesday"	"False"	"2029"	"8"	"August"	"234"	"34"	"4"	"3"	"2026-07-09 17:38:34.036534"
"2029-08-23"	"5"	"Thursday"	"False"	"2029"	"8"	"August"	"235"	"34"	"4"	"3"	"2026-07-09 17:38:34.036534"
"2029-08-24"	"6"	"Friday"	"False"	"2029"	"8"	"August"	"236"	"34"	"4"	"3"	"2026-07-09 17:38:34.036534"
"2029-08-25"	"7"	"Saturday"	"True"	"2029"	"8"	"August"	"237"	"34"	"4"	"3"	"2026-07-09 17:38:34.036534"
"2029-08-26"	"1"	"Sunday"	"True"	"2029"	"8"	"August"	"238"	"35"	"5"	"3"	"2026-07-09 17:38:34.036534"
"2029-08-27"	"2"	"Monday"	"False"	"2029"	"8"	"August"	"239"	"35"	"5"	"3"	"2026-07-09 17:38:34.036534"
"2029-08-28"	"3"	"Tuesday"	"False"	"2029"	"8"	"August"	"240"	"35"	"5"	"3"	"2026-07-09 17:38:34.036534"
"2029-08-29"	"4"	"Wednesday"	"False"	"2029"	"8"	"August"	"241"	"35"	"5"	"3"	"2026-07-09 17:38:34.036534"
"2029-08-30"	"5"	"Thursday"	"False"	"2029"	"8"	"August"	"242"	"35"	"5"	"3"	"2026-07-09 17:38:34.036534"
"2029-08-31"	"6"	"Friday"	"False"	"2029"	"8"	"August"	"243"	"35"	"5"	"3"	"2026-07-09 17:38:34.036534"
"2029-09-01"	"7"	"Saturday"	"True"	"2029"	"9"	"September"	"244"	"35"	"1"	"3"	"2026-07-09 17:38:34.036534"
"2029-09-02"	"1"	"Sunday"	"True"	"2029"	"9"	"September"	"245"	"36"	"2"	"3"	"2026-07-09 17:38:34.036534"
"2029-09-03"	"2"	"Monday"	"False"	"2029"	"9"	"September"	"246"	"36"	"2"	"3"	"2026-07-09 17:38:34.036534"
"2029-09-04"	"3"	"Tuesday"	"False"	"2029"	"9"	"September"	"247"	"36"	"2"	"3"	"2026-07-09 17:38:34.036534"
"2029-09-05"	"4"	"Wednesday"	"False"	"2029"	"9"	"September"	"248"	"36"	"2"	"3"	"2026-07-09 17:38:34.036534"
"2029-09-06"	"5"	"Thursday"	"False"	"2029"	"9"	"September"	"249"	"36"	"2"	"3"	"2026-07-09 17:38:34.036534"
"2029-09-07"	"6"	"Friday"	"False"	"2029"	"9"	"September"	"250"	"36"	"2"	"3"	"2026-07-09 17:38:34.036534"
"2029-09-08"	"7"	"Saturday"	"True"	"2029"	"9"	"September"	"251"	"36"	"2"	"3"	"2026-07-09 17:38:34.036534"
"2029-09-09"	"1"	"Sunday"	"True"	"2029"	"9"	"September"	"252"	"37"	"3"	"3"	"2026-07-09 17:38:34.036534"
"2029-09-10"	"2"	"Monday"	"False"	"2029"	"9"	"September"	"253"	"37"	"3"	"3"	"2026-07-09 17:38:34.036534"
"2029-09-11"	"3"	"Tuesday"	"False"	"2029"	"9"	"September"	"254"	"37"	"3"	"3"	"2026-07-09 17:38:34.036534"
"2029-09-12"	"4"	"Wednesday"	"False"	"2029"	"9"	"September"	"255"	"37"	"3"	"3"	"2026-07-09 17:38:34.036534"
"2029-09-13"	"5"	"Thursday"	"False"	"2029"	"9"	"September"	"256"	"37"	"3"	"3"	"2026-07-09 17:38:34.036534"
"2029-09-14"	"6"	"Friday"	"False"	"2029"	"9"	"September"	"257"	"37"	"3"	"3"	"2026-07-09 17:38:34.036534"
"2029-09-15"	"7"	"Saturday"	"True"	"2029"	"9"	"September"	"258"	"37"	"3"	"3"	"2026-07-09 17:38:34.036534"
"2029-09-16"	"1"	"Sunday"	"True"	"2029"	"9"	"September"	"259"	"38"	"4"	"3"	"2026-07-09 17:38:34.036534"
"2029-09-17"	"2"	"Monday"	"False"	"2029"	"9"	"September"	"260"	"38"	"4"	"3"	"2026-07-09 17:38:34.036534"
"2029-09-18"	"3"	"Tuesday"	"False"	"2029"	"9"	"September"	"261"	"38"	"4"	"3"	"2026-07-09 17:38:34.036534"
"2029-09-19"	"4"	"Wednesday"	"False"	"2029"	"9"	"September"	"262"	"38"	"4"	"3"	"2026-07-09 17:38:34.036534"
"2029-09-20"	"5"	"Thursday"	"False"	"2029"	"9"	"September"	"263"	"38"	"4"	"3"	"2026-07-09 17:38:34.036534"
"2029-09-21"	"6"	"Friday"	"False"	"2029"	"9"	"September"	"264"	"38"	"4"	"3"	"2026-07-09 17:38:34.036534"
"2029-09-22"	"7"	"Saturday"	"True"	"2029"	"9"	"September"	"265"	"38"	"4"	"3"	"2026-07-09 17:38:34.036534"
"2029-09-23"	"1"	"Sunday"	"True"	"2029"	"9"	"September"	"266"	"39"	"5"	"3"	"2026-07-09 17:38:34.036534"
"2029-09-24"	"2"	"Monday"	"False"	"2029"	"9"	"September"	"267"	"39"	"5"	"3"	"2026-07-09 17:38:34.036534"
"2029-09-25"	"3"	"Tuesday"	"False"	"2029"	"9"	"September"	"268"	"39"	"5"	"3"	"2026-07-09 17:38:34.036534"
"2029-09-26"	"4"	"Wednesday"	"False"	"2029"	"9"	"September"	"269"	"39"	"5"	"3"	"2026-07-09 17:38:34.036534"
"2029-09-27"	"5"	"Thursday"	"False"	"2029"	"9"	"September"	"270"	"39"	"5"	"3"	"2026-07-09 17:38:34.036534"
"2029-09-28"	"6"	"Friday"	"False"	"2029"	"9"	"September"	"271"	"39"	"5"	"3"	"2026-07-09 17:38:34.036534"
"2029-09-29"	"7"	"Saturday"	"True"	"2029"	"9"	"September"	"272"	"39"	"5"	"3"	"2026-07-09 17:38:34.036534"
"2029-09-30"	"1"	"Sunday"	"True"	"2029"	"9"	"September"	"273"	"40"	"6"	"3"	"2026-07-09 17:38:34.036534"
"2029-10-01"	"2"	"Monday"	"False"	"2029"	"10"	"October"	"274"	"40"	"1"	"4"	"2026-07-09 17:38:34.036534"
"2029-10-02"	"3"	"Tuesday"	"False"	"2029"	"10"	"October"	"275"	"40"	"1"	"4"	"2026-07-09 17:38:34.036534"
"2029-10-03"	"4"	"Wednesday"	"False"	"2029"	"10"	"October"	"276"	"40"	"1"	"4"	"2026-07-09 17:38:34.036534"
"2029-10-04"	"5"	"Thursday"	"False"	"2029"	"10"	"October"	"277"	"40"	"1"	"4"	"2026-07-09 17:38:34.036534"
"2029-10-05"	"6"	"Friday"	"False"	"2029"	"10"	"October"	"278"	"40"	"1"	"4"	"2026-07-09 17:38:34.036534"
"2029-10-06"	"7"	"Saturday"	"True"	"2029"	"10"	"October"	"279"	"40"	"1"	"4"	"2026-07-09 17:38:34.036534"
"2029-10-07"	"1"	"Sunday"	"True"	"2029"	"10"	"October"	"280"	"41"	"2"	"4"	"2026-07-09 17:38:34.036534"
"2029-10-08"	"2"	"Monday"	"False"	"2029"	"10"	"October"	"281"	"41"	"2"	"4"	"2026-07-09 17:38:34.036534"
"2029-10-09"	"3"	"Tuesday"	"False"	"2029"	"10"	"October"	"282"	"41"	"2"	"4"	"2026-07-09 17:38:34.036534"
"2029-10-10"	"4"	"Wednesday"	"False"	"2029"	"10"	"October"	"283"	"41"	"2"	"4"	"2026-07-09 17:38:34.036534"
"2029-10-11"	"5"	"Thursday"	"False"	"2029"	"10"	"October"	"284"	"41"	"2"	"4"	"2026-07-09 17:38:34.036534"
"2029-10-12"	"6"	"Friday"	"False"	"2029"	"10"	"October"	"285"	"41"	"2"	"4"	"2026-07-09 17:38:34.036534"
"2029-10-13"	"7"	"Saturday"	"True"	"2029"	"10"	"October"	"286"	"41"	"2"	"4"	"2026-07-09 17:38:34.036534"
"2029-10-14"	"1"	"Sunday"	"True"	"2029"	"10"	"October"	"287"	"42"	"3"	"4"	"2026-07-09 17:38:34.036534"
"2029-10-15"	"2"	"Monday"	"False"	"2029"	"10"	"October"	"288"	"42"	"3"	"4"	"2026-07-09 17:38:34.036534"
"2029-10-16"	"3"	"Tuesday"	"False"	"2029"	"10"	"October"	"289"	"42"	"3"	"4"	"2026-07-09 17:38:34.036534"
"2029-10-17"	"4"	"Wednesday"	"False"	"2029"	"10"	"October"	"290"	"42"	"3"	"4"	"2026-07-09 17:38:34.036534"
"2029-10-18"	"5"	"Thursday"	"False"	"2029"	"10"	"October"	"291"	"42"	"3"	"4"	"2026-07-09 17:38:34.036534"
"2029-10-19"	"6"	"Friday"	"False"	"2029"	"10"	"October"	"292"	"42"	"3"	"4"	"2026-07-09 17:38:34.036534"
"2029-10-20"	"7"	"Saturday"	"True"	"2029"	"10"	"October"	"293"	"42"	"3"	"4"	"2026-07-09 17:38:34.036534"
"2029-10-21"	"1"	"Sunday"	"True"	"2029"	"10"	"October"	"294"	"43"	"4"	"4"	"2026-07-09 17:38:34.036534"
"2029-10-22"	"2"	"Monday"	"False"	"2029"	"10"	"October"	"295"	"43"	"4"	"4"	"2026-07-09 17:38:34.036534"
"2029-10-23"	"3"	"Tuesday"	"False"	"2029"	"10"	"October"	"296"	"43"	"4"	"4"	"2026-07-09 17:38:34.036534"
"2029-10-24"	"4"	"Wednesday"	"False"	"2029"	"10"	"October"	"297"	"43"	"4"	"4"	"2026-07-09 17:38:34.036534"
"2029-10-25"	"5"	"Thursday"	"False"	"2029"	"10"	"October"	"298"	"43"	"4"	"4"	"2026-07-09 17:38:34.036534"
"2029-10-26"	"6"	"Friday"	"False"	"2029"	"10"	"October"	"299"	"43"	"4"	"4"	"2026-07-09 17:38:34.036534"
"2029-10-27"	"7"	"Saturday"	"True"	"2029"	"10"	"October"	"300"	"43"	"4"	"4"	"2026-07-09 17:38:34.036534"
"2029-10-28"	"1"	"Sunday"	"True"	"2029"	"10"	"October"	"301"	"44"	"5"	"4"	"2026-07-09 17:38:34.036534"
"2029-10-29"	"2"	"Monday"	"False"	"2029"	"10"	"October"	"302"	"44"	"5"	"4"	"2026-07-09 17:38:34.036534"
"2029-10-30"	"3"	"Tuesday"	"False"	"2029"	"10"	"October"	"303"	"44"	"5"	"4"	"2026-07-09 17:38:34.036534"
"2029-10-31"	"4"	"Wednesday"	"False"	"2029"	"10"	"October"	"304"	"44"	"5"	"4"	"2026-07-09 17:38:34.036534"
"2029-11-01"	"5"	"Thursday"	"False"	"2029"	"11"	"November"	"305"	"44"	"1"	"4"	"2026-07-09 17:38:34.036534"
"2029-11-02"	"6"	"Friday"	"False"	"2029"	"11"	"November"	"306"	"44"	"1"	"4"	"2026-07-09 17:38:34.036534"
"2029-11-03"	"7"	"Saturday"	"True"	"2029"	"11"	"November"	"307"	"44"	"1"	"4"	"2026-07-09 17:38:34.036534"
"2029-11-04"	"1"	"Sunday"	"True"	"2029"	"11"	"November"	"308"	"45"	"2"	"4"	"2026-07-09 17:38:34.036534"
"2029-11-05"	"2"	"Monday"	"False"	"2029"	"11"	"November"	"309"	"45"	"2"	"4"	"2026-07-09 17:38:34.036534"
"2029-11-06"	"3"	"Tuesday"	"False"	"2029"	"11"	"November"	"310"	"45"	"2"	"4"	"2026-07-09 17:38:34.036534"
"2029-11-07"	"4"	"Wednesday"	"False"	"2029"	"11"	"November"	"311"	"45"	"2"	"4"	"2026-07-09 17:38:34.036534"
"2029-11-08"	"5"	"Thursday"	"False"	"2029"	"11"	"November"	"312"	"45"	"2"	"4"	"2026-07-09 17:38:34.036534"
"2029-11-09"	"6"	"Friday"	"False"	"2029"	"11"	"November"	"313"	"45"	"2"	"4"	"2026-07-09 17:38:34.036534"
"2029-11-10"	"7"	"Saturday"	"True"	"2029"	"11"	"November"	"314"	"45"	"2"	"4"	"2026-07-09 17:38:34.036534"
"2029-11-11"	"1"	"Sunday"	"True"	"2029"	"11"	"November"	"315"	"46"	"3"	"4"	"2026-07-09 17:38:34.036534"
"2029-11-12"	"2"	"Monday"	"False"	"2029"	"11"	"November"	"316"	"46"	"3"	"4"	"2026-07-09 17:38:34.036534"
"2029-11-13"	"3"	"Tuesday"	"False"	"2029"	"11"	"November"	"317"	"46"	"3"	"4"	"2026-07-09 17:38:34.036534"
"2029-11-14"	"4"	"Wednesday"	"False"	"2029"	"11"	"November"	"318"	"46"	"3"	"4"	"2026-07-09 17:38:34.036534"
"2029-11-15"	"5"	"Thursday"	"False"	"2029"	"11"	"November"	"319"	"46"	"3"	"4"	"2026-07-09 17:38:34.036534"
"2029-11-16"	"6"	"Friday"	"False"	"2029"	"11"	"November"	"320"	"46"	"3"	"4"	"2026-07-09 17:38:34.036534"
"2029-11-17"	"7"	"Saturday"	"True"	"2029"	"11"	"November"	"321"	"46"	"3"	"4"	"2026-07-09 17:38:34.036534"
"2029-11-18"	"1"	"Sunday"	"True"	"2029"	"11"	"November"	"322"	"47"	"4"	"4"	"2026-07-09 17:38:34.036534"
"2029-11-19"	"2"	"Monday"	"False"	"2029"	"11"	"November"	"323"	"47"	"4"	"4"	"2026-07-09 17:38:34.036534"
"2029-11-20"	"3"	"Tuesday"	"False"	"2029"	"11"	"November"	"324"	"47"	"4"	"4"	"2026-07-09 17:38:34.036534"
"2029-11-21"	"4"	"Wednesday"	"False"	"2029"	"11"	"November"	"325"	"47"	"4"	"4"	"2026-07-09 17:38:34.036534"
"2029-11-22"	"5"	"Thursday"	"False"	"2029"	"11"	"November"	"326"	"47"	"4"	"4"	"2026-07-09 17:38:34.036534"
"2029-11-23"	"6"	"Friday"	"False"	"2029"	"11"	"November"	"327"	"47"	"4"	"4"	"2026-07-09 17:38:34.036534"
"2029-11-24"	"7"	"Saturday"	"True"	"2029"	"11"	"November"	"328"	"47"	"4"	"4"	"2026-07-09 17:38:34.036534"
"2029-11-25"	"1"	"Sunday"	"True"	"2029"	"11"	"November"	"329"	"48"	"5"	"4"	"2026-07-09 17:38:34.036534"
"2029-11-26"	"2"	"Monday"	"False"	"2029"	"11"	"November"	"330"	"48"	"5"	"4"	"2026-07-09 17:38:34.036534"
"2029-11-27"	"3"	"Tuesday"	"False"	"2029"	"11"	"November"	"331"	"48"	"5"	"4"	"2026-07-09 17:38:34.036534"
"2029-11-28"	"4"	"Wednesday"	"False"	"2029"	"11"	"November"	"332"	"48"	"5"	"4"	"2026-07-09 17:38:34.036534"
"2029-11-29"	"5"	"Thursday"	"False"	"2029"	"11"	"November"	"333"	"48"	"5"	"4"	"2026-07-09 17:38:34.036534"
"2029-11-30"	"6"	"Friday"	"False"	"2029"	"11"	"November"	"334"	"48"	"5"	"4"	"2026-07-09 17:38:34.036534"
"2029-12-01"	"7"	"Saturday"	"True"	"2029"	"12"	"December"	"335"	"48"	"1"	"4"	"2026-07-09 17:38:34.036534"
"2029-12-02"	"1"	"Sunday"	"True"	"2029"	"12"	"December"	"336"	"49"	"2"	"4"	"2026-07-09 17:38:34.036534"
"2029-12-03"	"2"	"Monday"	"False"	"2029"	"12"	"December"	"337"	"49"	"2"	"4"	"2026-07-09 17:38:34.036534"
"2029-12-04"	"3"	"Tuesday"	"False"	"2029"	"12"	"December"	"338"	"49"	"2"	"4"	"2026-07-09 17:38:34.036534"
"2029-12-05"	"4"	"Wednesday"	"False"	"2029"	"12"	"December"	"339"	"49"	"2"	"4"	"2026-07-09 17:38:34.036534"
"2029-12-06"	"5"	"Thursday"	"False"	"2029"	"12"	"December"	"340"	"49"	"2"	"4"	"2026-07-09 17:38:34.036534"
"2029-12-07"	"6"	"Friday"	"False"	"2029"	"12"	"December"	"341"	"49"	"2"	"4"	"2026-07-09 17:38:34.036534"
"2029-12-08"	"7"	"Saturday"	"True"	"2029"	"12"	"December"	"342"	"49"	"2"	"4"	"2026-07-09 17:38:34.036534"
"2029-12-09"	"1"	"Sunday"	"True"	"2029"	"12"	"December"	"343"	"50"	"3"	"4"	"2026-07-09 17:38:34.036534"
"2029-12-10"	"2"	"Monday"	"False"	"2029"	"12"	"December"	"344"	"50"	"3"	"4"	"2026-07-09 17:38:34.036534"
"2029-12-11"	"3"	"Tuesday"	"False"	"2029"	"12"	"December"	"345"	"50"	"3"	"4"	"2026-07-09 17:38:34.036534"
"2029-12-12"	"4"	"Wednesday"	"False"	"2029"	"12"	"December"	"346"	"50"	"3"	"4"	"2026-07-09 17:38:34.036534"
"2029-12-13"	"5"	"Thursday"	"False"	"2029"	"12"	"December"	"347"	"50"	"3"	"4"	"2026-07-09 17:38:34.036534"
"2029-12-14"	"6"	"Friday"	"False"	"2029"	"12"	"December"	"348"	"50"	"3"	"4"	"2026-07-09 17:38:34.036534"
"2029-12-15"	"7"	"Saturday"	"True"	"2029"	"12"	"December"	"349"	"50"	"3"	"4"	"2026-07-09 17:38:34.036534"
"2029-12-16"	"1"	"Sunday"	"True"	"2029"	"12"	"December"	"350"	"51"	"4"	"4"	"2026-07-09 17:38:34.036534"
"2029-12-17"	"2"	"Monday"	"False"	"2029"	"12"	"December"	"351"	"51"	"4"	"4"	"2026-07-09 17:38:34.036534"
"2029-12-18"	"3"	"Tuesday"	"False"	"2029"	"12"	"December"	"352"	"51"	"4"	"4"	"2026-07-09 17:38:34.036534"
"2029-12-19"	"4"	"Wednesday"	"False"	"2029"	"12"	"December"	"353"	"51"	"4"	"4"	"2026-07-09 17:38:34.036534"
"2029-12-20"	"5"	"Thursday"	"False"	"2029"	"12"	"December"	"354"	"51"	"4"	"4"	"2026-07-09 17:38:34.036534"
"2029-12-21"	"6"	"Friday"	"False"	"2029"	"12"	"December"	"355"	"51"	"4"	"4"	"2026-07-09 17:38:34.036534"
"2029-12-22"	"7"	"Saturday"	"True"	"2029"	"12"	"December"	"356"	"51"	"4"	"4"	"2026-07-09 17:38:34.036534"
"2029-12-23"	"1"	"Sunday"	"True"	"2029"	"12"	"December"	"357"	"52"	"5"	"4"	"2026-07-09 17:38:34.036534"
"2029-12-24"	"2"	"Monday"	"False"	"2029"	"12"	"December"	"358"	"52"	"5"	"4"	"2026-07-09 17:38:34.036534"
"2029-12-25"	"3"	"Tuesday"	"False"	"2029"	"12"	"December"	"359"	"52"	"5"	"4"	"2026-07-09 17:38:34.036534"
"2029-12-26"	"4"	"Wednesday"	"False"	"2029"	"12"	"December"	"360"	"52"	"5"	"4"	"2026-07-09 17:38:34.036534"
"2029-12-27"	"5"	"Thursday"	"False"	"2029"	"12"	"December"	"361"	"52"	"5"	"4"	"2026-07-09 17:38:34.036534"
"2029-12-28"	"6"	"Friday"	"False"	"2029"	"12"	"December"	"362"	"52"	"5"	"4"	"2026-07-09 17:38:34.036534"
"2029-12-29"	"7"	"Saturday"	"True"	"2029"	"12"	"December"	"363"	"52"	"5"	"4"	"2026-07-09 17:38:34.036534"
"2029-12-30"	"1"	"Sunday"	"True"	"2029"	"12"	"December"	"364"	"1"	"6"	"4"	"2026-07-09 17:38:34.036534"
"2029-12-31"	"2"	"Monday"	"False"	"2029"	"12"	"December"	"365"	"1"	"6"	"4"	"2026-07-09 17:38:34.036534"
"2030-01-01"	"3"	"Tuesday"	"False"	"2030"	"1"	"January"	"1"	"1"	"1"	"1"	"2026-07-09 17:38:34.036534"
"2030-01-02"	"4"	"Wednesday"	"False"	"2030"	"1"	"January"	"2"	"1"	"1"	"1"	"2026-07-09 17:38:34.036534"
"2030-01-03"	"5"	"Thursday"	"False"	"2030"	"1"	"January"	"3"	"1"	"1"	"1"	"2026-07-09 17:38:34.036534"
"2030-01-04"	"6"	"Friday"	"False"	"2030"	"1"	"January"	"4"	"1"	"1"	"1"	"2026-07-09 17:38:34.036534"
"2030-01-05"	"7"	"Saturday"	"True"	"2030"	"1"	"January"	"5"	"1"	"1"	"1"	"2026-07-09 17:38:34.036534"
"2030-01-06"	"1"	"Sunday"	"True"	"2030"	"1"	"January"	"6"	"2"	"2"	"1"	"2026-07-09 17:38:34.036534"
"2030-01-07"	"2"	"Monday"	"False"	"2030"	"1"	"January"	"7"	"2"	"2"	"1"	"2026-07-09 17:38:34.036534"
"2030-01-08"	"3"	"Tuesday"	"False"	"2030"	"1"	"January"	"8"	"2"	"2"	"1"	"2026-07-09 17:38:34.036534"
"2030-01-09"	"4"	"Wednesday"	"False"	"2030"	"1"	"January"	"9"	"2"	"2"	"1"	"2026-07-09 17:38:34.036534"
"2030-01-10"	"5"	"Thursday"	"False"	"2030"	"1"	"January"	"10"	"2"	"2"	"1"	"2026-07-09 17:38:34.036534"
"2030-01-11"	"6"	"Friday"	"False"	"2030"	"1"	"January"	"11"	"2"	"2"	"1"	"2026-07-09 17:38:34.036534"
"2030-01-12"	"7"	"Saturday"	"True"	"2030"	"1"	"January"	"12"	"2"	"2"	"1"	"2026-07-09 17:38:34.036534"
"2030-01-13"	"1"	"Sunday"	"True"	"2030"	"1"	"January"	"13"	"3"	"3"	"1"	"2026-07-09 17:38:34.036534"
"2030-01-14"	"2"	"Monday"	"False"	"2030"	"1"	"January"	"14"	"3"	"3"	"1"	"2026-07-09 17:38:34.036534"
"2030-01-15"	"3"	"Tuesday"	"False"	"2030"	"1"	"January"	"15"	"3"	"3"	"1"	"2026-07-09 17:38:34.036534"
"2030-01-16"	"4"	"Wednesday"	"False"	"2030"	"1"	"January"	"16"	"3"	"3"	"1"	"2026-07-09 17:38:34.036534"
"2030-01-17"	"5"	"Thursday"	"False"	"2030"	"1"	"January"	"17"	"3"	"3"	"1"	"2026-07-09 17:38:34.036534"
"2030-01-18"	"6"	"Friday"	"False"	"2030"	"1"	"January"	"18"	"3"	"3"	"1"	"2026-07-09 17:38:34.036534"
"2030-01-19"	"7"	"Saturday"	"True"	"2030"	"1"	"January"	"19"	"3"	"3"	"1"	"2026-07-09 17:38:34.036534"
"2030-01-20"	"1"	"Sunday"	"True"	"2030"	"1"	"January"	"20"	"4"	"4"	"1"	"2026-07-09 17:38:34.036534"
"2030-01-21"	"2"	"Monday"	"False"	"2030"	"1"	"January"	"21"	"4"	"4"	"1"	"2026-07-09 17:38:34.036534"
"2030-01-22"	"3"	"Tuesday"	"False"	"2030"	"1"	"January"	"22"	"4"	"4"	"1"	"2026-07-09 17:38:34.036534"
"2030-01-23"	"4"	"Wednesday"	"False"	"2030"	"1"	"January"	"23"	"4"	"4"	"1"	"2026-07-09 17:38:34.036534"
"2030-01-24"	"5"	"Thursday"	"False"	"2030"	"1"	"January"	"24"	"4"	"4"	"1"	"2026-07-09 17:38:34.036534"
"2030-01-25"	"6"	"Friday"	"False"	"2030"	"1"	"January"	"25"	"4"	"4"	"1"	"2026-07-09 17:38:34.036534"
"2030-01-26"	"7"	"Saturday"	"True"	"2030"	"1"	"January"	"26"	"4"	"4"	"1"	"2026-07-09 17:38:34.036534"
"2030-01-27"	"1"	"Sunday"	"True"	"2030"	"1"	"January"	"27"	"5"	"5"	"1"	"2026-07-09 17:38:34.036534"
"2030-01-28"	"2"	"Monday"	"False"	"2030"	"1"	"January"	"28"	"5"	"5"	"1"	"2026-07-09 17:38:34.036534"
"2030-01-29"	"3"	"Tuesday"	"False"	"2030"	"1"	"January"	"29"	"5"	"5"	"1"	"2026-07-09 17:38:34.036534"
"2030-01-30"	"4"	"Wednesday"	"False"	"2030"	"1"	"January"	"30"	"5"	"5"	"1"	"2026-07-09 17:38:34.036534"
"2030-01-31"	"5"	"Thursday"	"False"	"2030"	"1"	"January"	"31"	"5"	"5"	"1"	"2026-07-09 17:38:34.036534"
"2030-02-01"	"6"	"Friday"	"False"	"2030"	"2"	"February"	"32"	"5"	"1"	"1"	"2026-07-09 17:38:34.036534"
"2030-02-02"	"7"	"Saturday"	"True"	"2030"	"2"	"February"	"33"	"5"	"1"	"1"	"2026-07-09 17:38:34.036534"
"2030-02-03"	"1"	"Sunday"	"True"	"2030"	"2"	"February"	"34"	"6"	"2"	"1"	"2026-07-09 17:38:34.036534"
"2030-02-04"	"2"	"Monday"	"False"	"2030"	"2"	"February"	"35"	"6"	"2"	"1"	"2026-07-09 17:38:34.036534"
"2030-02-05"	"3"	"Tuesday"	"False"	"2030"	"2"	"February"	"36"	"6"	"2"	"1"	"2026-07-09 17:38:34.036534"
"2030-02-06"	"4"	"Wednesday"	"False"	"2030"	"2"	"February"	"37"	"6"	"2"	"1"	"2026-07-09 17:38:34.036534"
"2030-02-07"	"5"	"Thursday"	"False"	"2030"	"2"	"February"	"38"	"6"	"2"	"1"	"2026-07-09 17:38:34.036534"
"2030-02-08"	"6"	"Friday"	"False"	"2030"	"2"	"February"	"39"	"6"	"2"	"1"	"2026-07-09 17:38:34.036534"
"2030-02-09"	"7"	"Saturday"	"True"	"2030"	"2"	"February"	"40"	"6"	"2"	"1"	"2026-07-09 17:38:34.036534"
"2030-02-10"	"1"	"Sunday"	"True"	"2030"	"2"	"February"	"41"	"7"	"3"	"1"	"2026-07-09 17:38:34.036534"
"2030-02-11"	"2"	"Monday"	"False"	"2030"	"2"	"February"	"42"	"7"	"3"	"1"	"2026-07-09 17:38:34.036534"
"2030-02-12"	"3"	"Tuesday"	"False"	"2030"	"2"	"February"	"43"	"7"	"3"	"1"	"2026-07-09 17:38:34.036534"
"2030-02-13"	"4"	"Wednesday"	"False"	"2030"	"2"	"February"	"44"	"7"	"3"	"1"	"2026-07-09 17:38:34.036534"
"2030-02-14"	"5"	"Thursday"	"False"	"2030"	"2"	"February"	"45"	"7"	"3"	"1"	"2026-07-09 17:38:34.036534"
"2030-02-15"	"6"	"Friday"	"False"	"2030"	"2"	"February"	"46"	"7"	"3"	"1"	"2026-07-09 17:38:34.036534"
"2030-02-16"	"7"	"Saturday"	"True"	"2030"	"2"	"February"	"47"	"7"	"3"	"1"	"2026-07-09 17:38:34.036534"
"2030-02-17"	"1"	"Sunday"	"True"	"2030"	"2"	"February"	"48"	"8"	"4"	"1"	"2026-07-09 17:38:34.036534"
"2030-02-18"	"2"	"Monday"	"False"	"2030"	"2"	"February"	"49"	"8"	"4"	"1"	"2026-07-09 17:38:34.036534"
"2030-02-19"	"3"	"Tuesday"	"False"	"2030"	"2"	"February"	"50"	"8"	"4"	"1"	"2026-07-09 17:38:34.036534"
"2030-02-20"	"4"	"Wednesday"	"False"	"2030"	"2"	"February"	"51"	"8"	"4"	"1"	"2026-07-09 17:38:34.036534"
"2030-02-21"	"5"	"Thursday"	"False"	"2030"	"2"	"February"	"52"	"8"	"4"	"1"	"2026-07-09 17:38:34.036534"
"2030-02-22"	"6"	"Friday"	"False"	"2030"	"2"	"February"	"53"	"8"	"4"	"1"	"2026-07-09 17:38:34.036534"
"2030-02-23"	"7"	"Saturday"	"True"	"2030"	"2"	"February"	"54"	"8"	"4"	"1"	"2026-07-09 17:38:34.036534"
"2030-02-24"	"1"	"Sunday"	"True"	"2030"	"2"	"February"	"55"	"9"	"5"	"1"	"2026-07-09 17:38:34.036534"
"2030-02-25"	"2"	"Monday"	"False"	"2030"	"2"	"February"	"56"	"9"	"5"	"1"	"2026-07-09 17:38:34.036534"
"2030-02-26"	"3"	"Tuesday"	"False"	"2030"	"2"	"February"	"57"	"9"	"5"	"1"	"2026-07-09 17:38:34.036534"
"2030-02-27"	"4"	"Wednesday"	"False"	"2030"	"2"	"February"	"58"	"9"	"5"	"1"	"2026-07-09 17:38:34.036534"
"2030-02-28"	"5"	"Thursday"	"False"	"2030"	"2"	"February"	"59"	"9"	"5"	"1"	"2026-07-09 17:38:34.036534"
"2030-03-01"	"6"	"Friday"	"False"	"2030"	"3"	"March"	"60"	"9"	"1"	"1"	"2026-07-09 17:38:34.036534"
"2030-03-02"	"7"	"Saturday"	"True"	"2030"	"3"	"March"	"61"	"9"	"1"	"1"	"2026-07-09 17:38:34.036534"
"2030-03-03"	"1"	"Sunday"	"True"	"2030"	"3"	"March"	"62"	"10"	"2"	"1"	"2026-07-09 17:38:34.036534"
"2030-03-04"	"2"	"Monday"	"False"	"2030"	"3"	"March"	"63"	"10"	"2"	"1"	"2026-07-09 17:38:34.036534"
"2030-03-05"	"3"	"Tuesday"	"False"	"2030"	"3"	"March"	"64"	"10"	"2"	"1"	"2026-07-09 17:38:34.036534"
"2030-03-06"	"4"	"Wednesday"	"False"	"2030"	"3"	"March"	"65"	"10"	"2"	"1"	"2026-07-09 17:38:34.036534"
"2030-03-07"	"5"	"Thursday"	"False"	"2030"	"3"	"March"	"66"	"10"	"2"	"1"	"2026-07-09 17:38:34.036534"
"2030-03-08"	"6"	"Friday"	"False"	"2030"	"3"	"March"	"67"	"10"	"2"	"1"	"2026-07-09 17:38:34.036534"
"2030-03-09"	"7"	"Saturday"	"True"	"2030"	"3"	"March"	"68"	"10"	"2"	"1"	"2026-07-09 17:38:34.036534"
"2030-03-10"	"1"	"Sunday"	"True"	"2030"	"3"	"March"	"69"	"11"	"3"	"1"	"2026-07-09 17:38:34.036534"
"2030-03-11"	"2"	"Monday"	"False"	"2030"	"3"	"March"	"70"	"11"	"3"	"1"	"2026-07-09 17:38:34.036534"
"2030-03-12"	"3"	"Tuesday"	"False"	"2030"	"3"	"March"	"71"	"11"	"3"	"1"	"2026-07-09 17:38:34.036534"
"2030-03-13"	"4"	"Wednesday"	"False"	"2030"	"3"	"March"	"72"	"11"	"3"	"1"	"2026-07-09 17:38:34.036534"
"2030-03-14"	"5"	"Thursday"	"False"	"2030"	"3"	"March"	"73"	"11"	"3"	"1"	"2026-07-09 17:38:34.036534"
"2030-03-15"	"6"	"Friday"	"False"	"2030"	"3"	"March"	"74"	"11"	"3"	"1"	"2026-07-09 17:38:34.036534"
"2030-03-16"	"7"	"Saturday"	"True"	"2030"	"3"	"March"	"75"	"11"	"3"	"1"	"2026-07-09 17:38:34.036534"
"2030-03-17"	"1"	"Sunday"	"True"	"2030"	"3"	"March"	"76"	"12"	"4"	"1"	"2026-07-09 17:38:34.036534"
"2030-03-18"	"2"	"Monday"	"False"	"2030"	"3"	"March"	"77"	"12"	"4"	"1"	"2026-07-09 17:38:34.036534"
"2030-03-19"	"3"	"Tuesday"	"False"	"2030"	"3"	"March"	"78"	"12"	"4"	"1"	"2026-07-09 17:38:34.036534"
"2030-03-20"	"4"	"Wednesday"	"False"	"2030"	"3"	"March"	"79"	"12"	"4"	"1"	"2026-07-09 17:38:34.036534"
"2030-03-21"	"5"	"Thursday"	"False"	"2030"	"3"	"March"	"80"	"12"	"4"	"1"	"2026-07-09 17:38:34.036534"
"2030-03-22"	"6"	"Friday"	"False"	"2030"	"3"	"March"	"81"	"12"	"4"	"1"	"2026-07-09 17:38:34.036534"
"2030-03-23"	"7"	"Saturday"	"True"	"2030"	"3"	"March"	"82"	"12"	"4"	"1"	"2026-07-09 17:38:34.036534"
"2030-03-24"	"1"	"Sunday"	"True"	"2030"	"3"	"March"	"83"	"13"	"5"	"1"	"2026-07-09 17:38:34.036534"
"2030-03-25"	"2"	"Monday"	"False"	"2030"	"3"	"March"	"84"	"13"	"5"	"1"	"2026-07-09 17:38:34.036534"
"2030-03-26"	"3"	"Tuesday"	"False"	"2030"	"3"	"March"	"85"	"13"	"5"	"1"	"2026-07-09 17:38:34.036534"
"2030-03-27"	"4"	"Wednesday"	"False"	"2030"	"3"	"March"	"86"	"13"	"5"	"1"	"2026-07-09 17:38:34.036534"
"2030-03-28"	"5"	"Thursday"	"False"	"2030"	"3"	"March"	"87"	"13"	"5"	"1"	"2026-07-09 17:38:34.036534"
"2030-03-29"	"6"	"Friday"	"False"	"2030"	"3"	"March"	"88"	"13"	"5"	"1"	"2026-07-09 17:38:34.036534"
"2030-03-30"	"7"	"Saturday"	"True"	"2030"	"3"	"March"	"89"	"13"	"5"	"1"	"2026-07-09 17:38:34.036534"
"2030-03-31"	"1"	"Sunday"	"True"	"2030"	"3"	"March"	"90"	"14"	"6"	"1"	"2026-07-09 17:38:34.036534"
"2030-04-01"	"2"	"Monday"	"False"	"2030"	"4"	"April"	"91"	"14"	"1"	"2"	"2026-07-09 17:38:34.036534"
"2030-04-02"	"3"	"Tuesday"	"False"	"2030"	"4"	"April"	"92"	"14"	"1"	"2"	"2026-07-09 17:38:34.036534"
"2030-04-03"	"4"	"Wednesday"	"False"	"2030"	"4"	"April"	"93"	"14"	"1"	"2"	"2026-07-09 17:38:34.036534"
"2030-04-04"	"5"	"Thursday"	"False"	"2030"	"4"	"April"	"94"	"14"	"1"	"2"	"2026-07-09 17:38:34.036534"
"2030-04-05"	"6"	"Friday"	"False"	"2030"	"4"	"April"	"95"	"14"	"1"	"2"	"2026-07-09 17:38:34.036534"
"2030-04-06"	"7"	"Saturday"	"True"	"2030"	"4"	"April"	"96"	"14"	"1"	"2"	"2026-07-09 17:38:34.036534"
"2030-04-07"	"1"	"Sunday"	"True"	"2030"	"4"	"April"	"97"	"15"	"2"	"2"	"2026-07-09 17:38:34.036534"
"2030-04-08"	"2"	"Monday"	"False"	"2030"	"4"	"April"	"98"	"15"	"2"	"2"	"2026-07-09 17:38:34.036534"
"2030-04-09"	"3"	"Tuesday"	"False"	"2030"	"4"	"April"	"99"	"15"	"2"	"2"	"2026-07-09 17:38:34.036534"
"2030-04-10"	"4"	"Wednesday"	"False"	"2030"	"4"	"April"	"100"	"15"	"2"	"2"	"2026-07-09 17:38:34.036534"
"2030-04-11"	"5"	"Thursday"	"False"	"2030"	"4"	"April"	"101"	"15"	"2"	"2"	"2026-07-09 17:38:34.036534"
"2030-04-12"	"6"	"Friday"	"False"	"2030"	"4"	"April"	"102"	"15"	"2"	"2"	"2026-07-09 17:38:34.036534"
"2030-04-13"	"7"	"Saturday"	"True"	"2030"	"4"	"April"	"103"	"15"	"2"	"2"	"2026-07-09 17:38:34.036534"
"2030-04-14"	"1"	"Sunday"	"True"	"2030"	"4"	"April"	"104"	"16"	"3"	"2"	"2026-07-09 17:38:34.036534"
"2030-04-15"	"2"	"Monday"	"False"	"2030"	"4"	"April"	"105"	"16"	"3"	"2"	"2026-07-09 17:38:34.036534"
"2030-04-16"	"3"	"Tuesday"	"False"	"2030"	"4"	"April"	"106"	"16"	"3"	"2"	"2026-07-09 17:38:34.036534"
"2030-04-17"	"4"	"Wednesday"	"False"	"2030"	"4"	"April"	"107"	"16"	"3"	"2"	"2026-07-09 17:38:34.036534"
"2030-04-18"	"5"	"Thursday"	"False"	"2030"	"4"	"April"	"108"	"16"	"3"	"2"	"2026-07-09 17:38:34.036534"
"2030-04-19"	"6"	"Friday"	"False"	"2030"	"4"	"April"	"109"	"16"	"3"	"2"	"2026-07-09 17:38:34.036534"
"2030-04-20"	"7"	"Saturday"	"True"	"2030"	"4"	"April"	"110"	"16"	"3"	"2"	"2026-07-09 17:38:34.036534"
"2030-04-21"	"1"	"Sunday"	"True"	"2030"	"4"	"April"	"111"	"17"	"4"	"2"	"2026-07-09 17:38:34.036534"
"2030-04-22"	"2"	"Monday"	"False"	"2030"	"4"	"April"	"112"	"17"	"4"	"2"	"2026-07-09 17:38:34.036534"
"2030-04-23"	"3"	"Tuesday"	"False"	"2030"	"4"	"April"	"113"	"17"	"4"	"2"	"2026-07-09 17:38:34.036534"
"2030-04-24"	"4"	"Wednesday"	"False"	"2030"	"4"	"April"	"114"	"17"	"4"	"2"	"2026-07-09 17:38:34.036534"
"2030-04-25"	"5"	"Thursday"	"False"	"2030"	"4"	"April"	"115"	"17"	"4"	"2"	"2026-07-09 17:38:34.036534"
"2030-04-26"	"6"	"Friday"	"False"	"2030"	"4"	"April"	"116"	"17"	"4"	"2"	"2026-07-09 17:38:34.036534"
"2030-04-27"	"7"	"Saturday"	"True"	"2030"	"4"	"April"	"117"	"17"	"4"	"2"	"2026-07-09 17:38:34.036534"
"2030-04-28"	"1"	"Sunday"	"True"	"2030"	"4"	"April"	"118"	"18"	"5"	"2"	"2026-07-09 17:38:34.036534"
"2030-04-29"	"2"	"Monday"	"False"	"2030"	"4"	"April"	"119"	"18"	"5"	"2"	"2026-07-09 17:38:34.036534"
"2030-04-30"	"3"	"Tuesday"	"False"	"2030"	"4"	"April"	"120"	"18"	"5"	"2"	"2026-07-09 17:38:34.036534"
"2030-05-01"	"4"	"Wednesday"	"False"	"2030"	"5"	"May"	"121"	"18"	"1"	"2"	"2026-07-09 17:38:34.036534"
"2030-05-02"	"5"	"Thursday"	"False"	"2030"	"5"	"May"	"122"	"18"	"1"	"2"	"2026-07-09 17:38:34.036534"
"2030-05-03"	"6"	"Friday"	"False"	"2030"	"5"	"May"	"123"	"18"	"1"	"2"	"2026-07-09 17:38:34.036534"
"2030-05-04"	"7"	"Saturday"	"True"	"2030"	"5"	"May"	"124"	"18"	"1"	"2"	"2026-07-09 17:38:34.036534"
"2030-05-05"	"1"	"Sunday"	"True"	"2030"	"5"	"May"	"125"	"19"	"2"	"2"	"2026-07-09 17:38:34.036534"
"2030-05-06"	"2"	"Monday"	"False"	"2030"	"5"	"May"	"126"	"19"	"2"	"2"	"2026-07-09 17:38:34.036534"
"2030-05-07"	"3"	"Tuesday"	"False"	"2030"	"5"	"May"	"127"	"19"	"2"	"2"	"2026-07-09 17:38:34.036534"
"2030-05-08"	"4"	"Wednesday"	"False"	"2030"	"5"	"May"	"128"	"19"	"2"	"2"	"2026-07-09 17:38:34.036534"
"2030-05-09"	"5"	"Thursday"	"False"	"2030"	"5"	"May"	"129"	"19"	"2"	"2"	"2026-07-09 17:38:34.036534"
"2030-05-10"	"6"	"Friday"	"False"	"2030"	"5"	"May"	"130"	"19"	"2"	"2"	"2026-07-09 17:38:34.036534"
"2030-05-11"	"7"	"Saturday"	"True"	"2030"	"5"	"May"	"131"	"19"	"2"	"2"	"2026-07-09 17:38:34.036534"
"2030-05-12"	"1"	"Sunday"	"True"	"2030"	"5"	"May"	"132"	"20"	"3"	"2"	"2026-07-09 17:38:34.036534"
"2030-05-13"	"2"	"Monday"	"False"	"2030"	"5"	"May"	"133"	"20"	"3"	"2"	"2026-07-09 17:38:34.036534"
"2030-05-14"	"3"	"Tuesday"	"False"	"2030"	"5"	"May"	"134"	"20"	"3"	"2"	"2026-07-09 17:38:34.036534"
"2030-05-15"	"4"	"Wednesday"	"False"	"2030"	"5"	"May"	"135"	"20"	"3"	"2"	"2026-07-09 17:38:34.036534"
"2030-05-16"	"5"	"Thursday"	"False"	"2030"	"5"	"May"	"136"	"20"	"3"	"2"	"2026-07-09 17:38:34.036534"
"2030-05-17"	"6"	"Friday"	"False"	"2030"	"5"	"May"	"137"	"20"	"3"	"2"	"2026-07-09 17:38:34.036534"
"2030-05-18"	"7"	"Saturday"	"True"	"2030"	"5"	"May"	"138"	"20"	"3"	"2"	"2026-07-09 17:38:34.036534"
"2030-05-19"	"1"	"Sunday"	"True"	"2030"	"5"	"May"	"139"	"21"	"4"	"2"	"2026-07-09 17:38:34.036534"
"2030-05-20"	"2"	"Monday"	"False"	"2030"	"5"	"May"	"140"	"21"	"4"	"2"	"2026-07-09 17:38:34.036534"
"2030-05-21"	"3"	"Tuesday"	"False"	"2030"	"5"	"May"	"141"	"21"	"4"	"2"	"2026-07-09 17:38:34.036534"
"2030-05-22"	"4"	"Wednesday"	"False"	"2030"	"5"	"May"	"142"	"21"	"4"	"2"	"2026-07-09 17:38:34.036534"
"2030-05-23"	"5"	"Thursday"	"False"	"2030"	"5"	"May"	"143"	"21"	"4"	"2"	"2026-07-09 17:38:34.036534"
"2030-05-24"	"6"	"Friday"	"False"	"2030"	"5"	"May"	"144"	"21"	"4"	"2"	"2026-07-09 17:38:34.036534"
"2030-05-25"	"7"	"Saturday"	"True"	"2030"	"5"	"May"	"145"	"21"	"4"	"2"	"2026-07-09 17:38:34.036534"
"2030-05-26"	"1"	"Sunday"	"True"	"2030"	"5"	"May"	"146"	"22"	"5"	"2"	"2026-07-09 17:38:34.036534"
"2030-05-27"	"2"	"Monday"	"False"	"2030"	"5"	"May"	"147"	"22"	"5"	"2"	"2026-07-09 17:38:34.036534"
"2030-05-28"	"3"	"Tuesday"	"False"	"2030"	"5"	"May"	"148"	"22"	"5"	"2"	"2026-07-09 17:38:34.036534"
"2030-05-29"	"4"	"Wednesday"	"False"	"2030"	"5"	"May"	"149"	"22"	"5"	"2"	"2026-07-09 17:38:34.036534"
"2030-05-30"	"5"	"Thursday"	"False"	"2030"	"5"	"May"	"150"	"22"	"5"	"2"	"2026-07-09 17:38:34.036534"
"2030-05-31"	"6"	"Friday"	"False"	"2030"	"5"	"May"	"151"	"22"	"5"	"2"	"2026-07-09 17:38:34.036534"
"2030-06-01"	"7"	"Saturday"	"True"	"2030"	"6"	"June"	"152"	"22"	"1"	"2"	"2026-07-09 17:38:34.036534"
"2030-06-02"	"1"	"Sunday"	"True"	"2030"	"6"	"June"	"153"	"23"	"2"	"2"	"2026-07-09 17:38:34.036534"
"2030-06-03"	"2"	"Monday"	"False"	"2030"	"6"	"June"	"154"	"23"	"2"	"2"	"2026-07-09 17:38:34.036534"
"2030-06-04"	"3"	"Tuesday"	"False"	"2030"	"6"	"June"	"155"	"23"	"2"	"2"	"2026-07-09 17:38:34.036534"
"2030-06-05"	"4"	"Wednesday"	"False"	"2030"	"6"	"June"	"156"	"23"	"2"	"2"	"2026-07-09 17:38:34.036534"
"2030-06-06"	"5"	"Thursday"	"False"	"2030"	"6"	"June"	"157"	"23"	"2"	"2"	"2026-07-09 17:38:34.036534"
"2030-06-07"	"6"	"Friday"	"False"	"2030"	"6"	"June"	"158"	"23"	"2"	"2"	"2026-07-09 17:38:34.036534"
"2030-06-08"	"7"	"Saturday"	"True"	"2030"	"6"	"June"	"159"	"23"	"2"	"2"	"2026-07-09 17:38:34.036534"
"2030-06-09"	"1"	"Sunday"	"True"	"2030"	"6"	"June"	"160"	"24"	"3"	"2"	"2026-07-09 17:38:34.036534"
"2030-06-10"	"2"	"Monday"	"False"	"2030"	"6"	"June"	"161"	"24"	"3"	"2"	"2026-07-09 17:38:34.036534"
"2030-06-11"	"3"	"Tuesday"	"False"	"2030"	"6"	"June"	"162"	"24"	"3"	"2"	"2026-07-09 17:38:34.036534"
"2030-06-12"	"4"	"Wednesday"	"False"	"2030"	"6"	"June"	"163"	"24"	"3"	"2"	"2026-07-09 17:38:34.036534"
"2030-06-13"	"5"	"Thursday"	"False"	"2030"	"6"	"June"	"164"	"24"	"3"	"2"	"2026-07-09 17:38:34.036534"
"2030-06-14"	"6"	"Friday"	"False"	"2030"	"6"	"June"	"165"	"24"	"3"	"2"	"2026-07-09 17:38:34.036534"
"2030-06-15"	"7"	"Saturday"	"True"	"2030"	"6"	"June"	"166"	"24"	"3"	"2"	"2026-07-09 17:38:34.036534"
"2030-06-16"	"1"	"Sunday"	"True"	"2030"	"6"	"June"	"167"	"25"	"4"	"2"	"2026-07-09 17:38:34.036534"
"2030-06-17"	"2"	"Monday"	"False"	"2030"	"6"	"June"	"168"	"25"	"4"	"2"	"2026-07-09 17:38:34.036534"
"2030-06-18"	"3"	"Tuesday"	"False"	"2030"	"6"	"June"	"169"	"25"	"4"	"2"	"2026-07-09 17:38:34.036534"
"2030-06-19"	"4"	"Wednesday"	"False"	"2030"	"6"	"June"	"170"	"25"	"4"	"2"	"2026-07-09 17:38:34.036534"
"2030-06-20"	"5"	"Thursday"	"False"	"2030"	"6"	"June"	"171"	"25"	"4"	"2"	"2026-07-09 17:38:34.036534"
"2030-06-21"	"6"	"Friday"	"False"	"2030"	"6"	"June"	"172"	"25"	"4"	"2"	"2026-07-09 17:38:34.036534"
"2030-06-22"	"7"	"Saturday"	"True"	"2030"	"6"	"June"	"173"	"25"	"4"	"2"	"2026-07-09 17:38:34.036534"
"2030-06-23"	"1"	"Sunday"	"True"	"2030"	"6"	"June"	"174"	"26"	"5"	"2"	"2026-07-09 17:38:34.036534"
"2030-06-24"	"2"	"Monday"	"False"	"2030"	"6"	"June"	"175"	"26"	"5"	"2"	"2026-07-09 17:38:34.036534"
"2030-06-25"	"3"	"Tuesday"	"False"	"2030"	"6"	"June"	"176"	"26"	"5"	"2"	"2026-07-09 17:38:34.036534"
"2030-06-26"	"4"	"Wednesday"	"False"	"2030"	"6"	"June"	"177"	"26"	"5"	"2"	"2026-07-09 17:38:34.036534"
"2030-06-27"	"5"	"Thursday"	"False"	"2030"	"6"	"June"	"178"	"26"	"5"	"2"	"2026-07-09 17:38:34.036534"
"2030-06-28"	"6"	"Friday"	"False"	"2030"	"6"	"June"	"179"	"26"	"5"	"2"	"2026-07-09 17:38:34.036534"
"2030-06-29"	"7"	"Saturday"	"True"	"2030"	"6"	"June"	"180"	"26"	"5"	"2"	"2026-07-09 17:38:34.036534"
"2030-06-30"	"1"	"Sunday"	"True"	"2030"	"6"	"June"	"181"	"27"	"6"	"2"	"2026-07-09 17:38:34.036534"
"2030-07-01"	"2"	"Monday"	"False"	"2030"	"7"	"July"	"182"	"27"	"1"	"3"	"2026-07-09 17:38:34.036534"
"2030-07-02"	"3"	"Tuesday"	"False"	"2030"	"7"	"July"	"183"	"27"	"1"	"3"	"2026-07-09 17:38:34.036534"
"2030-07-03"	"4"	"Wednesday"	"False"	"2030"	"7"	"July"	"184"	"27"	"1"	"3"	"2026-07-09 17:38:34.036534"
"2030-07-04"	"5"	"Thursday"	"False"	"2030"	"7"	"July"	"185"	"27"	"1"	"3"	"2026-07-09 17:38:34.036534"
"2030-07-05"	"6"	"Friday"	"False"	"2030"	"7"	"July"	"186"	"27"	"1"	"3"	"2026-07-09 17:38:34.036534"
"2030-07-06"	"7"	"Saturday"	"True"	"2030"	"7"	"July"	"187"	"27"	"1"	"3"	"2026-07-09 17:38:34.036534"
"2030-07-07"	"1"	"Sunday"	"True"	"2030"	"7"	"July"	"188"	"28"	"2"	"3"	"2026-07-09 17:38:34.036534"
"2030-07-08"	"2"	"Monday"	"False"	"2030"	"7"	"July"	"189"	"28"	"2"	"3"	"2026-07-09 17:38:34.036534"
"2030-07-09"	"3"	"Tuesday"	"False"	"2030"	"7"	"July"	"190"	"28"	"2"	"3"	"2026-07-09 17:38:34.036534"
"2030-07-10"	"4"	"Wednesday"	"False"	"2030"	"7"	"July"	"191"	"28"	"2"	"3"	"2026-07-09 17:38:34.036534"
"2030-07-11"	"5"	"Thursday"	"False"	"2030"	"7"	"July"	"192"	"28"	"2"	"3"	"2026-07-09 17:38:34.036534"
"2030-07-12"	"6"	"Friday"	"False"	"2030"	"7"	"July"	"193"	"28"	"2"	"3"	"2026-07-09 17:38:34.036534"
"2030-07-13"	"7"	"Saturday"	"True"	"2030"	"7"	"July"	"194"	"28"	"2"	"3"	"2026-07-09 17:38:34.036534"
"2030-07-14"	"1"	"Sunday"	"True"	"2030"	"7"	"July"	"195"	"29"	"3"	"3"	"2026-07-09 17:38:34.036534"
"2030-07-15"	"2"	"Monday"	"False"	"2030"	"7"	"July"	"196"	"29"	"3"	"3"	"2026-07-09 17:38:34.036534"
"2030-07-16"	"3"	"Tuesday"	"False"	"2030"	"7"	"July"	"197"	"29"	"3"	"3"	"2026-07-09 17:38:34.036534"
"2030-07-17"	"4"	"Wednesday"	"False"	"2030"	"7"	"July"	"198"	"29"	"3"	"3"	"2026-07-09 17:38:34.036534"
"2030-07-18"	"5"	"Thursday"	"False"	"2030"	"7"	"July"	"199"	"29"	"3"	"3"	"2026-07-09 17:38:34.036534"
"2030-07-19"	"6"	"Friday"	"False"	"2030"	"7"	"July"	"200"	"29"	"3"	"3"	"2026-07-09 17:38:34.036534"
"2030-07-20"	"7"	"Saturday"	"True"	"2030"	"7"	"July"	"201"	"29"	"3"	"3"	"2026-07-09 17:38:34.036534"
"2030-07-21"	"1"	"Sunday"	"True"	"2030"	"7"	"July"	"202"	"30"	"4"	"3"	"2026-07-09 17:38:34.036534"
"2030-07-22"	"2"	"Monday"	"False"	"2030"	"7"	"July"	"203"	"30"	"4"	"3"	"2026-07-09 17:38:34.036534"
"2030-07-23"	"3"	"Tuesday"	"False"	"2030"	"7"	"July"	"204"	"30"	"4"	"3"	"2026-07-09 17:38:34.036534"
"2030-07-24"	"4"	"Wednesday"	"False"	"2030"	"7"	"July"	"205"	"30"	"4"	"3"	"2026-07-09 17:38:34.036534"
"2030-07-25"	"5"	"Thursday"	"False"	"2030"	"7"	"July"	"206"	"30"	"4"	"3"	"2026-07-09 17:38:34.036534"
"2030-07-26"	"6"	"Friday"	"False"	"2030"	"7"	"July"	"207"	"30"	"4"	"3"	"2026-07-09 17:38:34.036534"
"2030-07-27"	"7"	"Saturday"	"True"	"2030"	"7"	"July"	"208"	"30"	"4"	"3"	"2026-07-09 17:38:34.036534"
"2030-07-28"	"1"	"Sunday"	"True"	"2030"	"7"	"July"	"209"	"31"	"5"	"3"	"2026-07-09 17:38:34.036534"
"2030-07-29"	"2"	"Monday"	"False"	"2030"	"7"	"July"	"210"	"31"	"5"	"3"	"2026-07-09 17:38:34.036534"
"2030-07-30"	"3"	"Tuesday"	"False"	"2030"	"7"	"July"	"211"	"31"	"5"	"3"	"2026-07-09 17:38:34.036534"
"2030-07-31"	"4"	"Wednesday"	"False"	"2030"	"7"	"July"	"212"	"31"	"5"	"3"	"2026-07-09 17:38:34.036534"
"2030-08-01"	"5"	"Thursday"	"False"	"2030"	"8"	"August"	"213"	"31"	"1"	"3"	"2026-07-09 17:38:34.036534"
"2030-08-02"	"6"	"Friday"	"False"	"2030"	"8"	"August"	"214"	"31"	"1"	"3"	"2026-07-09 17:38:34.036534"
"2030-08-03"	"7"	"Saturday"	"True"	"2030"	"8"	"August"	"215"	"31"	"1"	"3"	"2026-07-09 17:38:34.036534"
"2030-08-04"	"1"	"Sunday"	"True"	"2030"	"8"	"August"	"216"	"32"	"2"	"3"	"2026-07-09 17:38:34.036534"
"2030-08-05"	"2"	"Monday"	"False"	"2030"	"8"	"August"	"217"	"32"	"2"	"3"	"2026-07-09 17:38:34.036534"
"2030-08-06"	"3"	"Tuesday"	"False"	"2030"	"8"	"August"	"218"	"32"	"2"	"3"	"2026-07-09 17:38:34.036534"
"2030-08-07"	"4"	"Wednesday"	"False"	"2030"	"8"	"August"	"219"	"32"	"2"	"3"	"2026-07-09 17:38:34.036534"
"2030-08-08"	"5"	"Thursday"	"False"	"2030"	"8"	"August"	"220"	"32"	"2"	"3"	"2026-07-09 17:38:34.036534"
"2030-08-09"	"6"	"Friday"	"False"	"2030"	"8"	"August"	"221"	"32"	"2"	"3"	"2026-07-09 17:38:34.036534"
"2030-08-10"	"7"	"Saturday"	"True"	"2030"	"8"	"August"	"222"	"32"	"2"	"3"	"2026-07-09 17:38:34.036534"
"2030-08-11"	"1"	"Sunday"	"True"	"2030"	"8"	"August"	"223"	"33"	"3"	"3"	"2026-07-09 17:38:34.036534"
"2030-08-12"	"2"	"Monday"	"False"	"2030"	"8"	"August"	"224"	"33"	"3"	"3"	"2026-07-09 17:38:34.036534"
"2030-08-13"	"3"	"Tuesday"	"False"	"2030"	"8"	"August"	"225"	"33"	"3"	"3"	"2026-07-09 17:38:34.036534"
"2030-08-14"	"4"	"Wednesday"	"False"	"2030"	"8"	"August"	"226"	"33"	"3"	"3"	"2026-07-09 17:38:34.036534"
"2030-08-15"	"5"	"Thursday"	"False"	"2030"	"8"	"August"	"227"	"33"	"3"	"3"	"2026-07-09 17:38:34.036534"
"2030-08-16"	"6"	"Friday"	"False"	"2030"	"8"	"August"	"228"	"33"	"3"	"3"	"2026-07-09 17:38:34.036534"
"2030-08-17"	"7"	"Saturday"	"True"	"2030"	"8"	"August"	"229"	"33"	"3"	"3"	"2026-07-09 17:38:34.036534"
"2030-08-18"	"1"	"Sunday"	"True"	"2030"	"8"	"August"	"230"	"34"	"4"	"3"	"2026-07-09 17:38:34.036534"
"2030-08-19"	"2"	"Monday"	"False"	"2030"	"8"	"August"	"231"	"34"	"4"	"3"	"2026-07-09 17:38:34.036534"
"2030-08-20"	"3"	"Tuesday"	"False"	"2030"	"8"	"August"	"232"	"34"	"4"	"3"	"2026-07-09 17:38:34.036534"
"2030-08-21"	"4"	"Wednesday"	"False"	"2030"	"8"	"August"	"233"	"34"	"4"	"3"	"2026-07-09 17:38:34.036534"
"2030-08-22"	"5"	"Thursday"	"False"	"2030"	"8"	"August"	"234"	"34"	"4"	"3"	"2026-07-09 17:38:34.036534"
"2030-08-23"	"6"	"Friday"	"False"	"2030"	"8"	"August"	"235"	"34"	"4"	"3"	"2026-07-09 17:38:34.036534"
"2030-08-24"	"7"	"Saturday"	"True"	"2030"	"8"	"August"	"236"	"34"	"4"	"3"	"2026-07-09 17:38:34.036534"
"2030-08-25"	"1"	"Sunday"	"True"	"2030"	"8"	"August"	"237"	"35"	"5"	"3"	"2026-07-09 17:38:34.036534"
"2030-08-26"	"2"	"Monday"	"False"	"2030"	"8"	"August"	"238"	"35"	"5"	"3"	"2026-07-09 17:38:34.036534"
"2030-08-27"	"3"	"Tuesday"	"False"	"2030"	"8"	"August"	"239"	"35"	"5"	"3"	"2026-07-09 17:38:34.036534"
"2030-08-28"	"4"	"Wednesday"	"False"	"2030"	"8"	"August"	"240"	"35"	"5"	"3"	"2026-07-09 17:38:34.036534"
"2030-08-29"	"5"	"Thursday"	"False"	"2030"	"8"	"August"	"241"	"35"	"5"	"3"	"2026-07-09 17:38:34.036534"
"2030-08-30"	"6"	"Friday"	"False"	"2030"	"8"	"August"	"242"	"35"	"5"	"3"	"2026-07-09 17:38:34.036534"
"2030-08-31"	"7"	"Saturday"	"True"	"2030"	"8"	"August"	"243"	"35"	"5"	"3"	"2026-07-09 17:38:34.036534"
"2030-09-01"	"1"	"Sunday"	"True"	"2030"	"9"	"September"	"244"	"36"	"1"	"3"	"2026-07-09 17:38:34.036534"
"2030-09-02"	"2"	"Monday"	"False"	"2030"	"9"	"September"	"245"	"36"	"1"	"3"	"2026-07-09 17:38:34.036534"
"2030-09-03"	"3"	"Tuesday"	"False"	"2030"	"9"	"September"	"246"	"36"	"1"	"3"	"2026-07-09 17:38:34.036534"
"2030-09-04"	"4"	"Wednesday"	"False"	"2030"	"9"	"September"	"247"	"36"	"1"	"3"	"2026-07-09 17:38:34.036534"
"2030-09-05"	"5"	"Thursday"	"False"	"2030"	"9"	"September"	"248"	"36"	"1"	"3"	"2026-07-09 17:38:34.036534"
"2030-09-06"	"6"	"Friday"	"False"	"2030"	"9"	"September"	"249"	"36"	"1"	"3"	"2026-07-09 17:38:34.036534"
"2030-09-07"	"7"	"Saturday"	"True"	"2030"	"9"	"September"	"250"	"36"	"1"	"3"	"2026-07-09 17:38:34.036534"
"2030-09-08"	"1"	"Sunday"	"True"	"2030"	"9"	"September"	"251"	"37"	"2"	"3"	"2026-07-09 17:38:34.036534"
"2030-09-09"	"2"	"Monday"	"False"	"2030"	"9"	"September"	"252"	"37"	"2"	"3"	"2026-07-09 17:38:34.036534"
"2030-09-10"	"3"	"Tuesday"	"False"	"2030"	"9"	"September"	"253"	"37"	"2"	"3"	"2026-07-09 17:38:34.036534"
"2030-09-11"	"4"	"Wednesday"	"False"	"2030"	"9"	"September"	"254"	"37"	"2"	"3"	"2026-07-09 17:38:34.036534"
"2030-09-12"	"5"	"Thursday"	"False"	"2030"	"9"	"September"	"255"	"37"	"2"	"3"	"2026-07-09 17:38:34.036534"
"2030-09-13"	"6"	"Friday"	"False"	"2030"	"9"	"September"	"256"	"37"	"2"	"3"	"2026-07-09 17:38:34.036534"
"2030-09-14"	"7"	"Saturday"	"True"	"2030"	"9"	"September"	"257"	"37"	"2"	"3"	"2026-07-09 17:38:34.036534"
"2030-09-15"	"1"	"Sunday"	"True"	"2030"	"9"	"September"	"258"	"38"	"3"	"3"	"2026-07-09 17:38:34.036534"
"2030-09-16"	"2"	"Monday"	"False"	"2030"	"9"	"September"	"259"	"38"	"3"	"3"	"2026-07-09 17:38:34.036534"
"2030-09-17"	"3"	"Tuesday"	"False"	"2030"	"9"	"September"	"260"	"38"	"3"	"3"	"2026-07-09 17:38:34.036534"
"2030-09-18"	"4"	"Wednesday"	"False"	"2030"	"9"	"September"	"261"	"38"	"3"	"3"	"2026-07-09 17:38:34.036534"
"2030-09-19"	"5"	"Thursday"	"False"	"2030"	"9"	"September"	"262"	"38"	"3"	"3"	"2026-07-09 17:38:34.036534"
"2030-09-20"	"6"	"Friday"	"False"	"2030"	"9"	"September"	"263"	"38"	"3"	"3"	"2026-07-09 17:38:34.036534"
"2030-09-21"	"7"	"Saturday"	"True"	"2030"	"9"	"September"	"264"	"38"	"3"	"3"	"2026-07-09 17:38:34.036534"
"2030-09-22"	"1"	"Sunday"	"True"	"2030"	"9"	"September"	"265"	"39"	"4"	"3"	"2026-07-09 17:38:34.036534"
"2030-09-23"	"2"	"Monday"	"False"	"2030"	"9"	"September"	"266"	"39"	"4"	"3"	"2026-07-09 17:38:34.036534"
"2030-09-24"	"3"	"Tuesday"	"False"	"2030"	"9"	"September"	"267"	"39"	"4"	"3"	"2026-07-09 17:38:34.036534"
"2030-09-25"	"4"	"Wednesday"	"False"	"2030"	"9"	"September"	"268"	"39"	"4"	"3"	"2026-07-09 17:38:34.036534"
"2030-09-26"	"5"	"Thursday"	"False"	"2030"	"9"	"September"	"269"	"39"	"4"	"3"	"2026-07-09 17:38:34.036534"
"2030-09-27"	"6"	"Friday"	"False"	"2030"	"9"	"September"	"270"	"39"	"4"	"3"	"2026-07-09 17:38:34.036534"
"2030-09-28"	"7"	"Saturday"	"True"	"2030"	"9"	"September"	"271"	"39"	"4"	"3"	"2026-07-09 17:38:34.036534"
"2030-09-29"	"1"	"Sunday"	"True"	"2030"	"9"	"September"	"272"	"40"	"5"	"3"	"2026-07-09 17:38:34.036534"
"2030-09-30"	"2"	"Monday"	"False"	"2030"	"9"	"September"	"273"	"40"	"5"	"3"	"2026-07-09 17:38:34.036534"
"2030-10-01"	"3"	"Tuesday"	"False"	"2030"	"10"	"October"	"274"	"40"	"1"	"4"	"2026-07-09 17:38:34.036534"
"2030-10-02"	"4"	"Wednesday"	"False"	"2030"	"10"	"October"	"275"	"40"	"1"	"4"	"2026-07-09 17:38:34.036534"
"2030-10-03"	"5"	"Thursday"	"False"	"2030"	"10"	"October"	"276"	"40"	"1"	"4"	"2026-07-09 17:38:34.036534"
"2030-10-04"	"6"	"Friday"	"False"	"2030"	"10"	"October"	"277"	"40"	"1"	"4"	"2026-07-09 17:38:34.036534"
"2030-10-05"	"7"	"Saturday"	"True"	"2030"	"10"	"October"	"278"	"40"	"1"	"4"	"2026-07-09 17:38:34.036534"
"2030-10-06"	"1"	"Sunday"	"True"	"2030"	"10"	"October"	"279"	"41"	"2"	"4"	"2026-07-09 17:38:34.036534"
"2030-10-07"	"2"	"Monday"	"False"	"2030"	"10"	"October"	"280"	"41"	"2"	"4"	"2026-07-09 17:38:34.036534"
"2030-10-08"	"3"	"Tuesday"	"False"	"2030"	"10"	"October"	"281"	"41"	"2"	"4"	"2026-07-09 17:38:34.036534"
"2030-10-09"	"4"	"Wednesday"	"False"	"2030"	"10"	"October"	"282"	"41"	"2"	"4"	"2026-07-09 17:38:34.036534"
"2030-10-10"	"5"	"Thursday"	"False"	"2030"	"10"	"October"	"283"	"41"	"2"	"4"	"2026-07-09 17:38:34.036534"
"2030-10-11"	"6"	"Friday"	"False"	"2030"	"10"	"October"	"284"	"41"	"2"	"4"	"2026-07-09 17:38:34.036534"
"2030-10-12"	"7"	"Saturday"	"True"	"2030"	"10"	"October"	"285"	"41"	"2"	"4"	"2026-07-09 17:38:34.036534"
"2030-10-13"	"1"	"Sunday"	"True"	"2030"	"10"	"October"	"286"	"42"	"3"	"4"	"2026-07-09 17:38:34.036534"
"2030-10-14"	"2"	"Monday"	"False"	"2030"	"10"	"October"	"287"	"42"	"3"	"4"	"2026-07-09 17:38:34.036534"
"2030-10-15"	"3"	"Tuesday"	"False"	"2030"	"10"	"October"	"288"	"42"	"3"	"4"	"2026-07-09 17:38:34.036534"
"2030-10-16"	"4"	"Wednesday"	"False"	"2030"	"10"	"October"	"289"	"42"	"3"	"4"	"2026-07-09 17:38:34.036534"
"2030-10-17"	"5"	"Thursday"	"False"	"2030"	"10"	"October"	"290"	"42"	"3"	"4"	"2026-07-09 17:38:34.036534"
"2030-10-18"	"6"	"Friday"	"False"	"2030"	"10"	"October"	"291"	"42"	"3"	"4"	"2026-07-09 17:38:34.036534"
"2030-10-19"	"7"	"Saturday"	"True"	"2030"	"10"	"October"	"292"	"42"	"3"	"4"	"2026-07-09 17:38:34.036534"
"2030-10-20"	"1"	"Sunday"	"True"	"2030"	"10"	"October"	"293"	"43"	"4"	"4"	"2026-07-09 17:38:34.036534"
"2030-10-21"	"2"	"Monday"	"False"	"2030"	"10"	"October"	"294"	"43"	"4"	"4"	"2026-07-09 17:38:34.036534"
"2030-10-22"	"3"	"Tuesday"	"False"	"2030"	"10"	"October"	"295"	"43"	"4"	"4"	"2026-07-09 17:38:34.036534"
"2030-10-23"	"4"	"Wednesday"	"False"	"2030"	"10"	"October"	"296"	"43"	"4"	"4"	"2026-07-09 17:38:34.036534"
"2030-10-24"	"5"	"Thursday"	"False"	"2030"	"10"	"October"	"297"	"43"	"4"	"4"	"2026-07-09 17:38:34.036534"
"2030-10-25"	"6"	"Friday"	"False"	"2030"	"10"	"October"	"298"	"43"	"4"	"4"	"2026-07-09 17:38:34.036534"
"2030-10-26"	"7"	"Saturday"	"True"	"2030"	"10"	"October"	"299"	"43"	"4"	"4"	"2026-07-09 17:38:34.036534"
"2030-10-27"	"1"	"Sunday"	"True"	"2030"	"10"	"October"	"300"	"44"	"5"	"4"	"2026-07-09 17:38:34.036534"
"2030-10-28"	"2"	"Monday"	"False"	"2030"	"10"	"October"	"301"	"44"	"5"	"4"	"2026-07-09 17:38:34.036534"
"2030-10-29"	"3"	"Tuesday"	"False"	"2030"	"10"	"October"	"302"	"44"	"5"	"4"	"2026-07-09 17:38:34.036534"
"2030-10-30"	"4"	"Wednesday"	"False"	"2030"	"10"	"October"	"303"	"44"	"5"	"4"	"2026-07-09 17:38:34.036534"
"2030-10-31"	"5"	"Thursday"	"False"	"2030"	"10"	"October"	"304"	"44"	"5"	"4"	"2026-07-09 17:38:34.036534"
"2030-11-01"	"6"	"Friday"	"False"	"2030"	"11"	"November"	"305"	"44"	"1"	"4"	"2026-07-09 17:38:34.036534"
"2030-11-02"	"7"	"Saturday"	"True"	"2030"	"11"	"November"	"306"	"44"	"1"	"4"	"2026-07-09 17:38:34.036534"
"2030-11-03"	"1"	"Sunday"	"True"	"2030"	"11"	"November"	"307"	"45"	"2"	"4"	"2026-07-09 17:38:34.036534"
"2030-11-04"	"2"	"Monday"	"False"	"2030"	"11"	"November"	"308"	"45"	"2"	"4"	"2026-07-09 17:38:34.036534"
"2030-11-05"	"3"	"Tuesday"	"False"	"2030"	"11"	"November"	"309"	"45"	"2"	"4"	"2026-07-09 17:38:34.036534"
"2030-11-06"	"4"	"Wednesday"	"False"	"2030"	"11"	"November"	"310"	"45"	"2"	"4"	"2026-07-09 17:38:34.036534"
"2030-11-07"	"5"	"Thursday"	"False"	"2030"	"11"	"November"	"311"	"45"	"2"	"4"	"2026-07-09 17:38:34.036534"
"2030-11-08"	"6"	"Friday"	"False"	"2030"	"11"	"November"	"312"	"45"	"2"	"4"	"2026-07-09 17:38:34.036534"
"2030-11-09"	"7"	"Saturday"	"True"	"2030"	"11"	"November"	"313"	"45"	"2"	"4"	"2026-07-09 17:38:34.036534"
"2030-11-10"	"1"	"Sunday"	"True"	"2030"	"11"	"November"	"314"	"46"	"3"	"4"	"2026-07-09 17:38:34.036534"
"2030-11-11"	"2"	"Monday"	"False"	"2030"	"11"	"November"	"315"	"46"	"3"	"4"	"2026-07-09 17:38:34.036534"
"2030-11-12"	"3"	"Tuesday"	"False"	"2030"	"11"	"November"	"316"	"46"	"3"	"4"	"2026-07-09 17:38:34.036534"
"2030-11-13"	"4"	"Wednesday"	"False"	"2030"	"11"	"November"	"317"	"46"	"3"	"4"	"2026-07-09 17:38:34.036534"
"2030-11-14"	"5"	"Thursday"	"False"	"2030"	"11"	"November"	"318"	"46"	"3"	"4"	"2026-07-09 17:38:34.036534"
"2030-11-15"	"6"	"Friday"	"False"	"2030"	"11"	"November"	"319"	"46"	"3"	"4"	"2026-07-09 17:38:34.036534"
"2030-11-16"	"7"	"Saturday"	"True"	"2030"	"11"	"November"	"320"	"46"	"3"	"4"	"2026-07-09 17:38:34.036534"
"2030-11-17"	"1"	"Sunday"	"True"	"2030"	"11"	"November"	"321"	"47"	"4"	"4"	"2026-07-09 17:38:34.036534"
"2030-11-18"	"2"	"Monday"	"False"	"2030"	"11"	"November"	"322"	"47"	"4"	"4"	"2026-07-09 17:38:34.036534"
"2030-11-19"	"3"	"Tuesday"	"False"	"2030"	"11"	"November"	"323"	"47"	"4"	"4"	"2026-07-09 17:38:34.036534"
"2030-11-20"	"4"	"Wednesday"	"False"	"2030"	"11"	"November"	"324"	"47"	"4"	"4"	"2026-07-09 17:38:34.036534"
"2030-11-21"	"5"	"Thursday"	"False"	"2030"	"11"	"November"	"325"	"47"	"4"	"4"	"2026-07-09 17:38:34.036534"
"2030-11-22"	"6"	"Friday"	"False"	"2030"	"11"	"November"	"326"	"47"	"4"	"4"	"2026-07-09 17:38:34.036534"
"2030-11-23"	"7"	"Saturday"	"True"	"2030"	"11"	"November"	"327"	"47"	"4"	"4"	"2026-07-09 17:38:34.036534"
"2030-11-24"	"1"	"Sunday"	"True"	"2030"	"11"	"November"	"328"	"48"	"5"	"4"	"2026-07-09 17:38:34.036534"
"2030-11-25"	"2"	"Monday"	"False"	"2030"	"11"	"November"	"329"	"48"	"5"	"4"	"2026-07-09 17:38:34.036534"
"2030-11-26"	"3"	"Tuesday"	"False"	"2030"	"11"	"November"	"330"	"48"	"5"	"4"	"2026-07-09 17:38:34.036534"
"2030-11-27"	"4"	"Wednesday"	"False"	"2030"	"11"	"November"	"331"	"48"	"5"	"4"	"2026-07-09 17:38:34.036534"
"2030-11-28"	"5"	"Thursday"	"False"	"2030"	"11"	"November"	"332"	"48"	"5"	"4"	"2026-07-09 17:38:34.036534"
"2030-11-29"	"6"	"Friday"	"False"	"2030"	"11"	"November"	"333"	"48"	"5"	"4"	"2026-07-09 17:38:34.036534"
"2030-11-30"	"7"	"Saturday"	"True"	"2030"	"11"	"November"	"334"	"48"	"5"	"4"	"2026-07-09 17:38:34.036534"
"2030-12-01"	"1"	"Sunday"	"True"	"2030"	"12"	"December"	"335"	"49"	"1"	"4"	"2026-07-09 17:38:34.036534"
"2030-12-02"	"2"	"Monday"	"False"	"2030"	"12"	"December"	"336"	"49"	"1"	"4"	"2026-07-09 17:38:34.036534"
"2030-12-03"	"3"	"Tuesday"	"False"	"2030"	"12"	"December"	"337"	"49"	"1"	"4"	"2026-07-09 17:38:34.036534"
"2030-12-04"	"4"	"Wednesday"	"False"	"2030"	"12"	"December"	"338"	"49"	"1"	"4"	"2026-07-09 17:38:34.036534"
"2030-12-05"	"5"	"Thursday"	"False"	"2030"	"12"	"December"	"339"	"49"	"1"	"4"	"2026-07-09 17:38:34.036534"
"2030-12-06"	"6"	"Friday"	"False"	"2030"	"12"	"December"	"340"	"49"	"1"	"4"	"2026-07-09 17:38:34.036534"
"2030-12-07"	"7"	"Saturday"	"True"	"2030"	"12"	"December"	"341"	"49"	"1"	"4"	"2026-07-09 17:38:34.036534"
"2030-12-08"	"1"	"Sunday"	"True"	"2030"	"12"	"December"	"342"	"50"	"2"	"4"	"2026-07-09 17:38:34.036534"
"2030-12-09"	"2"	"Monday"	"False"	"2030"	"12"	"December"	"343"	"50"	"2"	"4"	"2026-07-09 17:38:34.036534"
"2030-12-10"	"3"	"Tuesday"	"False"	"2030"	"12"	"December"	"344"	"50"	"2"	"4"	"2026-07-09 17:38:34.036534"
"2030-12-11"	"4"	"Wednesday"	"False"	"2030"	"12"	"December"	"345"	"50"	"2"	"4"	"2026-07-09 17:38:34.036534"
"2030-12-12"	"5"	"Thursday"	"False"	"2030"	"12"	"December"	"346"	"50"	"2"	"4"	"2026-07-09 17:38:34.036534"
"2030-12-13"	"6"	"Friday"	"False"	"2030"	"12"	"December"	"347"	"50"	"2"	"4"	"2026-07-09 17:38:34.036534"
"2030-12-14"	"7"	"Saturday"	"True"	"2030"	"12"	"December"	"348"	"50"	"2"	"4"	"2026-07-09 17:38:34.036534"
"2030-12-15"	"1"	"Sunday"	"True"	"2030"	"12"	"December"	"349"	"51"	"3"	"4"	"2026-07-09 17:38:34.036534"
"2030-12-16"	"2"	"Monday"	"False"	"2030"	"12"	"December"	"350"	"51"	"3"	"4"	"2026-07-09 17:38:34.036534"
"2030-12-17"	"3"	"Tuesday"	"False"	"2030"	"12"	"December"	"351"	"51"	"3"	"4"	"2026-07-09 17:38:34.036534"
"2030-12-18"	"4"	"Wednesday"	"False"	"2030"	"12"	"December"	"352"	"51"	"3"	"4"	"2026-07-09 17:38:34.036534"
"2030-12-19"	"5"	"Thursday"	"False"	"2030"	"12"	"December"	"353"	"51"	"3"	"4"	"2026-07-09 17:38:34.036534"
"2030-12-20"	"6"	"Friday"	"False"	"2030"	"12"	"December"	"354"	"51"	"3"	"4"	"2026-07-09 17:38:34.036534"
"2030-12-21"	"7"	"Saturday"	"True"	"2030"	"12"	"December"	"355"	"51"	"3"	"4"	"2026-07-09 17:38:34.036534"
"2030-12-22"	"1"	"Sunday"	"True"	"2030"	"12"	"December"	"356"	"52"	"4"	"4"	"2026-07-09 17:38:34.036534"
"2030-12-23"	"2"	"Monday"	"False"	"2030"	"12"	"December"	"357"	"52"	"4"	"4"	"2026-07-09 17:38:34.036534"
"2030-12-24"	"3"	"Tuesday"	"False"	"2030"	"12"	"December"	"358"	"52"	"4"	"4"	"2026-07-09 17:38:34.036534"
"2030-12-25"	"4"	"Wednesday"	"False"	"2030"	"12"	"December"	"359"	"52"	"4"	"4"	"2026-07-09 17:38:34.036534"
"2030-12-26"	"5"	"Thursday"	"False"	"2030"	"12"	"December"	"360"	"52"	"4"	"4"	"2026-07-09 17:38:34.036534"
"2030-12-27"	"6"	"Friday"	"False"	"2030"	"12"	"December"	"361"	"52"	"4"	"4"	"2026-07-09 17:38:34.036534"
"2030-12-28"	"7"	"Saturday"	"True"	"2030"	"12"	"December"	"362"	"52"	"4"	"4"	"2026-07-09 17:38:34.036534"
"2030-12-29"	"1"	"Sunday"	"True"	"2030"	"12"	"December"	"363"	"1"	"5"	"4"	"2026-07-09 17:38:34.036534"
"2030-12-30"	"2"	"Monday"	"False"	"2030"	"12"	"December"	"364"	"1"	"5"	"4"	"2026-07-09 17:38:34.036534"
"2030-12-31"	"3"	"Tuesday"	"False"	"2030"	"12"	"December"	"365"	"1"	"5"	"4"	"2026-07-09 17:38:34.036534"
