Data	Dia da Semana	Feriado	holiday_type	loaded_at	dt_partition
1997-07-09	quarta-feira	Dia da Revolução Constitucionalista de 1932, Data Magna do Estado	Estadual	2026-07-09 17:38:33.794914	2026-07-09
1998-07-09	quinta-feira	Dia da Revolução Constitucionalista de 1932, Data Magna do Estado	Estadual	2026-07-09 17:38:33.794925	2026-07-09
1999-07-09	sexta-feira	Dia da Revolução Constitucionalista de 1932, Data Magna do Estado	Estadual	2026-07-09 17:38:33.794931	2026-07-09
2000-07-09	domingo	Dia da Revolução Constitucionalista de 1932, Data Magna do Estado	Estadual	2026-07-09 17:38:33.794937	2026-07-09
2001-01-01	segunda-feira	Confraternização Universal	Nacional	2026-07-09 17:38:33.789199	2026-07-09
2001-02-26	segunda-feira	Carnaval	Nacional	2026-07-09 17:38:33.789199	2026-07-09
2001-02-27	terça-feira	Carnaval	Nacional	2026-07-09 17:38:33.789199	2026-07-09
2001-04-13	sexta-feira	Paixão de Cristo	Nacional	2026-07-09 17:38:33.789199	2026-07-09
2001-04-21	sábado	Tiradentes	Nacional	2026-07-09 17:38:33.789199	2026-07-09
2001-05-01	terça-feira	Dia do Trabalho	Nacional	2026-07-09 17:38:33.789199	2026-07-09
2001-06-14	quinta-feira	Corpus Christi	Nacional	2026-07-09 17:38:33.789199	2026-07-09
2001-07-09	segunda-feira	Dia da Revolução Constitucionalista de 1932, Data Magna do Estado	Estadual	2026-07-09 17:38:33.794942	2026-07-09
2001-09-07	sexta-feira	Independência do Brasil	Nacional	2026-07-09 17:38:33.789199	2026-07-09
2001-10-12	sexta-feira	Nossa Sr.a Aparecida - Padroeira do Brasil	Nacional	2026-07-09 17:38:33.789199	2026-07-09
2001-11-02	sexta-feira	Finados	Nacional	2026-07-09 17:38:33.789199	2026-07-09
2001-11-15	quinta-feira	Proclamação da República	Nacional	2026-07-09 17:38:33.789199	2026-07-09
2001-12-25	terça-feira	Natal	Nacional	2026-07-09 17:38:33.789199	2026-07-09
2002-01-01	terça-feira	Confraternização Universal	Nacional	2026-07-09 17:38:33.789199	2026-07-09
2002-02-11	segunda-feira	Carnaval	Nacional	2026-07-09 17:38:33.789199	2026-07-09
2002-02-12	terça-feira	Carnaval	Nacional	2026-07-09 17:38:33.789199	2026-07-09
2002-03-29	sexta-feira	Paixão de Cristo	Nacional	2026-07-09 17:38:33.789199	2026-07-09
2002-04-21	domingo	Tiradentes	Nacional	2026-07-09 17:38:33.789199	2026-07-09
2002-05-01	quarta-feira	Dia do Trabalho	Nacional	2026-07-09 17:38:33.789199	2026-07-09
2002-05-30	quinta-feira	Corpus Christi	Nacional	2026-07-09 17:38:33.789199	2026-07-09
2002-07-09	terça-feira	Dia da Revolução Constitucionalista de 1932, Data Magna do Estado	Estadual	2026-07-09 17:38:33.794947	2026-07-09
2002-09-07	sábado	Independência do Brasil	Nacional	2026-07-09 17:38:33.789199	2026-07-09
2002-10-12	sábado	Nossa Sr.a Aparecida - Padroeira do Brasil	Nacional	2026-07-09 17:38:33.789199	2026-07-09
2002-11-02	sábado	Finados	Nacional	2026-07-09 17:38:33.789199	2026-07-09
2002-11-15	sexta-feira	Proclamação da República	Nacional	2026-07-09 17:38:33.789199	2026-07-09
2002-12-25	quarta-feira	Natal	Nacional	2026-07-09 17:38:33.789199	2026-07-09
2003-01-01	quarta-feira	Confraternização Universal	Nacional	2026-07-09 17:38:33.789199	2026-07-09
2003-03-03	segunda-feira	Carnaval	Nacional	2026-07-09 17:38:33.789199	2026-07-09
2003-03-04	terça-feira	Carnaval	Nacional	2026-07-09 17:38:33.789199	2026-07-09
2003-04-18	sexta-feira	Paixão de Cristo	Nacional	2026-07-09 17:38:33.789199	2026-07-09
2003-04-21	segunda-feira	Tiradentes	Nacional	2026-07-09 17:38:33.789199	2026-07-09
2003-05-01	quinta-feira	Dia do Trabalho	Nacional	2026-07-09 17:38:33.789199	2026-07-09
2003-06-19	quinta-feira	Corpus Christi	Nacional	2026-07-09 17:38:33.789199	2026-07-09
2003-07-09	quarta-feira	Dia da Revolução Constitucionalista de 1932, Data Magna do Estado	Estadual	2026-07-09 17:38:33.794952	2026-07-09
2003-09-07	domingo	Independência do Brasil	Nacional	2026-07-09 17:38:33.789199	2026-07-09
2003-10-12	domingo	Nossa Sr.a Aparecida - Padroeira do Brasil	Nacional	2026-07-09 17:38:33.789199	2026-07-09
2003-11-02	domingo	Finados	Nacional	2026-07-09 17:38:33.789199	2026-07-09
2003-11-15	sábado	Proclamação da República	Nacional	2026-07-09 17:38:33.789199	2026-07-09
2003-12-25	quinta-feira	Natal	Nacional	2026-07-09 17:38:33.789199	2026-07-09
2004-01-01	quinta-feira	Confraternização Universal	Nacional	2026-07-09 17:38:33.789199	2026-07-09
2004-02-23	segunda-feira	Carnaval	Nacional	2026-07-09 17:38:33.789199	2026-07-09
2004-02-24	terça-feira	Carnaval	Nacional	2026-07-09 17:38:33.789199	2026-07-09
2004-04-09	sexta-feira	Paixão de Cristo	Nacional	2026-07-09 17:38:33.789199	2026-07-09
2004-04-21	quarta-feira	Tiradentes	Nacional	2026-07-09 17:38:33.789199	2026-07-09
2004-05-01	sábado	Dia do Trabalho	Nacional	2026-07-09 17:38:33.789199	2026-07-09
2004-06-10	quinta-feira	Corpus Christi	Nacional	2026-07-09 17:38:33.789199	2026-07-09
2004-07-09	sexta-feira	Dia da Revolução Constitucionalista de 1932, Data Magna do Estado	Estadual	2026-07-09 17:38:33.794956	2026-07-09
2004-09-07	terça-feira	Independência do Brasil	Nacional	2026-07-09 17:38:33.789199	2026-07-09
2004-10-12	terça-feira	Nossa Sr.a Aparecida - Padroeira do Brasil	Nacional	2026-07-09 17:38:33.789199	2026-07-09
2004-11-02	terça-feira	Finados	Nacional	2026-07-09 17:38:33.789199	2026-07-09
2004-11-15	segunda-feira	Proclamação da República	Nacional	2026-07-09 17:38:33.789199	2026-07-09
2004-12-25	sábado	Natal	Nacional	2026-07-09 17:38:33.789199	2026-07-09
2005-01-01	sábado	Confraternização Universal	Nacional	2026-07-09 17:38:33.789199	2026-07-09
2005-02-07	segunda-feira	Carnaval	Nacional	2026-07-09 17:38:33.789199	2026-07-09
2005-02-08	terça-feira	Carnaval	Nacional	2026-07-09 17:38:33.789199	2026-07-09
2005-03-25	sexta-feira	Paixão de Cristo	Nacional	2026-07-09 17:38:33.789199	2026-07-09
2005-04-21	quinta-feira	Tiradentes	Nacional	2026-07-09 17:38:33.789199	2026-07-09
2005-05-01	domingo	Dia do Trabalho	Nacional	2026-07-09 17:38:33.789199	2026-07-09
2005-05-26	quinta-feira	Corpus Christi	Nacional	2026-07-09 17:38:33.789199	2026-07-09
2005-07-09	sábado	Dia da Revolução Constitucionalista de 1932, Data Magna do Estado	Estadual	2026-07-09 17:38:33.794961	2026-07-09
2005-09-07	quarta-feira	Independência do Brasil	Nacional	2026-07-09 17:38:33.789199	2026-07-09
2005-10-12	quarta-feira	Nossa Sr.a Aparecida - Padroeira do Brasil	Nacional	2026-07-09 17:38:33.789199	2026-07-09
2005-11-02	quarta-feira	Finados	Nacional	2026-07-09 17:38:33.789199	2026-07-09
2005-11-15	terça-feira	Proclamação da República	Nacional	2026-07-09 17:38:33.789199	2026-07-09
2005-12-25	domingo	Natal	Nacional	2026-07-09 17:38:33.789199	2026-07-09
2006-01-01	domingo	Confraternização Universal	Nacional	2026-07-09 17:38:33.789199	2026-07-09
2006-02-27	segunda-feira	Carnaval	Nacional	2026-07-09 17:38:33.789199	2026-07-09
2006-02-28	terça-feira	Carnaval	Nacional	2026-07-09 17:38:33.789199	2026-07-09
2006-04-14	sexta-feira	Paixão de Cristo	Nacional	2026-07-09 17:38:33.789199	2026-07-09
2006-04-21	sexta-feira	Tiradentes	Nacional	2026-07-09 17:38:33.789199	2026-07-09
2006-05-01	segunda-feira	Dia do Trabalho	Nacional	2026-07-09 17:38:33.789199	2026-07-09
2006-06-15	quinta-feira	Corpus Christi	Nacional	2026-07-09 17:38:33.789199	2026-07-09
2006-07-09	domingo	Dia da Revolução Constitucionalista de 1932, Data Magna do Estado	Estadual	2026-07-09 17:38:33.794966	2026-07-09
2006-09-07	quinta-feira	Independência do Brasil	Nacional	2026-07-09 17:38:33.789199	2026-07-09
2006-10-12	quinta-feira	Nossa Sr.a Aparecida - Padroeira do Brasil	Nacional	2026-07-09 17:38:33.789199	2026-07-09
2006-11-02	quinta-feira	Finados	Nacional	2026-07-09 17:38:33.789199	2026-07-09
2006-11-15	quarta-feira	Proclamação da República	Nacional	2026-07-09 17:38:33.789199	2026-07-09
2006-12-25	segunda-feira	Natal	Nacional	2026-07-09 17:38:33.789199	2026-07-09
2007-01-01	segunda-feira	Confraternização Universal	Nacional	2026-07-09 17:38:33.789199	2026-07-09
2007-02-19	segunda-feira	Carnaval	Nacional	2026-07-09 17:38:33.789199	2026-07-09
2007-02-20	terça-feira	Carnaval	Nacional	2026-07-09 17:38:33.789199	2026-07-09
2007-04-06	sexta-feira	Paixão de Cristo	Nacional	2026-07-09 17:38:33.789199	2026-07-09
2007-04-21	sábado	Tiradentes	Nacional	2026-07-09 17:38:33.789199	2026-07-09
2007-05-01	terça-feira	Dia do Trabalho	Nacional	2026-07-09 17:38:33.789199	2026-07-09
2007-06-07	quinta-feira	Corpus Christi	Nacional	2026-07-09 17:38:33.789199	2026-07-09
2007-07-09	segunda-feira	Dia da Revolução Constitucionalista de 1932, Data Magna do Estado	Estadual	2026-07-09 17:38:33.794971	2026-07-09
2007-09-07	sexta-feira	Independência do Brasil	Nacional	2026-07-09 17:38:33.789199	2026-07-09
2007-10-12	sexta-feira	Nossa Sr.a Aparecida - Padroeira do Brasil	Nacional	2026-07-09 17:38:33.789199	2026-07-09
2007-11-02	sexta-feira	Finados	Nacional	2026-07-09 17:38:33.789199	2026-07-09
2007-11-15	quinta-feira	Proclamação da República	Nacional	2026-07-09 17:38:33.789199	2026-07-09
2007-12-25	terça-feira	Natal	Nacional	2026-07-09 17:38:33.789199	2026-07-09
2008-01-01	terça-feira	Confraternização Universal	Nacional	2026-07-09 17:38:33.789199	2026-07-09
2008-02-04	segunda-feira	Carnaval	Nacional	2026-07-09 17:38:33.789199	2026-07-09
2008-02-05	terça-feira	Carnaval	Nacional	2026-07-09 17:38:33.789199	2026-07-09
2008-03-21	sexta-feira	Paixão de Cristo	Nacional	2026-07-09 17:38:33.789199	2026-07-09
2008-04-21	segunda-feira	Tiradentes	Nacional	2026-07-09 17:38:33.789199	2026-07-09
2008-05-01	quinta-feira	Dia do Trabalho	Nacional	2026-07-09 17:38:33.789199	2026-07-09
2008-05-22	quinta-feira	Corpus Christi	Nacional	2026-07-09 17:38:33.789199	2026-07-09
2008-07-09	quarta-feira	Dia da Revolução Constitucionalista de 1932, Data Magna do Estado	Estadual	2026-07-09 17:38:33.794976	2026-07-09
2008-09-07	domingo	Independência do Brasil	Nacional	2026-07-09 17:38:33.789199	2026-07-09
2008-10-12	domingo	Nossa Sr.a Aparecida - Padroeira do Brasil	Nacional	2026-07-09 17:38:33.789199	2026-07-09
2008-11-02	domingo	Finados	Nacional	2026-07-09 17:38:33.789199	2026-07-09
2008-11-15	sábado	Proclamação da República	Nacional	2026-07-09 17:38:33.789199	2026-07-09
2008-12-25	quinta-feira	Natal	Nacional	2026-07-09 17:38:33.789199	2026-07-09
2009-01-01	quinta-feira	Confraternização Universal	Nacional	2026-07-09 17:38:33.789199	2026-07-09
2009-02-23	segunda-feira	Carnaval	Nacional	2026-07-09 17:38:33.789199	2026-07-09
2009-02-24	terça-feira	Carnaval	Nacional	2026-07-09 17:38:33.789199	2026-07-09
2009-04-10	sexta-feira	Paixão de Cristo	Nacional	2026-07-09 17:38:33.789199	2026-07-09
2009-04-21	terça-feira	Tiradentes	Nacional	2026-07-09 17:38:33.789199	2026-07-09
2009-05-01	sexta-feira	Dia do Trabalho	Nacional	2026-07-09 17:38:33.789199	2026-07-09
2009-06-11	quinta-feira	Corpus Christi	Nacional	2026-07-09 17:38:33.789199	2026-07-09
2009-07-09	quinta-feira	Dia da Revolução Constitucionalista de 1932, Data Magna do Estado	Estadual	2026-07-09 17:38:33.794980	2026-07-09
2009-09-07	segunda-feira	Independência do Brasil	Nacional	2026-07-09 17:38:33.789199	2026-07-09
2009-10-12	segunda-feira	Nossa Sr.a Aparecida - Padroeira do Brasil	Nacional	2026-07-09 17:38:33.789199	2026-07-09
2009-11-02	segunda-feira	Finados	Nacional	2026-07-09 17:38:33.789199	2026-07-09
2009-11-15	domingo	Proclamação da República	Nacional	2026-07-09 17:38:33.789199	2026-07-09
2009-12-25	sexta-feira	Natal	Nacional	2026-07-09 17:38:33.789199	2026-07-09
2010-01-01	sexta-feira	Confraternização Universal	Nacional	2026-07-09 17:38:33.789199	2026-07-09
2010-02-15	segunda-feira	Carnaval	Nacional	2026-07-09 17:38:33.789199	2026-07-09
2010-02-16	terça-feira	Carnaval	Nacional	2026-07-09 17:38:33.789199	2026-07-09
2010-04-02	sexta-feira	Paixão de Cristo	Nacional	2026-07-09 17:38:33.789199	2026-07-09
2010-04-21	quarta-feira	Tiradentes	Nacional	2026-07-09 17:38:33.789199	2026-07-09
2010-05-01	sábado	Dia do Trabalho	Nacional	2026-07-09 17:38:33.789199	2026-07-09
2010-06-03	quinta-feira	Corpus Christi	Nacional	2026-07-09 17:38:33.789199	2026-07-09
2010-07-09	sexta-feira	Dia da Revolução Constitucionalista de 1932, Data Magna do Estado	Estadual	2026-07-09 17:38:33.794984	2026-07-09
2010-09-07	terça-feira	Independência do Brasil	Nacional	2026-07-09 17:38:33.789199	2026-07-09
2010-10-12	terça-feira	Nossa Sr.a Aparecida - Padroeira do Brasil	Nacional	2026-07-09 17:38:33.789199	2026-07-09
2010-11-02	terça-feira	Finados	Nacional	2026-07-09 17:38:33.789199	2026-07-09
2010-11-15	segunda-feira	Proclamação da República	Nacional	2026-07-09 17:38:33.789199	2026-07-09
2010-12-25	sábado	Natal	Nacional	2026-07-09 17:38:33.789199	2026-07-09
2011-01-01	sábado	Confraternização Universal	Nacional	2026-07-09 17:38:33.789199	2026-07-09
2011-03-07	segunda-feira	Carnaval	Nacional	2026-07-09 17:38:33.789199	2026-07-09
2011-03-08	terça-feira	Carnaval	Nacional	2026-07-09 17:38:33.789199	2026-07-09
2011-04-21	quinta-feira	Tiradentes	Nacional	2026-07-09 17:38:33.789199	2026-07-09
2011-04-22	sexta-feira	Paixão de Cristo	Nacional	2026-07-09 17:38:33.789199	2026-07-09
2011-05-01	domingo	Dia do Trabalho	Nacional	2026-07-09 17:38:33.789199	2026-07-09
2011-06-23	quinta-feira	Corpus Christi	Nacional	2026-07-09 17:38:33.789199	2026-07-09
2011-07-09	sábado	Dia da Revolução Constitucionalista de 1932, Data Magna do Estado	Estadual	2026-07-09 17:38:33.794988	2026-07-09
2011-09-07	quarta-feira	Independência do Brasil	Nacional	2026-07-09 17:38:33.789199	2026-07-09
2011-10-12	quarta-feira	Nossa Sr.a Aparecida - Padroeira do Brasil	Nacional	2026-07-09 17:38:33.789199	2026-07-09
2011-11-02	quarta-feira	Finados	Nacional	2026-07-09 17:38:33.789199	2026-07-09
2011-11-15	terça-feira	Proclamação da República	Nacional	2026-07-09 17:38:33.789199	2026-07-09
2011-12-25	domingo	Natal	Nacional	2026-07-09 17:38:33.789199	2026-07-09
2012-01-01	domingo	Confraternização Universal	Nacional	2026-07-09 17:38:33.789199	2026-07-09
2012-02-20	segunda-feira	Carnaval	Nacional	2026-07-09 17:38:33.789199	2026-07-09
2012-02-21	terça-feira	Carnaval	Nacional	2026-07-09 17:38:33.789199	2026-07-09
2012-04-06	sexta-feira	Paixão de Cristo	Nacional	2026-07-09 17:38:33.789199	2026-07-09
2012-04-21	sábado	Tiradentes	Nacional	2026-07-09 17:38:33.789199	2026-07-09
2012-05-01	terça-feira	Dia do Trabalho	Nacional	2026-07-09 17:38:33.789199	2026-07-09
2012-06-07	quinta-feira	Corpus Christi	Nacional	2026-07-09 17:38:33.789199	2026-07-09
2012-07-09	segunda-feira	Dia da Revolução Constitucionalista de 1932, Data Magna do Estado	Estadual	2026-07-09 17:38:33.794993	2026-07-09
2012-09-07	sexta-feira	Independência do Brasil	Nacional	2026-07-09 17:38:33.789199	2026-07-09
2012-10-12	sexta-feira	Nossa Sr.a Aparecida - Padroeira do Brasil	Nacional	2026-07-09 17:38:33.789199	2026-07-09
2012-11-02	sexta-feira	Finados	Nacional	2026-07-09 17:38:33.789199	2026-07-09
2012-11-15	quinta-feira	Proclamação da República	Nacional	2026-07-09 17:38:33.789199	2026-07-09
2012-12-25	terça-feira	Natal	Nacional	2026-07-09 17:38:33.789199	2026-07-09
2013-01-01	terça-feira	Confraternização Universal	Nacional	2026-07-09 17:38:33.789199	2026-07-09
2013-02-11	segunda-feira	Carnaval	Nacional	2026-07-09 17:38:33.789199	2026-07-09
2013-02-12	terça-feira	Carnaval	Nacional	2026-07-09 17:38:33.789199	2026-07-09
2013-03-29	sexta-feira	Paixão de Cristo	Nacional	2026-07-09 17:38:33.789199	2026-07-09
2013-04-21	domingo	Tiradentes	Nacional	2026-07-09 17:38:33.789199	2026-07-09
2013-05-01	quarta-feira	Dia do Trabalho	Nacional	2026-07-09 17:38:33.789199	2026-07-09
2013-05-30	quinta-feira	Corpus Christi	Nacional	2026-07-09 17:38:33.789199	2026-07-09
2013-07-09	terça-feira	Dia da Revolução Constitucionalista de 1932, Data Magna do Estado	Estadual	2026-07-09 17:38:33.794997	2026-07-09
2013-09-07	sábado	Independência do Brasil	Nacional	2026-07-09 17:38:33.789199	2026-07-09
2013-10-12	sábado	Nossa Sr.a Aparecida - Padroeira do Brasil	Nacional	2026-07-09 17:38:33.789199	2026-07-09
2013-11-02	sábado	Finados	Nacional	2026-07-09 17:38:33.789199	2026-07-09
2013-11-15	sexta-feira	Proclamação da República	Nacional	2026-07-09 17:38:33.789199	2026-07-09
2013-12-25	quarta-feira	Natal	Nacional	2026-07-09 17:38:33.789199	2026-07-09
2014-01-01	quarta-feira	Confraternização Universal	Nacional	2026-07-09 17:38:33.789199	2026-07-09
2014-03-03	segunda-feira	Carnaval	Nacional	2026-07-09 17:38:33.789199	2026-07-09
2014-03-04	terça-feira	Carnaval	Nacional	2026-07-09 17:38:33.789199	2026-07-09
2014-04-18	sexta-feira	Paixão de Cristo	Nacional	2026-07-09 17:38:33.789199	2026-07-09
2014-04-21	segunda-feira	Tiradentes	Nacional	2026-07-09 17:38:33.789199	2026-07-09
2014-05-01	quinta-feira	Dia do Trabalho	Nacional	2026-07-09 17:38:33.789199	2026-07-09
2014-06-19	quinta-feira	Corpus Christi	Nacional	2026-07-09 17:38:33.789199	2026-07-09
2014-07-09	quarta-feira	Dia da Revolução Constitucionalista de 1932, Data Magna do Estado	Estadual	2026-07-09 17:38:33.795001	2026-07-09
2014-09-07	domingo	Independência do Brasil	Nacional	2026-07-09 17:38:33.789199	2026-07-09
2014-10-12	domingo	Nossa Sr.a Aparecida - Padroeira do Brasil	Nacional	2026-07-09 17:38:33.789199	2026-07-09
2014-11-02	domingo	Finados	Nacional	2026-07-09 17:38:33.789199	2026-07-09
2014-11-15	sábado	Proclamação da República	Nacional	2026-07-09 17:38:33.789199	2026-07-09
2014-12-25	quinta-feira	Natal	Nacional	2026-07-09 17:38:33.789199	2026-07-09
2015-01-01	quinta-feira	Confraternização Universal	Nacional	2026-07-09 17:38:33.789199	2026-07-09
2015-02-16	segunda-feira	Carnaval	Nacional	2026-07-09 17:38:33.789199	2026-07-09
2015-02-17	terça-feira	Carnaval	Nacional	2026-07-09 17:38:33.789199	2026-07-09
2015-04-03	sexta-feira	Paixão de Cristo	Nacional	2026-07-09 17:38:33.789199	2026-07-09
2015-04-21	terça-feira	Tiradentes	Nacional	2026-07-09 17:38:33.789199	2026-07-09
2015-05-01	sexta-feira	Dia do Trabalho	Nacional	2026-07-09 17:38:33.789199	2026-07-09
2015-06-04	quinta-feira	Corpus Christi	Nacional	2026-07-09 17:38:33.789199	2026-07-09
2015-07-09	quinta-feira	Dia da Revolução Constitucionalista de 1932, Data Magna do Estado	Estadual	2026-07-09 17:38:33.795005	2026-07-09
2015-09-07	segunda-feira	Independência do Brasil	Nacional	2026-07-09 17:38:33.789199	2026-07-09
2015-10-12	segunda-feira	Nossa Sr.a Aparecida - Padroeira do Brasil	Nacional	2026-07-09 17:38:33.789199	2026-07-09
2015-11-02	segunda-feira	Finados	Nacional	2026-07-09 17:38:33.789199	2026-07-09
2015-11-15	domingo	Proclamação da República	Nacional	2026-07-09 17:38:33.789199	2026-07-09
2015-12-25	sexta-feira	Natal	Nacional	2026-07-09 17:38:33.789199	2026-07-09
2016-01-01	sexta-feira	Confraternização Universal	Nacional	2026-07-09 17:38:33.789199	2026-07-09
2016-02-08	segunda-feira	Carnaval	Nacional	2026-07-09 17:38:33.789199	2026-07-09
2016-02-09	terça-feira	Carnaval	Nacional	2026-07-09 17:38:33.789199	2026-07-09
2016-03-25	sexta-feira	Paixão de Cristo	Nacional	2026-07-09 17:38:33.789199	2026-07-09
2016-04-21	quinta-feira	Tiradentes	Nacional	2026-07-09 17:38:33.789199	2026-07-09
2016-05-01	domingo	Dia do Trabalho	Nacional	2026-07-09 17:38:33.789199	2026-07-09
2016-05-26	quinta-feira	Corpus Christi	Nacional	2026-07-09 17:38:33.789199	2026-07-09
2016-07-09	sábado	Dia da Revolução Constitucionalista de 1932, Data Magna do Estado	Estadual	2026-07-09 17:38:33.795010	2026-07-09
2016-09-07	quarta-feira	Independência do Brasil	Nacional	2026-07-09 17:38:33.789199	2026-07-09
2016-10-12	quarta-feira	Nossa Sr.a Aparecida - Padroeira do Brasil	Nacional	2026-07-09 17:38:33.789199	2026-07-09
2016-11-02	quarta-feira	Finados	Nacional	2026-07-09 17:38:33.789199	2026-07-09
2016-11-15	terça-feira	Proclamação da República	Nacional	2026-07-09 17:38:33.789199	2026-07-09
2016-12-25	domingo	Natal	Nacional	2026-07-09 17:38:33.789199	2026-07-09
2017-01-01	domingo	Confraternização Universal	Nacional	2026-07-09 17:38:33.789199	2026-07-09
2017-02-27	segunda-feira	Carnaval	Nacional	2026-07-09 17:38:33.789199	2026-07-09
2017-02-28	terça-feira	Carnaval	Nacional	2026-07-09 17:38:33.789199	2026-07-09
2017-04-14	sexta-feira	Paixão de Cristo	Nacional	2026-07-09 17:38:33.789199	2026-07-09
2017-04-21	sexta-feira	Tiradentes	Nacional	2026-07-09 17:38:33.789199	2026-07-09
2017-05-01	segunda-feira	Dia do Trabalho	Nacional	2026-07-09 17:38:33.789199	2026-07-09
2017-06-15	quinta-feira	Corpus Christi	Nacional	2026-07-09 17:38:33.789199	2026-07-09
2017-07-09	domingo	Dia da Revolução Constitucionalista de 1932, Data Magna do Estado	Estadual	2026-07-09 17:38:33.795014	2026-07-09
2017-09-07	quinta-feira	Independência do Brasil	Nacional	2026-07-09 17:38:33.789199	2026-07-09
2017-10-12	quinta-feira	Nossa Sr.a Aparecida - Padroeira do Brasil	Nacional	2026-07-09 17:38:33.789199	2026-07-09
2017-11-02	quinta-feira	Finados	Nacional	2026-07-09 17:38:33.789199	2026-07-09
2017-11-15	quarta-feira	Proclamação da República	Nacional	2026-07-09 17:38:33.789199	2026-07-09
2017-12-25	segunda-feira	Natal	Nacional	2026-07-09 17:38:33.789199	2026-07-09
2018-01-01	segunda-feira	Confraternização Universal	Nacional	2026-07-09 17:38:33.789199	2026-07-09
2018-02-12	segunda-feira	Carnaval	Nacional	2026-07-09 17:38:33.789199	2026-07-09
2018-02-13	terça-feira	Carnaval	Nacional	2026-07-09 17:38:33.789199	2026-07-09
2018-03-30	sexta-feira	Paixão de Cristo	Nacional	2026-07-09 17:38:33.789199	2026-07-09
2018-04-21	sábado	Tiradentes	Nacional	2026-07-09 17:38:33.789199	2026-07-09
2018-05-01	terça-feira	Dia do Trabalho	Nacional	2026-07-09 17:38:33.789199	2026-07-09
2018-05-31	quinta-feira	Corpus Christi	Nacional	2026-07-09 17:38:33.789199	2026-07-09
2018-07-09	segunda-feira	Dia da Revolução Constitucionalista de 1932, Data Magna do Estado	Estadual	2026-07-09 17:38:33.795019	2026-07-09
2018-09-07	sexta-feira	Independência do Brasil	Nacional	2026-07-09 17:38:33.789199	2026-07-09
2018-10-12	sexta-feira	Nossa Sr.a Aparecida - Padroeira do Brasil	Nacional	2026-07-09 17:38:33.789199	2026-07-09
2018-11-02	sexta-feira	Finados	Nacional	2026-07-09 17:38:33.789199	2026-07-09
2018-11-15	quinta-feira	Proclamação da República	Nacional	2026-07-09 17:38:33.789199	2026-07-09
2018-12-25	terça-feira	Natal	Nacional	2026-07-09 17:38:33.789199	2026-07-09
2019-01-01	terça-feira	Confraternização Universal	Nacional	2026-07-09 17:38:33.789199	2026-07-09
2019-03-04	segunda-feira	Carnaval	Nacional	2026-07-09 17:38:33.789199	2026-07-09
2019-03-05	terça-feira	Carnaval	Nacional	2026-07-09 17:38:33.789199	2026-07-09
2019-04-19	sexta-feira	Paixão de Cristo	Nacional	2026-07-09 17:38:33.789199	2026-07-09
2019-04-21	domingo	Tiradentes	Nacional	2026-07-09 17:38:33.789199	2026-07-09
2019-05-01	quarta-feira	Dia do Trabalho	Nacional	2026-07-09 17:38:33.789199	2026-07-09
2019-06-20	quinta-feira	Corpus Christi	Nacional	2026-07-09 17:38:33.789199	2026-07-09
2019-07-09	terça-feira	Dia da Revolução Constitucionalista de 1932, Data Magna do Estado	Estadual	2026-07-09 17:38:33.795023	2026-07-09
2019-09-07	sábado	Independência do Brasil	Nacional	2026-07-09 17:38:33.789199	2026-07-09
2019-10-12	sábado	Nossa Sr.a Aparecida - Padroeira do Brasil	Nacional	2026-07-09 17:38:33.789199	2026-07-09
2019-11-02	sábado	Finados	Nacional	2026-07-09 17:38:33.789199	2026-07-09
2019-11-15	sexta-feira	Proclamação da República	Nacional	2026-07-09 17:38:33.789199	2026-07-09
2019-12-25	quarta-feira	Natal	Nacional	2026-07-09 17:38:33.789199	2026-07-09
2020-01-01	quarta-feira	Confraternização Universal	Nacional	2026-07-09 17:38:33.789199	2026-07-09
2020-02-24	segunda-feira	Carnaval	Nacional	2026-07-09 17:38:33.789199	2026-07-09
2020-02-25	terça-feira	Carnaval	Nacional	2026-07-09 17:38:33.789199	2026-07-09
2020-04-10	sexta-feira	Paixão de Cristo	Nacional	2026-07-09 17:38:33.789199	2026-07-09
2020-04-21	terça-feira	Tiradentes	Nacional	2026-07-09 17:38:33.789199	2026-07-09
2020-05-01	sexta-feira	Dia do Trabalho	Nacional	2026-07-09 17:38:33.789199	2026-07-09
2020-06-11	quinta-feira	Corpus Christi	Nacional	2026-07-09 17:38:33.789199	2026-07-09
2020-07-09	quinta-feira	Dia da Revolução Constitucionalista de 1932, Data Magna do Estado	Estadual	2026-07-09 17:38:33.795028	2026-07-09
2020-09-07	segunda-feira	Independência do Brasil	Nacional	2026-07-09 17:38:33.789199	2026-07-09
2020-10-12	segunda-feira	Nossa Sr.a Aparecida - Padroeira do Brasil	Nacional	2026-07-09 17:38:33.789199	2026-07-09
2020-11-02	segunda-feira	Finados	Nacional	2026-07-09 17:38:33.789199	2026-07-09
2020-11-15	domingo	Proclamação da República	Nacional	2026-07-09 17:38:33.789199	2026-07-09
2020-12-25	sexta-feira	Natal	Nacional	2026-07-09 17:38:33.789199	2026-07-09
2021-01-01	sexta-feira	Confraternização Universal	Nacional	2026-07-09 17:38:33.789199	2026-07-09
2021-02-15	segunda-feira	Carnaval	Nacional	2026-07-09 17:38:33.789199	2026-07-09
2021-02-16	terça-feira	Carnaval	Nacional	2026-07-09 17:38:33.789199	2026-07-09
2021-04-02	sexta-feira	Paixão de Cristo	Nacional	2026-07-09 17:38:33.789199	2026-07-09
2021-04-21	quarta-feira	Tiradentes	Nacional	2026-07-09 17:38:33.789199	2026-07-09
2021-05-01	sábado	Dia do Trabalho	Nacional	2026-07-09 17:38:33.789199	2026-07-09
2021-06-03	quinta-feira	Corpus Christi	Nacional	2026-07-09 17:38:33.789199	2026-07-09
2021-07-09	sexta-feira	Dia da Revolução Constitucionalista de 1932, Data Magna do Estado	Estadual	2026-07-09 17:38:33.795032	2026-07-09
2021-09-07	terça-feira	Independência do Brasil	Nacional	2026-07-09 17:38:33.789199	2026-07-09
2021-10-12	terça-feira	Nossa Sr.a Aparecida - Padroeira do Brasil	Nacional	2026-07-09 17:38:33.789199	2026-07-09
2021-11-02	terça-feira	Finados	Nacional	2026-07-09 17:38:33.789199	2026-07-09
2021-11-15	segunda-feira	Proclamação da República	Nacional	2026-07-09 17:38:33.789199	2026-07-09
2021-12-25	sábado	Natal	Nacional	2026-07-09 17:38:33.789199	2026-07-09
2022-01-01	sábado	Confraternização Universal	Nacional	2026-07-09 17:38:33.789199	2026-07-09
2022-02-28	segunda-feira	Carnaval	Nacional	2026-07-09 17:38:33.789199	2026-07-09
2022-03-01	terça-feira	Carnaval	Nacional	2026-07-09 17:38:33.789199	2026-07-09
2022-04-15	sexta-feira	Paixão de Cristo	Nacional	2026-07-09 17:38:33.789199	2026-07-09
2022-04-21	quinta-feira	Tiradentes	Nacional	2026-07-09 17:38:33.789199	2026-07-09
2022-05-01	domingo	Dia do Trabalho	Nacional	2026-07-09 17:38:33.789199	2026-07-09
2022-06-16	quinta-feira	Corpus Christi	Nacional	2026-07-09 17:38:33.789199	2026-07-09
2022-07-09	sábado	Dia da Revolução Constitucionalista de 1932, Data Magna do Estado	Estadual	2026-07-09 17:38:33.795036	2026-07-09
2022-09-07	quarta-feira	Independência do Brasil	Nacional	2026-07-09 17:38:33.789199	2026-07-09
2022-10-12	quarta-feira	Nossa Sr.a Aparecida - Padroeira do Brasil	Nacional	2026-07-09 17:38:33.789199	2026-07-09
2022-11-02	quarta-feira	Finados	Nacional	2026-07-09 17:38:33.789199	2026-07-09
2022-11-15	terça-feira	Proclamação da República	Nacional	2026-07-09 17:38:33.789199	2026-07-09
2022-12-25	domingo	Natal	Nacional	2026-07-09 17:38:33.789199	2026-07-09
2023-01-01	domingo	Confraternização Universal	Nacional	2026-07-09 17:38:33.789199	2026-07-09
2023-02-20	segunda-feira	Carnaval	Nacional	2026-07-09 17:38:33.789199	2026-07-09
2023-02-21	terça-feira	Carnaval	Nacional	2026-07-09 17:38:33.789199	2026-07-09
2023-04-07	sexta-feira	Paixão de Cristo	Nacional	2026-07-09 17:38:33.789199	2026-07-09
2023-04-21	sexta-feira	Tiradentes	Nacional	2026-07-09 17:38:33.789199	2026-07-09
2023-05-01	segunda-feira	Dia do Trabalho	Nacional	2026-07-09 17:38:33.789199	2026-07-09
2023-06-08	quinta-feira	Corpus Christi	Nacional	2026-07-09 17:38:33.789199	2026-07-09
2023-07-09	domingo	Dia da Revolução Constitucionalista de 1932, Data Magna do Estado	Estadual	2026-07-09 17:38:33.795041	2026-07-09
2023-09-07	quinta-feira	Independência do Brasil	Nacional	2026-07-09 17:38:33.789199	2026-07-09
2023-10-12	quinta-feira	Nossa Sr.a Aparecida - Padroeira do Brasil	Nacional	2026-07-09 17:38:33.789199	2026-07-09
2023-11-02	quinta-feira	Finados	Nacional	2026-07-09 17:38:33.789199	2026-07-09
2023-11-15	quarta-feira	Proclamação da República	Nacional	2026-07-09 17:38:33.789199	2026-07-09
2023-12-25	segunda-feira	Natal	Nacional	2026-07-09 17:38:33.789199	2026-07-09
2024-01-01	segunda-feira	Confraternização Universal	Nacional	2026-07-09 17:38:33.789199	2026-07-09
2024-02-12	segunda-feira	Carnaval	Nacional	2026-07-09 17:38:33.789199	2026-07-09
2024-02-13	terça-feira	Carnaval	Nacional	2026-07-09 17:38:33.789199	2026-07-09
2024-03-29	sexta-feira	Paixão de Cristo	Nacional	2026-07-09 17:38:33.789199	2026-07-09
2024-04-21	domingo	Tiradentes	Nacional	2026-07-09 17:38:33.789199	2026-07-09
2024-05-01	quarta-feira	Dia do Trabalho	Nacional	2026-07-09 17:38:33.789199	2026-07-09
2024-05-30	quinta-feira	Corpus Christi	Nacional	2026-07-09 17:38:33.789199	2026-07-09
2024-07-09	terça-feira	Dia da Revolução Constitucionalista de 1932, Data Magna do Estado	Estadual	2026-07-09 17:38:33.795046	2026-07-09
2024-09-07	sábado	Independência do Brasil	Nacional	2026-07-09 17:38:33.789199	2026-07-09
2024-10-12	sábado	Nossa Sr.a Aparecida - Padroeira do Brasil	Nacional	2026-07-09 17:38:33.789199	2026-07-09
2024-11-02	sábado	Finados	Nacional	2026-07-09 17:38:33.789199	2026-07-09
2024-11-15	sexta-feira	Proclamação da República	Nacional	2026-07-09 17:38:33.789199	2026-07-09
2024-11-20	quarta-feira	Dia Nacional de Zumbi e da Consciência Negra	Nacional	2026-07-09 17:38:33.789199	2026-07-09
2024-12-25	quarta-feira	Natal	Nacional	2026-07-09 17:38:33.789199	2026-07-09
2025-01-01	quarta-feira	Confraternização Universal	Nacional	2026-07-09 17:38:33.789199	2026-07-09
2025-03-03	segunda-feira	Carnaval	Nacional	2026-07-09 17:38:33.789199	2026-07-09
2025-03-04	terça-feira	Carnaval	Nacional	2026-07-09 17:38:33.789199	2026-07-09
2025-04-18	sexta-feira	Paixão de Cristo	Nacional	2026-07-09 17:38:33.789199	2026-07-09
2025-04-21	segunda-feira	Tiradentes	Nacional	2026-07-09 17:38:33.789199	2026-07-09
2025-05-01	quinta-feira	Dia do Trabalho	Nacional	2026-07-09 17:38:33.789199	2026-07-09
2025-06-19	quinta-feira	Corpus Christi	Nacional	2026-07-09 17:38:33.789199	2026-07-09
2025-07-09	quarta-feira	Dia da Revolução Constitucionalista de 1932, Data Magna do Estado	Estadual	2026-07-09 17:38:33.795050	2026-07-09
2025-09-07	domingo	Independência do Brasil	Nacional	2026-07-09 17:38:33.789199	2026-07-09
2025-10-12	domingo	Nossa Sr.a Aparecida - Padroeira do Brasil	Nacional	2026-07-09 17:38:33.789199	2026-07-09
2025-11-02	domingo	Finados	Nacional	2026-07-09 17:38:33.789199	2026-07-09
2025-11-15	sábado	Proclamação da República	Nacional	2026-07-09 17:38:33.789199	2026-07-09
2025-11-20	quinta-feira	Dia Nacional de Zumbi e da Consciência Negra	Nacional	2026-07-09 17:38:33.789199	2026-07-09
2025-12-25	quinta-feira	Natal	Nacional	2026-07-09 17:38:33.789199	2026-07-09
2026-01-01	quinta-feira	Confraternização Universal	Nacional	2026-07-09 17:38:33.789199	2026-07-09
2026-02-16	segunda-feira	Carnaval	Nacional	2026-07-09 17:38:33.789199	2026-07-09
2026-02-17	terça-feira	Carnaval	Nacional	2026-07-09 17:38:33.789199	2026-07-09
2026-04-03	sexta-feira	Paixão de Cristo	Nacional	2026-07-09 17:38:33.789199	2026-07-09
2026-04-21	terça-feira	Tiradentes	Nacional	2026-07-09 17:38:33.789199	2026-07-09
2026-05-01	sexta-feira	Dia do Trabalho	Nacional	2026-07-09 17:38:33.789199	2026-07-09
2026-06-04	quinta-feira	Corpus Christi	Nacional	2026-07-09 17:38:33.789199	2026-07-09
2026-07-09	quinta-feira	Dia da Revolução Constitucionalista de 1932, Data Magna do Estado	Estadual	2026-07-09 17:38:33.795054	2026-07-09
2026-09-07	segunda-feira	Independência do Brasil	Nacional	2026-07-09 17:38:33.789199	2026-07-09
2026-10-12	segunda-feira	Nossa Sr.a Aparecida - Padroeira do Brasil	Nacional	2026-07-09 17:38:33.789199	2026-07-09
2026-11-02	segunda-feira	Finados	Nacional	2026-07-09 17:38:33.789199	2026-07-09
2026-11-15	domingo	Proclamação da República	Nacional	2026-07-09 17:38:33.789199	2026-07-09
2026-11-20	sexta-feira	Dia Nacional de Zumbi e da Consciência Negra	Nacional	2026-07-09 17:38:33.789199	2026-07-09
2026-12-25	sexta-feira	Natal	Nacional	2026-07-09 17:38:33.789199	2026-07-09
2027-01-01	sexta-feira	Confraternização Universal	Nacional	2026-07-09 17:38:33.789199	2026-07-09
2027-02-08	segunda-feira	Carnaval	Nacional	2026-07-09 17:38:33.789199	2026-07-09
2027-02-09	terça-feira	Carnaval	Nacional	2026-07-09 17:38:33.789199	2026-07-09
2027-03-26	sexta-feira	Paixão de Cristo	Nacional	2026-07-09 17:38:33.789199	2026-07-09
2027-04-21	quarta-feira	Tiradentes	Nacional	2026-07-09 17:38:33.789199	2026-07-09
2027-05-01	sábado	Dia do Trabalho	Nacional	2026-07-09 17:38:33.789199	2026-07-09
2027-05-27	quinta-feira	Corpus Christi	Nacional	2026-07-09 17:38:33.789199	2026-07-09
2027-07-09	sexta-feira	Dia da Revolução Constitucionalista de 1932, Data Magna do Estado	Estadual	2026-07-09 17:38:33.795059	2026-07-09
2027-09-07	terça-feira	Independência do Brasil	Nacional	2026-07-09 17:38:33.789199	2026-07-09
2027-10-12	terça-feira	Nossa Sr.a Aparecida - Padroeira do Brasil	Nacional	2026-07-09 17:38:33.789199	2026-07-09
2027-11-02	terça-feira	Finados	Nacional	2026-07-09 17:38:33.789199	2026-07-09
2027-11-15	segunda-feira	Proclamação da República	Nacional	2026-07-09 17:38:33.789199	2026-07-09
2027-11-20	sábado	Dia Nacional de Zumbi e da Consciência Negra	Nacional	2026-07-09 17:38:33.789199	2026-07-09
2027-12-25	sábado	Natal	Nacional	2026-07-09 17:38:33.789199	2026-07-09
2028-01-01	sábado	Confraternização Universal	Nacional	2026-07-09 17:38:33.789199	2026-07-09
2028-02-28	segunda-feira	Carnaval	Nacional	2026-07-09 17:38:33.789199	2026-07-09
2028-02-29	terça-feira	Carnaval	Nacional	2026-07-09 17:38:33.789199	2026-07-09
2028-04-14	sexta-feira	Paixão de Cristo	Nacional	2026-07-09 17:38:33.789199	2026-07-09
2028-04-21	sexta-feira	Tiradentes	Nacional	2026-07-09 17:38:33.789199	2026-07-09
2028-05-01	segunda-feira	Dia do Trabalho	Nacional	2026-07-09 17:38:33.789199	2026-07-09
2028-06-15	quinta-feira	Corpus Christi	Nacional	2026-07-09 17:38:33.789199	2026-07-09
2028-07-09	domingo	Dia da Revolução Constitucionalista de 1932, Data Magna do Estado	Estadual	2026-07-09 17:38:33.795063	2026-07-09
2028-09-07	quinta-feira	Independência do Brasil	Nacional	2026-07-09 17:38:33.789199	2026-07-09
2028-10-12	quinta-feira	Nossa Sr.a Aparecida - Padroeira do Brasil	Nacional	2026-07-09 17:38:33.789199	2026-07-09
2028-11-02	quinta-feira	Finados	Nacional	2026-07-09 17:38:33.789199	2026-07-09
2028-11-15	quarta-feira	Proclamação da República	Nacional	2026-07-09 17:38:33.789199	2026-07-09
2028-11-20	segunda-feira	Dia Nacional de Zumbi e da Consciência Negra	Nacional	2026-07-09 17:38:33.789199	2026-07-09
2028-12-25	segunda-feira	Natal	Nacional	2026-07-09 17:38:33.789199	2026-07-09
2029-01-01	segunda-feira	Confraternização Universal	Nacional	2026-07-09 17:38:33.789199	2026-07-09
2029-02-12	segunda-feira	Carnaval	Nacional	2026-07-09 17:38:33.789199	2026-07-09
2029-02-13	terça-feira	Carnaval	Nacional	2026-07-09 17:38:33.789199	2026-07-09
2029-03-30	sexta-feira	Paixão de Cristo	Nacional	2026-07-09 17:38:33.789199	2026-07-09
2029-04-21	sábado	Tiradentes	Nacional	2026-07-09 17:38:33.789199	2026-07-09
2029-05-01	terça-feira	Dia do Trabalho	Nacional	2026-07-09 17:38:33.789199	2026-07-09
2029-05-31	quinta-feira	Corpus Christi	Nacional	2026-07-09 17:38:33.789199	2026-07-09
2029-07-09	segunda-feira	Dia da Revolução Constitucionalista de 1932, Data Magna do Estado	Estadual	2026-07-09 17:38:33.795067	2026-07-09
2029-09-07	sexta-feira	Independência do Brasil	Nacional	2026-07-09 17:38:33.789199	2026-07-09
2029-10-12	sexta-feira	Nossa Sr.a Aparecida - Padroeira do Brasil	Nacional	2026-07-09 17:38:33.789199	2026-07-09
2029-11-02	sexta-feira	Finados	Nacional	2026-07-09 17:38:33.789199	2026-07-09
2029-11-15	quinta-feira	Proclamação da República	Nacional	2026-07-09 17:38:33.789199	2026-07-09
2029-11-20	terça-feira	Dia Nacional de Zumbi e da Consciência Negra	Nacional	2026-07-09 17:38:33.789199	2026-07-09
2029-12-25	terça-feira	Natal	Nacional	2026-07-09 17:38:33.789199	2026-07-09
2030-01-01	terça-feira	Confraternização Universal	Nacional	2026-07-09 17:38:33.789199	2026-07-09
2030-03-04	segunda-feira	Carnaval	Nacional	2026-07-09 17:38:33.789199	2026-07-09
2030-03-05	terça-feira	Carnaval	Nacional	2026-07-09 17:38:33.789199	2026-07-09
2030-04-19	sexta-feira	Paixão de Cristo	Nacional	2026-07-09 17:38:33.789199	2026-07-09
2030-04-21	domingo	Tiradentes	Nacional	2026-07-09 17:38:33.789199	2026-07-09
2030-05-01	quarta-feira	Dia do Trabalho	Nacional	2026-07-09 17:38:33.789199	2026-07-09
2030-06-20	quinta-feira	Corpus Christi	Nacional	2026-07-09 17:38:33.789199	2026-07-09
2030-07-09	terça-feira	Dia da Revolução Constitucionalista de 1932, Data Magna do Estado	Estadual	2026-07-09 17:38:33.795071	2026-07-09
2030-09-07	sábado	Independência do Brasil	Nacional	2026-07-09 17:38:33.789199	2026-07-09
2030-10-12	sábado	Nossa Sr.a Aparecida - Padroeira do Brasil	Nacional	2026-07-09 17:38:33.789199	2026-07-09
2030-11-02	sábado	Finados	Nacional	2026-07-09 17:38:33.789199	2026-07-09
2030-11-15	sexta-feira	Proclamação da República	Nacional	2026-07-09 17:38:33.789199	2026-07-09
2030-11-20	quarta-feira	Dia Nacional de Zumbi e da Consciência Negra	Nacional	2026-07-09 17:38:33.789199	2026-07-09
2030-12-25	quarta-feira	Natal	Nacional	2026-07-09 17:38:33.789199	2026-07-09
2031-01-01	quarta-feira	Confraternização Universal	Nacional	2026-07-09 17:38:33.789199	2026-07-09
2031-02-24	segunda-feira	Carnaval	Nacional	2026-07-09 17:38:33.789199	2026-07-09
2031-02-25	terça-feira	Carnaval	Nacional	2026-07-09 17:38:33.789199	2026-07-09
2031-04-11	sexta-feira	Paixão de Cristo	Nacional	2026-07-09 17:38:33.789199	2026-07-09
2031-04-21	segunda-feira	Tiradentes	Nacional	2026-07-09 17:38:33.789199	2026-07-09
2031-05-01	quinta-feira	Dia do Trabalho	Nacional	2026-07-09 17:38:33.789199	2026-07-09
2031-06-12	quinta-feira	Corpus Christi	Nacional	2026-07-09 17:38:33.789199	2026-07-09
2031-07-09	quarta-feira	Dia da Revolução Constitucionalista de 1932, Data Magna do Estado	Estadual	2026-07-09 17:38:33.795076	2026-07-09
2031-09-07	domingo	Independência do Brasil	Nacional	2026-07-09 17:38:33.789199	2026-07-09
2031-10-12	domingo	Nossa Sr.a Aparecida - Padroeira do Brasil	Nacional	2026-07-09 17:38:33.789199	2026-07-09
2031-11-02	domingo	Finados	Nacional	2026-07-09 17:38:33.789199	2026-07-09
2031-11-15	sábado	Proclamação da República	Nacional	2026-07-09 17:38:33.789199	2026-07-09
2031-11-20	quinta-feira	Dia Nacional de Zumbi e da Consciência Negra	Nacional	2026-07-09 17:38:33.789199	2026-07-09
2031-12-25	quinta-feira	Natal	Nacional	2026-07-09 17:38:33.789199	2026-07-09
2032-01-01	quinta-feira	Confraternização Universal	Nacional	2026-07-09 17:38:33.789199	2026-07-09
2032-02-09	segunda-feira	Carnaval	Nacional	2026-07-09 17:38:33.789199	2026-07-09
2032-02-10	terça-feira	Carnaval	Nacional	2026-07-09 17:38:33.789199	2026-07-09
2032-03-26	sexta-feira	Paixão de Cristo	Nacional	2026-07-09 17:38:33.789199	2026-07-09
2032-04-21	quarta-feira	Tiradentes	Nacional	2026-07-09 17:38:33.789199	2026-07-09
2032-05-01	sábado	Dia do Trabalho	Nacional	2026-07-09 17:38:33.789199	2026-07-09
2032-05-27	quinta-feira	Corpus Christi	Nacional	2026-07-09 17:38:33.789199	2026-07-09
2032-07-09	sexta-feira	Dia da Revolução Constitucionalista de 1932, Data Magna do Estado	Estadual	2026-07-09 17:38:33.795080	2026-07-09
2032-09-07	terça-feira	Independência do Brasil	Nacional	2026-07-09 17:38:33.789199	2026-07-09
2032-10-12	terça-feira	Nossa Sr.a Aparecida - Padroeira do Brasil	Nacional	2026-07-09 17:38:33.789199	2026-07-09
2032-11-02	terça-feira	Finados	Nacional	2026-07-09 17:38:33.789199	2026-07-09
2032-11-15	segunda-feira	Proclamação da República	Nacional	2026-07-09 17:38:33.789199	2026-07-09
2032-11-20	sábado	Dia Nacional de Zumbi e da Consciência Negra	Nacional	2026-07-09 17:38:33.789199	2026-07-09
2032-12-25	sábado	Natal	Nacional	2026-07-09 17:38:33.789199	2026-07-09
2033-01-01	sábado	Confraternização Universal	Nacional	2026-07-09 17:38:33.789199	2026-07-09
2033-02-28	segunda-feira	Carnaval	Nacional	2026-07-09 17:38:33.789199	2026-07-09
2033-03-01	terça-feira	Carnaval	Nacional	2026-07-09 17:38:33.789199	2026-07-09
2033-04-15	sexta-feira	Paixão de Cristo	Nacional	2026-07-09 17:38:33.789199	2026-07-09
2033-04-21	quinta-feira	Tiradentes	Nacional	2026-07-09 17:38:33.789199	2026-07-09
2033-05-01	domingo	Dia do Trabalho	Nacional	2026-07-09 17:38:33.789199	2026-07-09
2033-06-16	quinta-feira	Corpus Christi	Nacional	2026-07-09 17:38:33.789199	2026-07-09
2033-07-09	sábado	Dia da Revolução Constitucionalista de 1932, Data Magna do Estado	Estadual	2026-07-09 17:38:33.795084	2026-07-09
2033-09-07	quarta-feira	Independência do Brasil	Nacional	2026-07-09 17:38:33.789199	2026-07-09
2033-10-12	quarta-feira	Nossa Sr.a Aparecida - Padroeira do Brasil	Nacional	2026-07-09 17:38:33.789199	2026-07-09
2033-11-02	quarta-feira	Finados	Nacional	2026-07-09 17:38:33.789199	2026-07-09
2033-11-15	terça-feira	Proclamação da República	Nacional	2026-07-09 17:38:33.789199	2026-07-09
2033-11-20	domingo	Dia Nacional de Zumbi e da Consciência Negra	Nacional	2026-07-09 17:38:33.789199	2026-07-09
2033-12-25	domingo	Natal	Nacional	2026-07-09 17:38:33.789199	2026-07-09
2034-01-01	domingo	Confraternização Universal	Nacional	2026-07-09 17:38:33.789199	2026-07-09
2034-02-20	segunda-feira	Carnaval	Nacional	2026-07-09 17:38:33.789199	2026-07-09
2034-02-21	terça-feira	Carnaval	Nacional	2026-07-09 17:38:33.789199	2026-07-09
2034-04-07	sexta-feira	Paixão de Cristo	Nacional	2026-07-09 17:38:33.789199	2026-07-09
2034-04-21	sexta-feira	Tiradentes	Nacional	2026-07-09 17:38:33.789199	2026-07-09
2034-05-01	segunda-feira	Dia do Trabalho	Nacional	2026-07-09 17:38:33.789199	2026-07-09
2034-06-08	quinta-feira	Corpus Christi	Nacional	2026-07-09 17:38:33.789199	2026-07-09
2034-07-09	domingo	Dia da Revolução Constitucionalista de 1932, Data Magna do Estado	Estadual	2026-07-09 17:38:33.795088	2026-07-09
2034-09-07	quinta-feira	Independência do Brasil	Nacional	2026-07-09 17:38:33.789199	2026-07-09
2034-10-12	quinta-feira	Nossa Sr.a Aparecida - Padroeira do Brasil	Nacional	2026-07-09 17:38:33.789199	2026-07-09
2034-11-02	quinta-feira	Finados	Nacional	2026-07-09 17:38:33.789199	2026-07-09
2034-11-15	quarta-feira	Proclamação da República	Nacional	2026-07-09 17:38:33.789199	2026-07-09
2034-11-20	segunda-feira	Dia Nacional de Zumbi e da Consciência Negra	Nacional	2026-07-09 17:38:33.789199	2026-07-09
2034-12-25	segunda-feira	Natal	Nacional	2026-07-09 17:38:33.789199	2026-07-09
2035-01-01	segunda-feira	Confraternização Universal	Nacional	2026-07-09 17:38:33.789199	2026-07-09
2035-02-05	segunda-feira	Carnaval	Nacional	2026-07-09 17:38:33.789199	2026-07-09
2035-02-06	terça-feira	Carnaval	Nacional	2026-07-09 17:38:33.789199	2026-07-09
2035-03-23	sexta-feira	Paixão de Cristo	Nacional	2026-07-09 17:38:33.789199	2026-07-09
2035-04-21	sábado	Tiradentes	Nacional	2026-07-09 17:38:33.789199	2026-07-09
2035-05-01	terça-feira	Dia do Trabalho	Nacional	2026-07-09 17:38:33.789199	2026-07-09
2035-05-24	quinta-feira	Corpus Christi	Nacional	2026-07-09 17:38:33.789199	2026-07-09
2035-07-09	segunda-feira	Dia da Revolução Constitucionalista de 1932, Data Magna do Estado	Estadual	2026-07-09 17:38:33.795092	2026-07-09
2035-09-07	sexta-feira	Independência do Brasil	Nacional	2026-07-09 17:38:33.789199	2026-07-09
2035-10-12	sexta-feira	Nossa Sr.a Aparecida - Padroeira do Brasil	Nacional	2026-07-09 17:38:33.789199	2026-07-09
2035-11-02	sexta-feira	Finados	Nacional	2026-07-09 17:38:33.789199	2026-07-09
2035-11-15	quinta-feira	Proclamação da República	Nacional	2026-07-09 17:38:33.789199	2026-07-09
2035-11-20	terça-feira	Dia Nacional de Zumbi e da Consciência Negra	Nacional	2026-07-09 17:38:33.789199	2026-07-09
2035-12-25	terça-feira	Natal	Nacional	2026-07-09 17:38:33.789199	2026-07-09
2036-01-01	terça-feira	Confraternização Universal	Nacional	2026-07-09 17:38:33.789199	2026-07-09
2036-02-25	segunda-feira	Carnaval	Nacional	2026-07-09 17:38:33.789199	2026-07-09
2036-02-26	terça-feira	Carnaval	Nacional	2026-07-09 17:38:33.789199	2026-07-09
2036-04-11	sexta-feira	Paixão de Cristo	Nacional	2026-07-09 17:38:33.789199	2026-07-09
2036-04-21	segunda-feira	Tiradentes	Nacional	2026-07-09 17:38:33.789199	2026-07-09
2036-05-01	quinta-feira	Dia do Trabalho	Nacional	2026-07-09 17:38:33.789199	2026-07-09
2036-06-12	quinta-feira	Corpus Christi	Nacional	2026-07-09 17:38:33.789199	2026-07-09
2036-07-09	quarta-feira	Dia da Revolução Constitucionalista de 1932, Data Magna do Estado	Estadual	2026-07-09 17:38:33.795097	2026-07-09
2036-09-07	domingo	Independência do Brasil	Nacional	2026-07-09 17:38:33.789199	2026-07-09
2036-10-12	domingo	Nossa Sr.a Aparecida - Padroeira do Brasil	Nacional	2026-07-09 17:38:33.789199	2026-07-09
2036-11-02	domingo	Finados	Nacional	2026-07-09 17:38:33.789199	2026-07-09
2036-11-15	sábado	Proclamação da República	Nacional	2026-07-09 17:38:33.789199	2026-07-09
2036-11-20	quinta-feira	Dia Nacional de Zumbi e da Consciência Negra	Nacional	2026-07-09 17:38:33.789199	2026-07-09
2036-12-25	quinta-feira	Natal	Nacional	2026-07-09 17:38:33.789199	2026-07-09
2037-01-01	quinta-feira	Confraternização Universal	Nacional	2026-07-09 17:38:33.789199	2026-07-09
2037-02-16	segunda-feira	Carnaval	Nacional	2026-07-09 17:38:33.789199	2026-07-09
2037-02-17	terça-feira	Carnaval	Nacional	2026-07-09 17:38:33.789199	2026-07-09
2037-04-03	sexta-feira	Paixão de Cristo	Nacional	2026-07-09 17:38:33.789199	2026-07-09
2037-04-21	terça-feira	Tiradentes	Nacional	2026-07-09 17:38:33.789199	2026-07-09
2037-05-01	sexta-feira	Dia do Trabalho	Nacional	2026-07-09 17:38:33.789199	2026-07-09
2037-06-04	quinta-feira	Corpus Christi	Nacional	2026-07-09 17:38:33.789199	2026-07-09
2037-07-09	quinta-feira	Dia da Revolução Constitucionalista de 1932, Data Magna do Estado	Estadual	2026-07-09 17:38:33.795101	2026-07-09
2037-09-07	segunda-feira	Independência do Brasil	Nacional	2026-07-09 17:38:33.789199	2026-07-09
2037-10-12	segunda-feira	Nossa Sr.a Aparecida - Padroeira do Brasil	Nacional	2026-07-09 17:38:33.789199	2026-07-09
2037-11-02	segunda-feira	Finados	Nacional	2026-07-09 17:38:33.789199	2026-07-09
2037-11-15	domingo	Proclamação da República	Nacional	2026-07-09 17:38:33.789199	2026-07-09
2037-11-20	sexta-feira	Dia Nacional de Zumbi e da Consciência Negra	Nacional	2026-07-09 17:38:33.789199	2026-07-09
2037-12-25	sexta-feira	Natal	Nacional	2026-07-09 17:38:33.789199	2026-07-09
2038-01-01	sexta-feira	Confraternização Universal	Nacional	2026-07-09 17:38:33.789199	2026-07-09
2038-03-08	segunda-feira	Carnaval	Nacional	2026-07-09 17:38:33.789199	2026-07-09
2038-03-09	terça-feira	Carnaval	Nacional	2026-07-09 17:38:33.789199	2026-07-09
2038-04-21	quarta-feira	Tiradentes	Nacional	2026-07-09 17:38:33.789199	2026-07-09
2038-04-23	sexta-feira	Paixão de Cristo	Nacional	2026-07-09 17:38:33.789199	2026-07-09
2038-05-01	sábado	Dia do Trabalho	Nacional	2026-07-09 17:38:33.789199	2026-07-09
2038-06-24	quinta-feira	Corpus Christi	Nacional	2026-07-09 17:38:33.789199	2026-07-09
2038-07-09	sexta-feira	Dia da Revolução Constitucionalista de 1932, Data Magna do Estado	Estadual	2026-07-09 17:38:33.795105	2026-07-09
2038-09-07	terça-feira	Independência do Brasil	Nacional	2026-07-09 17:38:33.789199	2026-07-09
2038-10-12	terça-feira	Nossa Sr.a Aparecida - Padroeira do Brasil	Nacional	2026-07-09 17:38:33.789199	2026-07-09
2038-11-02	terça-feira	Finados	Nacional	2026-07-09 17:38:33.789199	2026-07-09
2038-11-15	segunda-feira	Proclamação da República	Nacional	2026-07-09 17:38:33.789199	2026-07-09
2038-11-20	sábado	Dia Nacional de Zumbi e da Consciência Negra	Nacional	2026-07-09 17:38:33.789199	2026-07-09
2038-12-25	sábado	Natal	Nacional	2026-07-09 17:38:33.789199	2026-07-09
2039-01-01	sábado	Confraternização Universal	Nacional	2026-07-09 17:38:33.789199	2026-07-09
2039-02-21	segunda-feira	Carnaval	Nacional	2026-07-09 17:38:33.789199	2026-07-09
2039-02-22	terça-feira	Carnaval	Nacional	2026-07-09 17:38:33.789199	2026-07-09
2039-04-08	sexta-feira	Paixão de Cristo	Nacional	2026-07-09 17:38:33.789199	2026-07-09
2039-04-21	quinta-feira	Tiradentes	Nacional	2026-07-09 17:38:33.789199	2026-07-09
2039-05-01	domingo	Dia do Trabalho	Nacional	2026-07-09 17:38:33.789199	2026-07-09
2039-06-09	quinta-feira	Corpus Christi	Nacional	2026-07-09 17:38:33.789199	2026-07-09
2039-07-09	sábado	Dia da Revolução Constitucionalista de 1932, Data Magna do Estado	Estadual	2026-07-09 17:38:33.795109	2026-07-09
2039-09-07	quarta-feira	Independência do Brasil	Nacional	2026-07-09 17:38:33.789199	2026-07-09
2039-10-12	quarta-feira	Nossa Sr.a Aparecida - Padroeira do Brasil	Nacional	2026-07-09 17:38:33.789199	2026-07-09
2039-11-02	quarta-feira	Finados	Nacional	2026-07-09 17:38:33.789199	2026-07-09
2039-11-15	terça-feira	Proclamação da República	Nacional	2026-07-09 17:38:33.789199	2026-07-09
2039-11-20	domingo	Dia Nacional de Zumbi e da Consciência Negra	Nacional	2026-07-09 17:38:33.789199	2026-07-09
2039-12-25	domingo	Natal	Nacional	2026-07-09 17:38:33.789199	2026-07-09
2040-01-01	domingo	Confraternização Universal	Nacional	2026-07-09 17:38:33.789199	2026-07-09
2040-02-13	segunda-feira	Carnaval	Nacional	2026-07-09 17:38:33.789199	2026-07-09
2040-02-14	terça-feira	Carnaval	Nacional	2026-07-09 17:38:33.789199	2026-07-09
2040-03-30	sexta-feira	Paixão de Cristo	Nacional	2026-07-09 17:38:33.789199	2026-07-09
2040-04-21	sábado	Tiradentes	Nacional	2026-07-09 17:38:33.789199	2026-07-09
2040-05-01	terça-feira	Dia do Trabalho	Nacional	2026-07-09 17:38:33.789199	2026-07-09
2040-05-31	quinta-feira	Corpus Christi	Nacional	2026-07-09 17:38:33.789199	2026-07-09
2040-07-09	segunda-feira	Dia da Revolução Constitucionalista de 1932, Data Magna do Estado	Estadual	2026-07-09 17:38:33.795114	2026-07-09
2040-09-07	sexta-feira	Independência do Brasil	Nacional	2026-07-09 17:38:33.789199	2026-07-09
2040-10-12	sexta-feira	Nossa Sr.a Aparecida - Padroeira do Brasil	Nacional	2026-07-09 17:38:33.789199	2026-07-09
2040-11-02	sexta-feira	Finados	Nacional	2026-07-09 17:38:33.789199	2026-07-09
2040-11-15	quinta-feira	Proclamação da República	Nacional	2026-07-09 17:38:33.789199	2026-07-09
2040-11-20	terça-feira	Dia Nacional de Zumbi e da Consciência Negra	Nacional	2026-07-09 17:38:33.789199	2026-07-09
2040-12-25	terça-feira	Natal	Nacional	2026-07-09 17:38:33.789199	2026-07-09
2041-01-01	terça-feira	Confraternização Universal	Nacional	2026-07-09 17:38:33.789199	2026-07-09
2041-03-04	segunda-feira	Carnaval	Nacional	2026-07-09 17:38:33.789199	2026-07-09
2041-03-05	terça-feira	Carnaval	Nacional	2026-07-09 17:38:33.789199	2026-07-09
2041-04-19	sexta-feira	Paixão de Cristo	Nacional	2026-07-09 17:38:33.789199	2026-07-09
2041-04-21	domingo	Tiradentes	Nacional	2026-07-09 17:38:33.789199	2026-07-09
2041-05-01	quarta-feira	Dia do Trabalho	Nacional	2026-07-09 17:38:33.789199	2026-07-09
2041-06-20	quinta-feira	Corpus Christi	Nacional	2026-07-09 17:38:33.789199	2026-07-09
2041-07-09	terça-feira	Dia da Revolução Constitucionalista de 1932, Data Magna do Estado	Estadual	2026-07-09 17:38:33.795118	2026-07-09
2041-09-07	sábado	Independência do Brasil	Nacional	2026-07-09 17:38:33.789199	2026-07-09
2041-10-12	sábado	Nossa Sr.a Aparecida - Padroeira do Brasil	Nacional	2026-07-09 17:38:33.789199	2026-07-09
2041-11-02	sábado	Finados	Nacional	2026-07-09 17:38:33.789199	2026-07-09
2041-11-15	sexta-feira	Proclamação da República	Nacional	2026-07-09 17:38:33.789199	2026-07-09
2041-11-20	quarta-feira	Dia Nacional de Zumbi e da Consciência Negra	Nacional	2026-07-09 17:38:33.789199	2026-07-09
2041-12-25	quarta-feira	Natal	Nacional	2026-07-09 17:38:33.789199	2026-07-09
2042-01-01	quarta-feira	Confraternização Universal	Nacional	2026-07-09 17:38:33.789199	2026-07-09
2042-02-17	segunda-feira	Carnaval	Nacional	2026-07-09 17:38:33.789199	2026-07-09
2042-02-18	terça-feira	Carnaval	Nacional	2026-07-09 17:38:33.789199	2026-07-09
2042-04-04	sexta-feira	Paixão de Cristo	Nacional	2026-07-09 17:38:33.789199	2026-07-09
2042-04-21	segunda-feira	Tiradentes	Nacional	2026-07-09 17:38:33.789199	2026-07-09
2042-05-01	quinta-feira	Dia do Trabalho	Nacional	2026-07-09 17:38:33.789199	2026-07-09
2042-06-05	quinta-feira	Corpus Christi	Nacional	2026-07-09 17:38:33.789199	2026-07-09
2042-07-09	quarta-feira	Dia da Revolução Constitucionalista de 1932, Data Magna do Estado	Estadual	2026-07-09 17:38:33.795122	2026-07-09
2042-09-07	domingo	Independência do Brasil	Nacional	2026-07-09 17:38:33.789199	2026-07-09
2042-10-12	domingo	Nossa Sr.a Aparecida - Padroeira do Brasil	Nacional	2026-07-09 17:38:33.789199	2026-07-09
2042-11-02	domingo	Finados	Nacional	2026-07-09 17:38:33.789199	2026-07-09
2042-11-15	sábado	Proclamação da República	Nacional	2026-07-09 17:38:33.789199	2026-07-09
2042-11-20	quinta-feira	Dia Nacional de Zumbi e da Consciência Negra	Nacional	2026-07-09 17:38:33.789199	2026-07-09
2042-12-25	quinta-feira	Natal	Nacional	2026-07-09 17:38:33.789199	2026-07-09
2043-01-01	quinta-feira	Confraternização Universal	Nacional	2026-07-09 17:38:33.789199	2026-07-09
2043-02-09	segunda-feira	Carnaval	Nacional	2026-07-09 17:38:33.789199	2026-07-09
2043-02-10	terça-feira	Carnaval	Nacional	2026-07-09 17:38:33.789199	2026-07-09
2043-03-27	sexta-feira	Paixão de Cristo	Nacional	2026-07-09 17:38:33.789199	2026-07-09
2043-04-21	terça-feira	Tiradentes	Nacional	2026-07-09 17:38:33.789199	2026-07-09
2043-05-01	sexta-feira	Dia do Trabalho	Nacional	2026-07-09 17:38:33.789199	2026-07-09
2043-05-28	quinta-feira	Corpus Christi	Nacional	2026-07-09 17:38:33.789199	2026-07-09
2043-07-09	quinta-feira	Dia da Revolução Constitucionalista de 1932, Data Magna do Estado	Estadual	2026-07-09 17:38:33.795126	2026-07-09
2043-09-07	segunda-feira	Independência do Brasil	Nacional	2026-07-09 17:38:33.789199	2026-07-09
2043-10-12	segunda-feira	Nossa Sr.a Aparecida - Padroeira do Brasil	Nacional	2026-07-09 17:38:33.789199	2026-07-09
2043-11-02	segunda-feira	Finados	Nacional	2026-07-09 17:38:33.789199	2026-07-09
2043-11-15	domingo	Proclamação da República	Nacional	2026-07-09 17:38:33.789199	2026-07-09
2043-11-20	sexta-feira	Dia Nacional de Zumbi e da Consciência Negra	Nacional	2026-07-09 17:38:33.789199	2026-07-09
2043-12-25	sexta-feira	Natal	Nacional	2026-07-09 17:38:33.789199	2026-07-09
2044-01-01	sexta-feira	Confraternização Universal	Nacional	2026-07-09 17:38:33.789199	2026-07-09
2044-02-29	segunda-feira	Carnaval	Nacional	2026-07-09 17:38:33.789199	2026-07-09
2044-03-01	terça-feira	Carnaval	Nacional	2026-07-09 17:38:33.789199	2026-07-09
2044-04-15	sexta-feira	Paixão de Cristo	Nacional	2026-07-09 17:38:33.789199	2026-07-09
2044-04-21	quinta-feira	Tiradentes	Nacional	2026-07-09 17:38:33.789199	2026-07-09
2044-05-01	domingo	Dia do Trabalho	Nacional	2026-07-09 17:38:33.789199	2026-07-09
2044-06-16	quinta-feira	Corpus Christi	Nacional	2026-07-09 17:38:33.789199	2026-07-09
2044-07-09	sábado	Dia da Revolução Constitucionalista de 1932, Data Magna do Estado	Estadual	2026-07-09 17:38:33.795131	2026-07-09
2044-09-07	quarta-feira	Independência do Brasil	Nacional	2026-07-09 17:38:33.789199	2026-07-09
2044-10-12	quarta-feira	Nossa Sr.a Aparecida - Padroeira do Brasil	Nacional	2026-07-09 17:38:33.789199	2026-07-09
2044-11-02	quarta-feira	Finados	Nacional	2026-07-09 17:38:33.789199	2026-07-09
2044-11-15	terça-feira	Proclamação da República	Nacional	2026-07-09 17:38:33.789199	2026-07-09
2044-11-20	domingo	Dia Nacional de Zumbi e da Consciência Negra	Nacional	2026-07-09 17:38:33.789199	2026-07-09
2044-12-25	domingo	Natal	Nacional	2026-07-09 17:38:33.789199	2026-07-09
2045-01-01	domingo	Confraternização Universal	Nacional	2026-07-09 17:38:33.789199	2026-07-09
2045-02-20	segunda-feira	Carnaval	Nacional	2026-07-09 17:38:33.789199	2026-07-09
2045-02-21	terça-feira	Carnaval	Nacional	2026-07-09 17:38:33.789199	2026-07-09
2045-04-07	sexta-feira	Paixão de Cristo	Nacional	2026-07-09 17:38:33.789199	2026-07-09
2045-04-21	sexta-feira	Tiradentes	Nacional	2026-07-09 17:38:33.789199	2026-07-09
2045-05-01	segunda-feira	Dia do Trabalho	Nacional	2026-07-09 17:38:33.789199	2026-07-09
2045-06-08	quinta-feira	Corpus Christi	Nacional	2026-07-09 17:38:33.789199	2026-07-09
2045-07-09	domingo	Dia da Revolução Constitucionalista de 1932, Data Magna do Estado	Estadual	2026-07-09 17:38:33.795135	2026-07-09
2045-09-07	quinta-feira	Independência do Brasil	Nacional	2026-07-09 17:38:33.789199	2026-07-09
2045-10-12	quinta-feira	Nossa Sr.a Aparecida - Padroeira do Brasil	Nacional	2026-07-09 17:38:33.789199	2026-07-09
2045-11-02	quinta-feira	Finados	Nacional	2026-07-09 17:38:33.789199	2026-07-09
2045-11-15	quarta-feira	Proclamação da República	Nacional	2026-07-09 17:38:33.789199	2026-07-09
2045-11-20	segunda-feira	Dia Nacional de Zumbi e da Consciência Negra	Nacional	2026-07-09 17:38:33.789199	2026-07-09
2045-12-25	segunda-feira	Natal	Nacional	2026-07-09 17:38:33.789199	2026-07-09
2046-01-01	segunda-feira	Confraternização Universal	Nacional	2026-07-09 17:38:33.789199	2026-07-09
2046-02-05	segunda-feira	Carnaval	Nacional	2026-07-09 17:38:33.789199	2026-07-09
2046-02-06	terça-feira	Carnaval	Nacional	2026-07-09 17:38:33.789199	2026-07-09
2046-03-23	sexta-feira	Paixão de Cristo	Nacional	2026-07-09 17:38:33.789199	2026-07-09
2046-04-21	sábado	Tiradentes	Nacional	2026-07-09 17:38:33.789199	2026-07-09
2046-05-01	terça-feira	Dia do Trabalho	Nacional	2026-07-09 17:38:33.789199	2026-07-09
2046-05-24	quinta-feira	Corpus Christi	Nacional	2026-07-09 17:38:33.789199	2026-07-09
2046-07-09	segunda-feira	Dia da Revolução Constitucionalista de 1932, Data Magna do Estado	Estadual	2026-07-09 17:38:33.795139	2026-07-09
2046-09-07	sexta-feira	Independência do Brasil	Nacional	2026-07-09 17:38:33.789199	2026-07-09
2046-10-12	sexta-feira	Nossa Sr.a Aparecida - Padroeira do Brasil	Nacional	2026-07-09 17:38:33.789199	2026-07-09
2046-11-02	sexta-feira	Finados	Nacional	2026-07-09 17:38:33.789199	2026-07-09
2046-11-15	quinta-feira	Proclamação da República	Nacional	2026-07-09 17:38:33.789199	2026-07-09
2046-11-20	terça-feira	Dia Nacional de Zumbi e da Consciência Negra	Nacional	2026-07-09 17:38:33.789199	2026-07-09
2046-12-25	terça-feira	Natal	Nacional	2026-07-09 17:38:33.789199	2026-07-09
2047-01-01	terça-feira	Confraternização Universal	Nacional	2026-07-09 17:38:33.789199	2026-07-09
2047-02-25	segunda-feira	Carnaval	Nacional	2026-07-09 17:38:33.789199	2026-07-09
2047-02-26	terça-feira	Carnaval	Nacional	2026-07-09 17:38:33.789199	2026-07-09
2047-04-12	sexta-feira	Paixão de Cristo	Nacional	2026-07-09 17:38:33.789199	2026-07-09
2047-04-21	domingo	Tiradentes	Nacional	2026-07-09 17:38:33.789199	2026-07-09
2047-05-01	quarta-feira	Dia do Trabalho	Nacional	2026-07-09 17:38:33.789199	2026-07-09
2047-06-13	quinta-feira	Corpus Christi	Nacional	2026-07-09 17:38:33.789199	2026-07-09
2047-07-09	terça-feira	Dia da Revolução Constitucionalista de 1932, Data Magna do Estado	Estadual	2026-07-09 17:38:33.795144	2026-07-09
2047-09-07	sábado	Independência do Brasil	Nacional	2026-07-09 17:38:33.789199	2026-07-09
2047-10-12	sábado	Nossa Sr.a Aparecida - Padroeira do Brasil	Nacional	2026-07-09 17:38:33.789199	2026-07-09
2047-11-02	sábado	Finados	Nacional	2026-07-09 17:38:33.789199	2026-07-09
2047-11-15	sexta-feira	Proclamação da República	Nacional	2026-07-09 17:38:33.789199	2026-07-09
2047-11-20	quarta-feira	Dia Nacional de Zumbi e da Consciência Negra	Nacional	2026-07-09 17:38:33.789199	2026-07-09
2047-12-25	quarta-feira	Natal	Nacional	2026-07-09 17:38:33.789199	2026-07-09
2048-01-01	quarta-feira	Confraternização Universal	Nacional	2026-07-09 17:38:33.789199	2026-07-09
2048-02-17	segunda-feira	Carnaval	Nacional	2026-07-09 17:38:33.789199	2026-07-09
2048-02-18	terça-feira	Carnaval	Nacional	2026-07-09 17:38:33.789199	2026-07-09
2048-04-03	sexta-feira	Paixão de Cristo	Nacional	2026-07-09 17:38:33.789199	2026-07-09
2048-04-21	terça-feira	Tiradentes	Nacional	2026-07-09 17:38:33.789199	2026-07-09
2048-05-01	sexta-feira	Dia do Trabalho	Nacional	2026-07-09 17:38:33.789199	2026-07-09
2048-06-04	quinta-feira	Corpus Christi	Nacional	2026-07-09 17:38:33.789199	2026-07-09
2048-07-09	quinta-feira	Dia da Revolução Constitucionalista de 1932, Data Magna do Estado	Estadual	2026-07-09 17:38:33.795148	2026-07-09
2048-09-07	segunda-feira	Independência do Brasil	Nacional	2026-07-09 17:38:33.789199	2026-07-09
2048-10-12	segunda-feira	Nossa Sr.a Aparecida - Padroeira do Brasil	Nacional	2026-07-09 17:38:33.789199	2026-07-09
2048-11-02	segunda-feira	Finados	Nacional	2026-07-09 17:38:33.789199	2026-07-09
2048-11-15	domingo	Proclamação da República	Nacional	2026-07-09 17:38:33.789199	2026-07-09
2048-11-20	sexta-feira	Dia Nacional de Zumbi e da Consciência Negra	Nacional	2026-07-09 17:38:33.789199	2026-07-09
2048-12-25	sexta-feira	Natal	Nacional	2026-07-09 17:38:33.789199	2026-07-09
2049-01-01	sexta-feira	Confraternização Universal	Nacional	2026-07-09 17:38:33.789199	2026-07-09
2049-03-01	segunda-feira	Carnaval	Nacional	2026-07-09 17:38:33.789199	2026-07-09
2049-03-02	terça-feira	Carnaval	Nacional	2026-07-09 17:38:33.789199	2026-07-09
2049-04-16	sexta-feira	Paixão de Cristo	Nacional	2026-07-09 17:38:33.789199	2026-07-09
2049-04-21	quarta-feira	Tiradentes	Nacional	2026-07-09 17:38:33.789199	2026-07-09
2049-05-01	sábado	Dia do Trabalho	Nacional	2026-07-09 17:38:33.789199	2026-07-09
2049-06-17	quinta-feira	Corpus Christi	Nacional	2026-07-09 17:38:33.789199	2026-07-09
2049-07-09	sexta-feira	Dia da Revolução Constitucionalista de 1932, Data Magna do Estado	Estadual	2026-07-09 17:38:33.795152	2026-07-09
2049-09-07	terça-feira	Independência do Brasil	Nacional	2026-07-09 17:38:33.789199	2026-07-09
2049-10-12	terça-feira	Nossa Sr.a Aparecida - Padroeira do Brasil	Nacional	2026-07-09 17:38:33.789199	2026-07-09
2049-11-02	terça-feira	Finados	Nacional	2026-07-09 17:38:33.789199	2026-07-09
2049-11-15	segunda-feira	Proclamação da República	Nacional	2026-07-09 17:38:33.789199	2026-07-09
2049-11-20	sábado	Dia Nacional de Zumbi e da Consciência Negra	Nacional	2026-07-09 17:38:33.789199	2026-07-09
2049-12-25	sábado	Natal	Nacional	2026-07-09 17:38:33.789199	2026-07-09
2050-01-01	sábado	Confraternização Universal	Nacional	2026-07-09 17:38:33.789199	2026-07-09
2050-02-21	segunda-feira	Carnaval	Nacional	2026-07-09 17:38:33.789199	2026-07-09
2050-02-22	terça-feira	Carnaval	Nacional	2026-07-09 17:38:33.789199	2026-07-09
2050-04-08	sexta-feira	Paixão de Cristo	Nacional	2026-07-09 17:38:33.789199	2026-07-09
2050-04-21	quinta-feira	Tiradentes	Nacional	2026-07-09 17:38:33.789199	2026-07-09
2050-05-01	domingo	Dia do Trabalho	Nacional	2026-07-09 17:38:33.789199	2026-07-09
2050-06-09	quinta-feira	Corpus Christi	Nacional	2026-07-09 17:38:33.789199	2026-07-09
2050-07-09	sábado	Dia da Revolução Constitucionalista de 1932, Data Magna do Estado	Estadual	2026-07-09 17:38:33.795157	2026-07-09
2050-09-07	quarta-feira	Independência do Brasil	Nacional	2026-07-09 17:38:33.789199	2026-07-09
2050-10-12	quarta-feira	Nossa Sr.a Aparecida - Padroeira do Brasil	Nacional	2026-07-09 17:38:33.789199	2026-07-09
2050-11-02	quarta-feira	Finados	Nacional	2026-07-09 17:38:33.789199	2026-07-09
2050-11-15	terça-feira	Proclamação da República	Nacional	2026-07-09 17:38:33.789199	2026-07-09
2050-11-20	domingo	Dia Nacional de Zumbi e da Consciência Negra	Nacional	2026-07-09 17:38:33.789199	2026-07-09
2050-12-25	domingo	Natal	Nacional	2026-07-09 17:38:33.789199	2026-07-09
2051-01-01	domingo	Confraternização Universal	Nacional	2026-07-09 17:38:33.789199	2026-07-09
2051-02-13	segunda-feira	Carnaval	Nacional	2026-07-09 17:38:33.789199	2026-07-09
2051-02-14	terça-feira	Carnaval	Nacional	2026-07-09 17:38:33.789199	2026-07-09
2051-03-31	sexta-feira	Paixão de Cristo	Nacional	2026-07-09 17:38:33.789199	2026-07-09
2051-04-21	sexta-feira	Tiradentes	Nacional	2026-07-09 17:38:33.789199	2026-07-09
2051-05-01	segunda-feira	Dia do Trabalho	Nacional	2026-07-09 17:38:33.789199	2026-07-09
2051-06-01	quinta-feira	Corpus Christi	Nacional	2026-07-09 17:38:33.789199	2026-07-09
2051-07-09	domingo	Dia da Revolução Constitucionalista de 1932, Data Magna do Estado	Estadual	2026-07-09 17:38:33.795161	2026-07-09
2051-09-07	quinta-feira	Independência do Brasil	Nacional	2026-07-09 17:38:33.789199	2026-07-09
2051-10-12	quinta-feira	Nossa Sr.a Aparecida - Padroeira do Brasil	Nacional	2026-07-09 17:38:33.789199	2026-07-09
2051-11-02	quinta-feira	Finados	Nacional	2026-07-09 17:38:33.789199	2026-07-09
2051-11-15	quarta-feira	Proclamação da República	Nacional	2026-07-09 17:38:33.789199	2026-07-09
2051-11-20	segunda-feira	Dia Nacional de Zumbi e da Consciência Negra	Nacional	2026-07-09 17:38:33.789199	2026-07-09
2051-12-25	segunda-feira	Natal	Nacional	2026-07-09 17:38:33.789199	2026-07-09
2052-01-01	segunda-feira	Confraternização Universal	Nacional	2026-07-09 17:38:33.789199	2026-07-09
2052-03-04	segunda-feira	Carnaval	Nacional	2026-07-09 17:38:33.789199	2026-07-09
2052-03-05	terça-feira	Carnaval	Nacional	2026-07-09 17:38:33.789199	2026-07-09
2052-04-19	sexta-feira	Paixão de Cristo	Nacional	2026-07-09 17:38:33.789199	2026-07-09
2052-04-21	domingo	Tiradentes	Nacional	2026-07-09 17:38:33.789199	2026-07-09
2052-05-01	quarta-feira	Dia do Trabalho	Nacional	2026-07-09 17:38:33.789199	2026-07-09
2052-06-20	quinta-feira	Corpus Christi	Nacional	2026-07-09 17:38:33.789199	2026-07-09
2052-07-09	terça-feira	Dia da Revolução Constitucionalista de 1932, Data Magna do Estado	Estadual	2026-07-09 17:38:33.795166	2026-07-09
2052-09-07	sábado	Independência do Brasil	Nacional	2026-07-09 17:38:33.789199	2026-07-09
2052-10-12	sábado	Nossa Sr.a Aparecida - Padroeira do Brasil	Nacional	2026-07-09 17:38:33.789199	2026-07-09
2052-11-02	sábado	Finados	Nacional	2026-07-09 17:38:33.789199	2026-07-09
2052-11-15	sexta-feira	Proclamação da República	Nacional	2026-07-09 17:38:33.789199	2026-07-09
2052-11-20	quarta-feira	Dia Nacional de Zumbi e da Consciência Negra	Nacional	2026-07-09 17:38:33.789199	2026-07-09
2052-12-25	quarta-feira	Natal	Nacional	2026-07-09 17:38:33.789199	2026-07-09
2053-01-01	quarta-feira	Confraternização Universal	Nacional	2026-07-09 17:38:33.789199	2026-07-09
2053-02-17	segunda-feira	Carnaval	Nacional	2026-07-09 17:38:33.789199	2026-07-09
2053-02-18	terça-feira	Carnaval	Nacional	2026-07-09 17:38:33.789199	2026-07-09
2053-04-04	sexta-feira	Paixão de Cristo	Nacional	2026-07-09 17:38:33.789199	2026-07-09
2053-04-21	segunda-feira	Tiradentes	Nacional	2026-07-09 17:38:33.789199	2026-07-09
2053-05-01	quinta-feira	Dia do Trabalho	Nacional	2026-07-09 17:38:33.789199	2026-07-09
2053-06-05	quinta-feira	Corpus Christi	Nacional	2026-07-09 17:38:33.789199	2026-07-09
2053-07-09	quarta-feira	Dia da Revolução Constitucionalista de 1932, Data Magna do Estado	Estadual	2026-07-09 17:38:33.795170	2026-07-09
2053-09-07	domingo	Independência do Brasil	Nacional	2026-07-09 17:38:33.789199	2026-07-09
2053-10-12	domingo	Nossa Sr.a Aparecida - Padroeira do Brasil	Nacional	2026-07-09 17:38:33.789199	2026-07-09
2053-11-02	domingo	Finados	Nacional	2026-07-09 17:38:33.789199	2026-07-09
2053-11-15	sábado	Proclamação da República	Nacional	2026-07-09 17:38:33.789199	2026-07-09
2053-11-20	quinta-feira	Dia Nacional de Zumbi e da Consciência Negra	Nacional	2026-07-09 17:38:33.789199	2026-07-09
2053-12-25	quinta-feira	Natal	Nacional	2026-07-09 17:38:33.789199	2026-07-09
2054-01-01	quinta-feira	Confraternização Universal	Nacional	2026-07-09 17:38:33.789199	2026-07-09
2054-02-09	segunda-feira	Carnaval	Nacional	2026-07-09 17:38:33.789199	2026-07-09
2054-02-10	terça-feira	Carnaval	Nacional	2026-07-09 17:38:33.789199	2026-07-09
2054-03-27	sexta-feira	Paixão de Cristo	Nacional	2026-07-09 17:38:33.789199	2026-07-09
2054-04-21	terça-feira	Tiradentes	Nacional	2026-07-09 17:38:33.789199	2026-07-09
2054-05-01	sexta-feira	Dia do Trabalho	Nacional	2026-07-09 17:38:33.789199	2026-07-09
2054-05-28	quinta-feira	Corpus Christi	Nacional	2026-07-09 17:38:33.789199	2026-07-09
2054-07-09	quinta-feira	Dia da Revolução Constitucionalista de 1932, Data Magna do Estado	Estadual	2026-07-09 17:38:33.795174	2026-07-09
2054-09-07	segunda-feira	Independência do Brasil	Nacional	2026-07-09 17:38:33.789199	2026-07-09
2054-10-12	segunda-feira	Nossa Sr.a Aparecida - Padroeira do Brasil	Nacional	2026-07-09 17:38:33.789199	2026-07-09
2054-11-02	segunda-feira	Finados	Nacional	2026-07-09 17:38:33.789199	2026-07-09
2054-11-15	domingo	Proclamação da República	Nacional	2026-07-09 17:38:33.789199	2026-07-09
2054-11-20	sexta-feira	Dia Nacional de Zumbi e da Consciência Negra	Nacional	2026-07-09 17:38:33.789199	2026-07-09
2054-12-25	sexta-feira	Natal	Nacional	2026-07-09 17:38:33.789199	2026-07-09
2055-01-01	sexta-feira	Confraternização Universal	Nacional	2026-07-09 17:38:33.789199	2026-07-09
2055-03-01	segunda-feira	Carnaval	Nacional	2026-07-09 17:38:33.789199	2026-07-09
2055-03-02	terça-feira	Carnaval	Nacional	2026-07-09 17:38:33.789199	2026-07-09
2055-04-16	sexta-feira	Paixão de Cristo	Nacional	2026-07-09 17:38:33.789199	2026-07-09
2055-04-21	quarta-feira	Tiradentes	Nacional	2026-07-09 17:38:33.789199	2026-07-09
2055-05-01	sábado	Dia do Trabalho	Nacional	2026-07-09 17:38:33.789199	2026-07-09
2055-06-17	quinta-feira	Corpus Christi	Nacional	2026-07-09 17:38:33.789199	2026-07-09
2055-07-09	sexta-feira	Dia da Revolução Constitucionalista de 1932, Data Magna do Estado	Estadual	2026-07-09 17:38:33.795179	2026-07-09
2055-09-07	terça-feira	Independência do Brasil	Nacional	2026-07-09 17:38:33.789199	2026-07-09
2055-10-12	terça-feira	Nossa Sr.a Aparecida - Padroeira do Brasil	Nacional	2026-07-09 17:38:33.789199	2026-07-09
2055-11-02	terça-feira	Finados	Nacional	2026-07-09 17:38:33.789199	2026-07-09
2055-11-15	segunda-feira	Proclamação da República	Nacional	2026-07-09 17:38:33.789199	2026-07-09
2055-11-20	sábado	Dia Nacional de Zumbi e da Consciência Negra	Nacional	2026-07-09 17:38:33.789199	2026-07-09
2055-12-25	sábado	Natal	Nacional	2026-07-09 17:38:33.789199	2026-07-09
2056-01-01	sábado	Confraternização Universal	Nacional	2026-07-09 17:38:33.789199	2026-07-09
2056-02-14	segunda-feira	Carnaval	Nacional	2026-07-09 17:38:33.789199	2026-07-09
2056-02-15	terça-feira	Carnaval	Nacional	2026-07-09 17:38:33.789199	2026-07-09
2056-03-31	sexta-feira	Paixão de Cristo	Nacional	2026-07-09 17:38:33.789199	2026-07-09
2056-04-21	sexta-feira	Tiradentes	Nacional	2026-07-09 17:38:33.789199	2026-07-09
2056-05-01	segunda-feira	Dia do Trabalho	Nacional	2026-07-09 17:38:33.789199	2026-07-09
2056-06-01	quinta-feira	Corpus Christi	Nacional	2026-07-09 17:38:33.789199	2026-07-09
2056-07-09	domingo	Dia da Revolução Constitucionalista de 1932, Data Magna do Estado	Estadual	2026-07-09 17:38:33.795183	2026-07-09
2056-09-07	quinta-feira	Independência do Brasil	Nacional	2026-07-09 17:38:33.789199	2026-07-09
2056-10-12	quinta-feira	Nossa Sr.a Aparecida - Padroeira do Brasil	Nacional	2026-07-09 17:38:33.789199	2026-07-09
2056-11-02	quinta-feira	Finados	Nacional	2026-07-09 17:38:33.789199	2026-07-09
2056-11-15	quarta-feira	Proclamação da República	Nacional	2026-07-09 17:38:33.789199	2026-07-09
2056-11-20	segunda-feira	Dia Nacional de Zumbi e da Consciência Negra	Nacional	2026-07-09 17:38:33.789199	2026-07-09
2056-12-25	segunda-feira	Natal	Nacional	2026-07-09 17:38:33.789199	2026-07-09
2057-01-01	segunda-feira	Confraternização Universal	Nacional	2026-07-09 17:38:33.789199	2026-07-09
2057-03-05	segunda-feira	Carnaval	Nacional	2026-07-09 17:38:33.789199	2026-07-09
2057-03-06	terça-feira	Carnaval	Nacional	2026-07-09 17:38:33.789199	2026-07-09
2057-04-20	sexta-feira	Paixão de Cristo	Nacional	2026-07-09 17:38:33.789199	2026-07-09
2057-04-21	sábado	Tiradentes	Nacional	2026-07-09 17:38:33.789199	2026-07-09
2057-05-01	terça-feira	Dia do Trabalho	Nacional	2026-07-09 17:38:33.789199	2026-07-09
2057-06-21	quinta-feira	Corpus Christi	Nacional	2026-07-09 17:38:33.789199	2026-07-09
2057-07-09	segunda-feira	Dia da Revolução Constitucionalista de 1932, Data Magna do Estado	Estadual	2026-07-09 17:38:33.795187	2026-07-09
2057-09-07	sexta-feira	Independência do Brasil	Nacional	2026-07-09 17:38:33.789199	2026-07-09
2057-10-12	sexta-feira	Nossa Sr.a Aparecida - Padroeira do Brasil	Nacional	2026-07-09 17:38:33.789199	2026-07-09
2057-11-02	sexta-feira	Finados	Nacional	2026-07-09 17:38:33.789199	2026-07-09
2057-11-15	quinta-feira	Proclamação da República	Nacional	2026-07-09 17:38:33.789199	2026-07-09
2057-11-20	terça-feira	Dia Nacional de Zumbi e da Consciência Negra	Nacional	2026-07-09 17:38:33.789199	2026-07-09
2057-12-25	terça-feira	Natal	Nacional	2026-07-09 17:38:33.789199	2026-07-09
2058-01-01	terça-feira	Confraternização Universal	Nacional	2026-07-09 17:38:33.789199	2026-07-09
2058-02-25	segunda-feira	Carnaval	Nacional	2026-07-09 17:38:33.789199	2026-07-09
2058-02-26	terça-feira	Carnaval	Nacional	2026-07-09 17:38:33.789199	2026-07-09
2058-04-12	sexta-feira	Paixão de Cristo	Nacional	2026-07-09 17:38:33.789199	2026-07-09
2058-04-21	domingo	Tiradentes	Nacional	2026-07-09 17:38:33.789199	2026-07-09
2058-05-01	quarta-feira	Dia do Trabalho	Nacional	2026-07-09 17:38:33.789199	2026-07-09
2058-06-13	quinta-feira	Corpus Christi	Nacional	2026-07-09 17:38:33.789199	2026-07-09
2058-07-09	terça-feira	Dia da Revolução Constitucionalista de 1932, Data Magna do Estado	Estadual	2026-07-09 17:38:33.795192	2026-07-09
2058-09-07	sábado	Independência do Brasil	Nacional	2026-07-09 17:38:33.789199	2026-07-09
2058-10-12	sábado	Nossa Sr.a Aparecida - Padroeira do Brasil	Nacional	2026-07-09 17:38:33.789199	2026-07-09
2058-11-02	sábado	Finados	Nacional	2026-07-09 17:38:33.789199	2026-07-09
2058-11-15	sexta-feira	Proclamação da República	Nacional	2026-07-09 17:38:33.789199	2026-07-09
2058-11-20	quarta-feira	Dia Nacional de Zumbi e da Consciência Negra	Nacional	2026-07-09 17:38:33.789199	2026-07-09
2058-12-25	quarta-feira	Natal	Nacional	2026-07-09 17:38:33.789199	2026-07-09
2059-01-01	quarta-feira	Confraternização Universal	Nacional	2026-07-09 17:38:33.789199	2026-07-09
2059-02-10	segunda-feira	Carnaval	Nacional	2026-07-09 17:38:33.789199	2026-07-09
2059-02-11	terça-feira	Carnaval	Nacional	2026-07-09 17:38:33.789199	2026-07-09
2059-03-28	sexta-feira	Paixão de Cristo	Nacional	2026-07-09 17:38:33.789199	2026-07-09
2059-04-21	segunda-feira	Tiradentes	Nacional	2026-07-09 17:38:33.789199	2026-07-09
2059-05-01	quinta-feira	Dia do Trabalho	Nacional	2026-07-09 17:38:33.789199	2026-07-09
2059-05-29	quinta-feira	Corpus Christi	Nacional	2026-07-09 17:38:33.789199	2026-07-09
2059-07-09	quarta-feira	Dia da Revolução Constitucionalista de 1932, Data Magna do Estado	Estadual	2026-07-09 17:38:33.795196	2026-07-09
2059-09-07	domingo	Independência do Brasil	Nacional	2026-07-09 17:38:33.789199	2026-07-09
2059-10-12	domingo	Nossa Sr.a Aparecida - Padroeira do Brasil	Nacional	2026-07-09 17:38:33.789199	2026-07-09
2059-11-02	domingo	Finados	Nacional	2026-07-09 17:38:33.789199	2026-07-09
2059-11-15	sábado	Proclamação da República	Nacional	2026-07-09 17:38:33.789199	2026-07-09
2059-11-20	quinta-feira	Dia Nacional de Zumbi e da Consciência Negra	Nacional	2026-07-09 17:38:33.789199	2026-07-09
2059-12-25	quinta-feira	Natal	Nacional	2026-07-09 17:38:33.789199	2026-07-09
2060-01-01	quinta-feira	Confraternização Universal	Nacional	2026-07-09 17:38:33.789199	2026-07-09
2060-03-01	segunda-feira	Carnaval	Nacional	2026-07-09 17:38:33.789199	2026-07-09
2060-03-02	terça-feira	Carnaval	Nacional	2026-07-09 17:38:33.789199	2026-07-09
2060-04-16	sexta-feira	Paixão de Cristo	Nacional	2026-07-09 17:38:33.789199	2026-07-09
2060-04-21	quarta-feira	Tiradentes	Nacional	2026-07-09 17:38:33.789199	2026-07-09
2060-05-01	sábado	Dia do Trabalho	Nacional	2026-07-09 17:38:33.789199	2026-07-09
2060-06-17	quinta-feira	Corpus Christi	Nacional	2026-07-09 17:38:33.789199	2026-07-09
2060-07-09	sexta-feira	Dia da Revolução Constitucionalista de 1932, Data Magna do Estado	Estadual	2026-07-09 17:38:33.795201	2026-07-09
2060-09-07	terça-feira	Independência do Brasil	Nacional	2026-07-09 17:38:33.789199	2026-07-09
2060-10-12	terça-feira	Nossa Sr.a Aparecida - Padroeira do Brasil	Nacional	2026-07-09 17:38:33.789199	2026-07-09
2060-11-02	terça-feira	Finados	Nacional	2026-07-09 17:38:33.789199	2026-07-09
2060-11-15	segunda-feira	Proclamação da República	Nacional	2026-07-09 17:38:33.789199	2026-07-09
2060-11-20	sábado	Dia Nacional de Zumbi e da Consciência Negra	Nacional	2026-07-09 17:38:33.789199	2026-07-09
2060-12-25	sábado	Natal	Nacional	2026-07-09 17:38:33.789199	2026-07-09
2061-01-01	sábado	Confraternização Universal	Nacional	2026-07-09 17:38:33.789199	2026-07-09
2061-02-21	segunda-feira	Carnaval	Nacional	2026-07-09 17:38:33.789199	2026-07-09
2061-02-22	terça-feira	Carnaval	Nacional	2026-07-09 17:38:33.789199	2026-07-09
2061-04-08	sexta-feira	Paixão de Cristo	Nacional	2026-07-09 17:38:33.789199	2026-07-09
2061-04-21	quinta-feira	Tiradentes	Nacional	2026-07-09 17:38:33.789199	2026-07-09
2061-05-01	domingo	Dia do Trabalho	Nacional	2026-07-09 17:38:33.789199	2026-07-09
2061-06-09	quinta-feira	Corpus Christi	Nacional	2026-07-09 17:38:33.789199	2026-07-09
2061-07-09	sábado	Dia da Revolução Constitucionalista de 1932, Data Magna do Estado	Estadual	2026-07-09 17:38:33.795205	2026-07-09
2061-09-07	quarta-feira	Independência do Brasil	Nacional	2026-07-09 17:38:33.789199	2026-07-09
2061-10-12	quarta-feira	Nossa Sr.a Aparecida - Padroeira do Brasil	Nacional	2026-07-09 17:38:33.789199	2026-07-09
2061-11-02	quarta-feira	Finados	Nacional	2026-07-09 17:38:33.789199	2026-07-09
2061-11-15	terça-feira	Proclamação da República	Nacional	2026-07-09 17:38:33.789199	2026-07-09
2061-11-20	domingo	Dia Nacional de Zumbi e da Consciência Negra	Nacional	2026-07-09 17:38:33.789199	2026-07-09
2061-12-25	domingo	Natal	Nacional	2026-07-09 17:38:33.789199	2026-07-09
2062-01-01	domingo	Confraternização Universal	Nacional	2026-07-09 17:38:33.789199	2026-07-09
2062-02-06	segunda-feira	Carnaval	Nacional	2026-07-09 17:38:33.789199	2026-07-09
2062-02-07	terça-feira	Carnaval	Nacional	2026-07-09 17:38:33.789199	2026-07-09
2062-03-24	sexta-feira	Paixão de Cristo	Nacional	2026-07-09 17:38:33.789199	2026-07-09
2062-04-21	sexta-feira	Tiradentes	Nacional	2026-07-09 17:38:33.789199	2026-07-09
2062-05-01	segunda-feira	Dia do Trabalho	Nacional	2026-07-09 17:38:33.789199	2026-07-09
2062-05-25	quinta-feira	Corpus Christi	Nacional	2026-07-09 17:38:33.789199	2026-07-09
2062-07-09	domingo	Dia da Revolução Constitucionalista de 1932, Data Magna do Estado	Estadual	2026-07-09 17:38:33.795210	2026-07-09
2062-09-07	quinta-feira	Independência do Brasil	Nacional	2026-07-09 17:38:33.789199	2026-07-09
2062-10-12	quinta-feira	Nossa Sr.a Aparecida - Padroeira do Brasil	Nacional	2026-07-09 17:38:33.789199	2026-07-09
2062-11-02	quinta-feira	Finados	Nacional	2026-07-09 17:38:33.789199	2026-07-09
2062-11-15	quarta-feira	Proclamação da República	Nacional	2026-07-09 17:38:33.789199	2026-07-09
2062-11-20	segunda-feira	Dia Nacional de Zumbi e da Consciência Negra	Nacional	2026-07-09 17:38:33.789199	2026-07-09
2062-12-25	segunda-feira	Natal	Nacional	2026-07-09 17:38:33.789199	2026-07-09
2063-01-01	segunda-feira	Confraternização Universal	Nacional	2026-07-09 17:38:33.789199	2026-07-09
2063-02-26	segunda-feira	Carnaval	Nacional	2026-07-09 17:38:33.789199	2026-07-09
2063-02-27	terça-feira	Carnaval	Nacional	2026-07-09 17:38:33.789199	2026-07-09
2063-04-13	sexta-feira	Paixão de Cristo	Nacional	2026-07-09 17:38:33.789199	2026-07-09
2063-04-21	sábado	Tiradentes	Nacional	2026-07-09 17:38:33.789199	2026-07-09
2063-05-01	terça-feira	Dia do Trabalho	Nacional	2026-07-09 17:38:33.789199	2026-07-09
2063-06-14	quinta-feira	Corpus Christi	Nacional	2026-07-09 17:38:33.789199	2026-07-09
2063-07-09	segunda-feira	Dia da Revolução Constitucionalista de 1932, Data Magna do Estado	Estadual	2026-07-09 17:38:33.795215	2026-07-09
2063-09-07	sexta-feira	Independência do Brasil	Nacional	2026-07-09 17:38:33.789199	2026-07-09
2063-10-12	sexta-feira	Nossa Sr.a Aparecida - Padroeira do Brasil	Nacional	2026-07-09 17:38:33.789199	2026-07-09
2063-11-02	sexta-feira	Finados	Nacional	2026-07-09 17:38:33.789199	2026-07-09
2063-11-15	quinta-feira	Proclamação da República	Nacional	2026-07-09 17:38:33.789199	2026-07-09
2063-11-20	terça-feira	Dia Nacional de Zumbi e da Consciência Negra	Nacional	2026-07-09 17:38:33.789199	2026-07-09
2063-12-25	terça-feira	Natal	Nacional	2026-07-09 17:38:33.789199	2026-07-09
2064-01-01	terça-feira	Confraternização Universal	Nacional	2026-07-09 17:38:33.789199	2026-07-09
2064-02-18	segunda-feira	Carnaval	Nacional	2026-07-09 17:38:33.789199	2026-07-09
2064-02-19	terça-feira	Carnaval	Nacional	2026-07-09 17:38:33.789199	2026-07-09
2064-04-04	sexta-feira	Paixão de Cristo	Nacional	2026-07-09 17:38:33.789199	2026-07-09
2064-04-21	segunda-feira	Tiradentes	Nacional	2026-07-09 17:38:33.789199	2026-07-09
2064-05-01	quinta-feira	Dia do Trabalho	Nacional	2026-07-09 17:38:33.789199	2026-07-09
2064-06-05	quinta-feira	Corpus Christi	Nacional	2026-07-09 17:38:33.789199	2026-07-09
2064-07-09	quarta-feira	Dia da Revolução Constitucionalista de 1932, Data Magna do Estado	Estadual	2026-07-09 17:38:33.795219	2026-07-09
2064-09-07	domingo	Independência do Brasil	Nacional	2026-07-09 17:38:33.789199	2026-07-09
2064-10-12	domingo	Nossa Sr.a Aparecida - Padroeira do Brasil	Nacional	2026-07-09 17:38:33.789199	2026-07-09
2064-11-02	domingo	Finados	Nacional	2026-07-09 17:38:33.789199	2026-07-09
2064-11-15	sábado	Proclamação da República	Nacional	2026-07-09 17:38:33.789199	2026-07-09
2064-11-20	quinta-feira	Dia Nacional de Zumbi e da Consciência Negra	Nacional	2026-07-09 17:38:33.789199	2026-07-09
2064-12-25	quinta-feira	Natal	Nacional	2026-07-09 17:38:33.789199	2026-07-09
2065-01-01	quinta-feira	Confraternização Universal	Nacional	2026-07-09 17:38:33.789199	2026-07-09
2065-02-09	segunda-feira	Carnaval	Nacional	2026-07-09 17:38:33.789199	2026-07-09
2065-02-10	terça-feira	Carnaval	Nacional	2026-07-09 17:38:33.789199	2026-07-09
2065-03-27	sexta-feira	Paixão de Cristo	Nacional	2026-07-09 17:38:33.789199	2026-07-09
2065-04-21	terça-feira	Tiradentes	Nacional	2026-07-09 17:38:33.789199	2026-07-09
2065-05-01	sexta-feira	Dia do Trabalho	Nacional	2026-07-09 17:38:33.789199	2026-07-09
2065-05-28	quinta-feira	Corpus Christi	Nacional	2026-07-09 17:38:33.789199	2026-07-09
2065-07-09	quinta-feira	Dia da Revolução Constitucionalista de 1932, Data Magna do Estado	Estadual	2026-07-09 17:38:33.795223	2026-07-09
2065-09-07	segunda-feira	Independência do Brasil	Nacional	2026-07-09 17:38:33.789199	2026-07-09
2065-10-12	segunda-feira	Nossa Sr.a Aparecida - Padroeira do Brasil	Nacional	2026-07-09 17:38:33.789199	2026-07-09
2065-11-02	segunda-feira	Finados	Nacional	2026-07-09 17:38:33.789199	2026-07-09
2065-11-15	domingo	Proclamação da República	Nacional	2026-07-09 17:38:33.789199	2026-07-09
2065-11-20	sexta-feira	Dia Nacional de Zumbi e da Consciência Negra	Nacional	2026-07-09 17:38:33.789199	2026-07-09
2065-12-25	sexta-feira	Natal	Nacional	2026-07-09 17:38:33.789199	2026-07-09
2066-01-01	sexta-feira	Confraternização Universal	Nacional	2026-07-09 17:38:33.789199	2026-07-09
2066-02-22	segunda-feira	Carnaval	Nacional	2026-07-09 17:38:33.789199	2026-07-09
2066-02-23	terça-feira	Carnaval	Nacional	2026-07-09 17:38:33.789199	2026-07-09
2066-04-09	sexta-feira	Paixão de Cristo	Nacional	2026-07-09 17:38:33.789199	2026-07-09
2066-04-21	quarta-feira	Tiradentes	Nacional	2026-07-09 17:38:33.789199	2026-07-09
2066-05-01	sábado	Dia do Trabalho	Nacional	2026-07-09 17:38:33.789199	2026-07-09
2066-06-10	quinta-feira	Corpus Christi	Nacional	2026-07-09 17:38:33.789199	2026-07-09
2066-07-09	sexta-feira	Dia da Revolução Constitucionalista de 1932, Data Magna do Estado	Estadual	2026-07-09 17:38:33.795228	2026-07-09
2066-09-07	terça-feira	Independência do Brasil	Nacional	2026-07-09 17:38:33.789199	2026-07-09
2066-10-12	terça-feira	Nossa Sr.a Aparecida - Padroeira do Brasil	Nacional	2026-07-09 17:38:33.789199	2026-07-09
2066-11-02	terça-feira	Finados	Nacional	2026-07-09 17:38:33.789199	2026-07-09
2066-11-15	segunda-feira	Proclamação da República	Nacional	2026-07-09 17:38:33.789199	2026-07-09
2066-11-20	sábado	Dia Nacional de Zumbi e da Consciência Negra	Nacional	2026-07-09 17:38:33.789199	2026-07-09
2066-12-25	sábado	Natal	Nacional	2026-07-09 17:38:33.789199	2026-07-09
2067-01-01	sábado	Confraternização Universal	Nacional	2026-07-09 17:38:33.789199	2026-07-09
2067-02-14	segunda-feira	Carnaval	Nacional	2026-07-09 17:38:33.789199	2026-07-09
2067-02-15	terça-feira	Carnaval	Nacional	2026-07-09 17:38:33.789199	2026-07-09
2067-04-01	sexta-feira	Paixão de Cristo	Nacional	2026-07-09 17:38:33.789199	2026-07-09
2067-04-21	quinta-feira	Tiradentes	Nacional	2026-07-09 17:38:33.789199	2026-07-09
2067-05-01	domingo	Dia do Trabalho	Nacional	2026-07-09 17:38:33.789199	2026-07-09
2067-06-02	quinta-feira	Corpus Christi	Nacional	2026-07-09 17:38:33.789199	2026-07-09
2067-07-09	sábado	Dia da Revolução Constitucionalista de 1932, Data Magna do Estado	Estadual	2026-07-09 17:38:33.795232	2026-07-09
2067-09-07	quarta-feira	Independência do Brasil	Nacional	2026-07-09 17:38:33.789199	2026-07-09
2067-10-12	quarta-feira	Nossa Sr.a Aparecida - Padroeira do Brasil	Nacional	2026-07-09 17:38:33.789199	2026-07-09
2067-11-02	quarta-feira	Finados	Nacional	2026-07-09 17:38:33.789199	2026-07-09
2067-11-15	terça-feira	Proclamação da República	Nacional	2026-07-09 17:38:33.789199	2026-07-09
2067-11-20	domingo	Dia Nacional de Zumbi e da Consciência Negra	Nacional	2026-07-09 17:38:33.789199	2026-07-09
2067-12-25	domingo	Natal	Nacional	2026-07-09 17:38:33.789199	2026-07-09
2068-01-01	domingo	Confraternização Universal	Nacional	2026-07-09 17:38:33.789199	2026-07-09
2068-03-05	segunda-feira	Carnaval	Nacional	2026-07-09 17:38:33.789199	2026-07-09
2068-03-06	terça-feira	Carnaval	Nacional	2026-07-09 17:38:33.789199	2026-07-09
2068-04-20	sexta-feira	Paixão de Cristo	Nacional	2026-07-09 17:38:33.789199	2026-07-09
2068-04-21	sábado	Tiradentes	Nacional	2026-07-09 17:38:33.789199	2026-07-09
2068-05-01	terça-feira	Dia do Trabalho	Nacional	2026-07-09 17:38:33.789199	2026-07-09
2068-06-21	quinta-feira	Corpus Christi	Nacional	2026-07-09 17:38:33.789199	2026-07-09
2068-07-09	segunda-feira	Dia da Revolução Constitucionalista de 1932, Data Magna do Estado	Estadual	2026-07-09 17:38:33.795237	2026-07-09
2068-09-07	sexta-feira	Independência do Brasil	Nacional	2026-07-09 17:38:33.789199	2026-07-09
2068-10-12	sexta-feira	Nossa Sr.a Aparecida - Padroeira do Brasil	Nacional	2026-07-09 17:38:33.789199	2026-07-09
2068-11-02	sexta-feira	Finados	Nacional	2026-07-09 17:38:33.789199	2026-07-09
2068-11-15	quinta-feira	Proclamação da República	Nacional	2026-07-09 17:38:33.789199	2026-07-09
2068-11-20	terça-feira	Dia Nacional de Zumbi e da Consciência Negra	Nacional	2026-07-09 17:38:33.789199	2026-07-09
2068-12-25	terça-feira	Natal	Nacional	2026-07-09 17:38:33.789199	2026-07-09
2069-01-01	terça-feira	Confraternização Universal	Nacional	2026-07-09 17:38:33.789199	2026-07-09
2069-02-25	segunda-feira	Carnaval	Nacional	2026-07-09 17:38:33.789199	2026-07-09
2069-02-26	terça-feira	Carnaval	Nacional	2026-07-09 17:38:33.789199	2026-07-09
2069-04-12	sexta-feira	Paixão de Cristo	Nacional	2026-07-09 17:38:33.789199	2026-07-09
2069-04-21	domingo	Tiradentes	Nacional	2026-07-09 17:38:33.789199	2026-07-09
2069-05-01	quarta-feira	Dia do Trabalho	Nacional	2026-07-09 17:38:33.789199	2026-07-09
2069-06-13	quinta-feira	Corpus Christi	Nacional	2026-07-09 17:38:33.789199	2026-07-09
2069-07-09	terça-feira	Dia da Revolução Constitucionalista de 1932, Data Magna do Estado	Estadual	2026-07-09 17:38:33.795241	2026-07-09
2069-09-07	sábado	Independência do Brasil	Nacional	2026-07-09 17:38:33.789199	2026-07-09
2069-10-12	sábado	Nossa Sr.a Aparecida - Padroeira do Brasil	Nacional	2026-07-09 17:38:33.789199	2026-07-09
2069-11-02	sábado	Finados	Nacional	2026-07-09 17:38:33.789199	2026-07-09
2069-11-15	sexta-feira	Proclamação da República	Nacional	2026-07-09 17:38:33.789199	2026-07-09
2069-11-20	quarta-feira	Dia Nacional de Zumbi e da Consciência Negra	Nacional	2026-07-09 17:38:33.789199	2026-07-09
2069-12-25	quarta-feira	Natal	Nacional	2026-07-09 17:38:33.789199	2026-07-09
2070-01-01	quarta-feira	Confraternização Universal	Nacional	2026-07-09 17:38:33.789199	2026-07-09
2070-02-10	segunda-feira	Carnaval	Nacional	2026-07-09 17:38:33.789199	2026-07-09
2070-02-11	terça-feira	Carnaval	Nacional	2026-07-09 17:38:33.789199	2026-07-09
2070-03-28	sexta-feira	Paixão de Cristo	Nacional	2026-07-09 17:38:33.789199	2026-07-09
2070-04-21	segunda-feira	Tiradentes	Nacional	2026-07-09 17:38:33.789199	2026-07-09
2070-05-01	quinta-feira	Dia do Trabalho	Nacional	2026-07-09 17:38:33.789199	2026-07-09
2070-05-29	quinta-feira	Corpus Christi	Nacional	2026-07-09 17:38:33.789199	2026-07-09
2070-07-09	quarta-feira	Dia da Revolução Constitucionalista de 1932, Data Magna do Estado	Estadual	2026-07-09 17:38:33.795245	2026-07-09
2070-09-07	domingo	Independência do Brasil	Nacional	2026-07-09 17:38:33.789199	2026-07-09
2070-10-12	domingo	Nossa Sr.a Aparecida - Padroeira do Brasil	Nacional	2026-07-09 17:38:33.789199	2026-07-09
2070-11-02	domingo	Finados	Nacional	2026-07-09 17:38:33.789199	2026-07-09
2070-11-15	sábado	Proclamação da República	Nacional	2026-07-09 17:38:33.789199	2026-07-09
2070-11-20	quinta-feira	Dia Nacional de Zumbi e da Consciência Negra	Nacional	2026-07-09 17:38:33.789199	2026-07-09
2070-12-25	quinta-feira	Natal	Nacional	2026-07-09 17:38:33.789199	2026-07-09
2071-01-01	quinta-feira	Confraternização Universal	Nacional	2026-07-09 17:38:33.789199	2026-07-09
2071-03-02	segunda-feira	Carnaval	Nacional	2026-07-09 17:38:33.789199	2026-07-09
2071-03-03	terça-feira	Carnaval	Nacional	2026-07-09 17:38:33.789199	2026-07-09
2071-04-17	sexta-feira	Paixão de Cristo	Nacional	2026-07-09 17:38:33.789199	2026-07-09
2071-04-21	terça-feira	Tiradentes	Nacional	2026-07-09 17:38:33.789199	2026-07-09
2071-05-01	sexta-feira	Dia do Trabalho	Nacional	2026-07-09 17:38:33.789199	2026-07-09
2071-06-18	quinta-feira	Corpus Christi	Nacional	2026-07-09 17:38:33.789199	2026-07-09
2071-07-09	quinta-feira	Dia da Revolução Constitucionalista de 1932, Data Magna do Estado	Estadual	2026-07-09 17:38:33.795249	2026-07-09
2071-09-07	segunda-feira	Independência do Brasil	Nacional	2026-07-09 17:38:33.789199	2026-07-09
2071-10-12	segunda-feira	Nossa Sr.a Aparecida - Padroeira do Brasil	Nacional	2026-07-09 17:38:33.789199	2026-07-09
2071-11-02	segunda-feira	Finados	Nacional	2026-07-09 17:38:33.789199	2026-07-09
2071-11-15	domingo	Proclamação da República	Nacional	2026-07-09 17:38:33.789199	2026-07-09
2071-11-20	sexta-feira	Dia Nacional de Zumbi e da Consciência Negra	Nacional	2026-07-09 17:38:33.789199	2026-07-09
2071-12-25	sexta-feira	Natal	Nacional	2026-07-09 17:38:33.789199	2026-07-09
2072-01-01	sexta-feira	Confraternização Universal	Nacional	2026-07-09 17:38:33.789199	2026-07-09
2072-02-22	segunda-feira	Carnaval	Nacional	2026-07-09 17:38:33.789199	2026-07-09
2072-02-23	terça-feira	Carnaval	Nacional	2026-07-09 17:38:33.789199	2026-07-09
2072-04-08	sexta-feira	Paixão de Cristo	Nacional	2026-07-09 17:38:33.789199	2026-07-09
2072-04-21	quinta-feira	Tiradentes	Nacional	2026-07-09 17:38:33.789199	2026-07-09
2072-05-01	domingo	Dia do Trabalho	Nacional	2026-07-09 17:38:33.789199	2026-07-09
2072-06-09	quinta-feira	Corpus Christi	Nacional	2026-07-09 17:38:33.789199	2026-07-09
2072-07-09	sábado	Dia da Revolução Constitucionalista de 1932, Data Magna do Estado	Estadual	2026-07-09 17:38:33.795254	2026-07-09
2072-09-07	quarta-feira	Independência do Brasil	Nacional	2026-07-09 17:38:33.789199	2026-07-09
2072-10-12	quarta-feira	Nossa Sr.a Aparecida - Padroeira do Brasil	Nacional	2026-07-09 17:38:33.789199	2026-07-09
2072-11-02	quarta-feira	Finados	Nacional	2026-07-09 17:38:33.789199	2026-07-09
2072-11-15	terça-feira	Proclamação da República	Nacional	2026-07-09 17:38:33.789199	2026-07-09
2072-11-20	domingo	Dia Nacional de Zumbi e da Consciência Negra	Nacional	2026-07-09 17:38:33.789199	2026-07-09
2072-12-25	domingo	Natal	Nacional	2026-07-09 17:38:33.789199	2026-07-09
2073-01-01	domingo	Confraternização Universal	Nacional	2026-07-09 17:38:33.789199	2026-07-09
2073-02-06	segunda-feira	Carnaval	Nacional	2026-07-09 17:38:33.789199	2026-07-09
2073-02-07	terça-feira	Carnaval	Nacional	2026-07-09 17:38:33.789199	2026-07-09
2073-03-24	sexta-feira	Paixão de Cristo	Nacional	2026-07-09 17:38:33.789199	2026-07-09
2073-04-21	sexta-feira	Tiradentes	Nacional	2026-07-09 17:38:33.789199	2026-07-09
2073-05-01	segunda-feira	Dia do Trabalho	Nacional	2026-07-09 17:38:33.789199	2026-07-09
2073-05-25	quinta-feira	Corpus Christi	Nacional	2026-07-09 17:38:33.789199	2026-07-09
2073-07-09	domingo	Dia da Revolução Constitucionalista de 1932, Data Magna do Estado	Estadual	2026-07-09 17:38:33.795258	2026-07-09
2073-09-07	quinta-feira	Independência do Brasil	Nacional	2026-07-09 17:38:33.789199	2026-07-09
2073-10-12	quinta-feira	Nossa Sr.a Aparecida - Padroeira do Brasil	Nacional	2026-07-09 17:38:33.789199	2026-07-09
2073-11-02	quinta-feira	Finados	Nacional	2026-07-09 17:38:33.789199	2026-07-09
2073-11-15	quarta-feira	Proclamação da República	Nacional	2026-07-09 17:38:33.789199	2026-07-09
2073-11-20	segunda-feira	Dia Nacional de Zumbi e da Consciência Negra	Nacional	2026-07-09 17:38:33.789199	2026-07-09
2073-12-25	segunda-feira	Natal	Nacional	2026-07-09 17:38:33.789199	2026-07-09
2074-01-01	segunda-feira	Confraternização Universal	Nacional	2026-07-09 17:38:33.789199	2026-07-09
2074-02-26	segunda-feira	Carnaval	Nacional	2026-07-09 17:38:33.789199	2026-07-09
2074-02-27	terça-feira	Carnaval	Nacional	2026-07-09 17:38:33.789199	2026-07-09
2074-04-13	sexta-feira	Paixão de Cristo	Nacional	2026-07-09 17:38:33.789199	2026-07-09
2074-04-21	sábado	Tiradentes	Nacional	2026-07-09 17:38:33.789199	2026-07-09
2074-05-01	terça-feira	Dia do Trabalho	Nacional	2026-07-09 17:38:33.789199	2026-07-09
2074-06-14	quinta-feira	Corpus Christi	Nacional	2026-07-09 17:38:33.789199	2026-07-09
2074-07-09	segunda-feira	Dia da Revolução Constitucionalista de 1932, Data Magna do Estado	Estadual	2026-07-09 17:38:33.795263	2026-07-09
2074-09-07	sexta-feira	Independência do Brasil	Nacional	2026-07-09 17:38:33.789199	2026-07-09
2074-10-12	sexta-feira	Nossa Sr.a Aparecida - Padroeira do Brasil	Nacional	2026-07-09 17:38:33.789199	2026-07-09
2074-11-02	sexta-feira	Finados	Nacional	2026-07-09 17:38:33.789199	2026-07-09
2074-11-15	quinta-feira	Proclamação da República	Nacional	2026-07-09 17:38:33.789199	2026-07-09
2074-11-20	terça-feira	Dia Nacional de Zumbi e da Consciência Negra	Nacional	2026-07-09 17:38:33.789199	2026-07-09
2074-12-25	terça-feira	Natal	Nacional	2026-07-09 17:38:33.789199	2026-07-09
2075-01-01	terça-feira	Confraternização Universal	Nacional	2026-07-09 17:38:33.789199	2026-07-09
2075-02-18	segunda-feira	Carnaval	Nacional	2026-07-09 17:38:33.789199	2026-07-09
2075-02-19	terça-feira	Carnaval	Nacional	2026-07-09 17:38:33.789199	2026-07-09
2075-04-05	sexta-feira	Paixão de Cristo	Nacional	2026-07-09 17:38:33.789199	2026-07-09
2075-04-21	domingo	Tiradentes	Nacional	2026-07-09 17:38:33.789199	2026-07-09
2075-05-01	quarta-feira	Dia do Trabalho	Nacional	2026-07-09 17:38:33.789199	2026-07-09
2075-06-06	quinta-feira	Corpus Christi	Nacional	2026-07-09 17:38:33.789199	2026-07-09
2075-07-09	terça-feira	Dia da Revolução Constitucionalista de 1932, Data Magna do Estado	Estadual	2026-07-09 17:38:33.795267	2026-07-09
2075-09-07	sábado	Independência do Brasil	Nacional	2026-07-09 17:38:33.789199	2026-07-09
2075-10-12	sábado	Nossa Sr.a Aparecida - Padroeira do Brasil	Nacional	2026-07-09 17:38:33.789199	2026-07-09
2075-11-02	sábado	Finados	Nacional	2026-07-09 17:38:33.789199	2026-07-09
2075-11-15	sexta-feira	Proclamação da República	Nacional	2026-07-09 17:38:33.789199	2026-07-09
2075-11-20	quarta-feira	Dia Nacional de Zumbi e da Consciência Negra	Nacional	2026-07-09 17:38:33.789199	2026-07-09
2075-12-25	quarta-feira	Natal	Nacional	2026-07-09 17:38:33.789199	2026-07-09
2076-01-01	quarta-feira	Confraternização Universal	Nacional	2026-07-09 17:38:33.789199	2026-07-09
2076-03-02	segunda-feira	Carnaval	Nacional	2026-07-09 17:38:33.789199	2026-07-09
2076-03-03	terça-feira	Carnaval	Nacional	2026-07-09 17:38:33.789199	2026-07-09
2076-04-17	sexta-feira	Paixão de Cristo	Nacional	2026-07-09 17:38:33.789199	2026-07-09
2076-04-21	terça-feira	Tiradentes	Nacional	2026-07-09 17:38:33.789199	2026-07-09
2076-05-01	sexta-feira	Dia do Trabalho	Nacional	2026-07-09 17:38:33.789199	2026-07-09
2076-06-18	quinta-feira	Corpus Christi	Nacional	2026-07-09 17:38:33.789199	2026-07-09
2076-07-09	quinta-feira	Dia da Revolução Constitucionalista de 1932, Data Magna do Estado	Estadual	2026-07-09 17:38:33.795272	2026-07-09
2076-09-07	segunda-feira	Independência do Brasil	Nacional	2026-07-09 17:38:33.789199	2026-07-09
2076-10-12	segunda-feira	Nossa Sr.a Aparecida - Padroeira do Brasil	Nacional	2026-07-09 17:38:33.789199	2026-07-09
2076-11-02	segunda-feira	Finados	Nacional	2026-07-09 17:38:33.789199	2026-07-09
2076-11-15	domingo	Proclamação da República	Nacional	2026-07-09 17:38:33.789199	2026-07-09
2076-11-20	sexta-feira	Dia Nacional de Zumbi e da Consciência Negra	Nacional	2026-07-09 17:38:33.789199	2026-07-09
2076-12-25	sexta-feira	Natal	Nacional	2026-07-09 17:38:33.789199	2026-07-09
2077-01-01	sexta-feira	Confraternização Universal	Nacional	2026-07-09 17:38:33.789199	2026-07-09
2077-02-22	segunda-feira	Carnaval	Nacional	2026-07-09 17:38:33.789199	2026-07-09
2077-02-23	terça-feira	Carnaval	Nacional	2026-07-09 17:38:33.789199	2026-07-09
2077-04-09	sexta-feira	Paixão de Cristo	Nacional	2026-07-09 17:38:33.789199	2026-07-09
2077-04-21	quarta-feira	Tiradentes	Nacional	2026-07-09 17:38:33.789199	2026-07-09
2077-05-01	sábado	Dia do Trabalho	Nacional	2026-07-09 17:38:33.789199	2026-07-09
2077-06-10	quinta-feira	Corpus Christi	Nacional	2026-07-09 17:38:33.789199	2026-07-09
2077-07-09	sexta-feira	Dia da Revolução Constitucionalista de 1932, Data Magna do Estado	Estadual	2026-07-09 17:38:33.795276	2026-07-09
2077-09-07	terça-feira	Independência do Brasil	Nacional	2026-07-09 17:38:33.789199	2026-07-09
2077-10-12	terça-feira	Nossa Sr.a Aparecida - Padroeira do Brasil	Nacional	2026-07-09 17:38:33.789199	2026-07-09
2077-11-02	terça-feira	Finados	Nacional	2026-07-09 17:38:33.789199	2026-07-09
2077-11-15	segunda-feira	Proclamação da República	Nacional	2026-07-09 17:38:33.789199	2026-07-09
2077-11-20	sábado	Dia Nacional de Zumbi e da Consciência Negra	Nacional	2026-07-09 17:38:33.789199	2026-07-09
2077-12-25	sábado	Natal	Nacional	2026-07-09 17:38:33.789199	2026-07-09
2078-01-01	sábado	Confraternização Universal	Nacional	2026-07-09 17:38:33.789199	2026-07-09
2078-02-14	segunda-feira	Carnaval	Nacional	2026-07-09 17:38:33.789199	2026-07-09
2078-02-15	terça-feira	Carnaval	Nacional	2026-07-09 17:38:33.789199	2026-07-09
2078-04-01	sexta-feira	Paixão de Cristo	Nacional	2026-07-09 17:38:33.789199	2026-07-09
2078-04-21	quinta-feira	Tiradentes	Nacional	2026-07-09 17:38:33.789199	2026-07-09
2078-05-01	domingo	Dia do Trabalho	Nacional	2026-07-09 17:38:33.789199	2026-07-09
2078-06-02	quinta-feira	Corpus Christi	Nacional	2026-07-09 17:38:33.789199	2026-07-09
2078-07-09	sábado	Dia da Revolução Constitucionalista de 1932, Data Magna do Estado	Estadual	2026-07-09 17:38:33.795280	2026-07-09
2078-09-07	quarta-feira	Independência do Brasil	Nacional	2026-07-09 17:38:33.789199	2026-07-09
2078-10-12	quarta-feira	Nossa Sr.a Aparecida - Padroeira do Brasil	Nacional	2026-07-09 17:38:33.789199	2026-07-09
2078-11-02	quarta-feira	Finados	Nacional	2026-07-09 17:38:33.789199	2026-07-09
2078-11-15	terça-feira	Proclamação da República	Nacional	2026-07-09 17:38:33.789199	2026-07-09
2078-11-20	domingo	Dia Nacional de Zumbi e da Consciência Negra	Nacional	2026-07-09 17:38:33.789199	2026-07-09
2078-12-25	domingo	Natal	Nacional	2026-07-09 17:38:33.789199	2026-07-09
2079-01-01	domingo	Confraternização Universal	Nacional	2026-07-09 17:38:33.789199	2026-07-09
2079-03-06	segunda-feira	Carnaval	Nacional	2026-07-09 17:38:33.789199	2026-07-09
2079-03-07	terça-feira	Carnaval	Nacional	2026-07-09 17:38:33.789199	2026-07-09
2079-04-21	sexta-feira	Paixão de Cristo	Nacional	2026-07-09 17:38:33.789199	2026-07-09
2079-04-21	sexta-feira	Tiradentes	Nacional	2026-07-09 17:38:33.789199	2026-07-09
2079-05-01	segunda-feira	Dia do Trabalho	Nacional	2026-07-09 17:38:33.789199	2026-07-09
2079-06-22	quinta-feira	Corpus Christi	Nacional	2026-07-09 17:38:33.789199	2026-07-09
2079-07-09	domingo	Dia da Revolução Constitucionalista de 1932, Data Magna do Estado	Estadual	2026-07-09 17:38:33.795284	2026-07-09
2079-09-07	quinta-feira	Independência do Brasil	Nacional	2026-07-09 17:38:33.789199	2026-07-09
2079-10-12	quinta-feira	Nossa Sr.a Aparecida - Padroeira do Brasil	Nacional	2026-07-09 17:38:33.789199	2026-07-09
2079-11-02	quinta-feira	Finados	Nacional	2026-07-09 17:38:33.789199	2026-07-09
2079-11-15	quarta-feira	Proclamação da República	Nacional	2026-07-09 17:38:33.789199	2026-07-09
2079-11-20	segunda-feira	Dia Nacional de Zumbi e da Consciência Negra	Nacional	2026-07-09 17:38:33.789199	2026-07-09
2079-12-25	segunda-feira	Natal	Nacional	2026-07-09 17:38:33.789199	2026-07-09
2080-01-01	segunda-feira	Confraternização Universal	Nacional	2026-07-09 17:38:33.789199	2026-07-09
2080-02-19	segunda-feira	Carnaval	Nacional	2026-07-09 17:38:33.789199	2026-07-09
2080-02-20	terça-feira	Carnaval	Nacional	2026-07-09 17:38:33.789199	2026-07-09
2080-04-05	sexta-feira	Paixão de Cristo	Nacional	2026-07-09 17:38:33.789199	2026-07-09
2080-04-21	domingo	Tiradentes	Nacional	2026-07-09 17:38:33.789199	2026-07-09
2080-05-01	quarta-feira	Dia do Trabalho	Nacional	2026-07-09 17:38:33.789199	2026-07-09
2080-06-06	quinta-feira	Corpus Christi	Nacional	2026-07-09 17:38:33.789199	2026-07-09
2080-07-09	terça-feira	Dia da Revolução Constitucionalista de 1932, Data Magna do Estado	Estadual	2026-07-09 17:38:33.795288	2026-07-09
2080-09-07	sábado	Independência do Brasil	Nacional	2026-07-09 17:38:33.789199	2026-07-09
2080-10-12	sábado	Nossa Sr.a Aparecida - Padroeira do Brasil	Nacional	2026-07-09 17:38:33.789199	2026-07-09
2080-11-02	sábado	Finados	Nacional	2026-07-09 17:38:33.789199	2026-07-09
2080-11-15	sexta-feira	Proclamação da República	Nacional	2026-07-09 17:38:33.789199	2026-07-09
2080-11-20	quarta-feira	Dia Nacional de Zumbi e da Consciência Negra	Nacional	2026-07-09 17:38:33.789199	2026-07-09
2080-12-25	quarta-feira	Natal	Nacional	2026-07-09 17:38:33.789199	2026-07-09
2081-01-01	quarta-feira	Confraternização Universal	Nacional	2026-07-09 17:38:33.789199	2026-07-09
2081-02-10	segunda-feira	Carnaval	Nacional	2026-07-09 17:38:33.789199	2026-07-09
2081-02-11	terça-feira	Carnaval	Nacional	2026-07-09 17:38:33.789199	2026-07-09
2081-03-28	sexta-feira	Paixão de Cristo	Nacional	2026-07-09 17:38:33.789199	2026-07-09
2081-04-21	segunda-feira	Tiradentes	Nacional	2026-07-09 17:38:33.789199	2026-07-09
2081-05-01	quinta-feira	Dia do Trabalho	Nacional	2026-07-09 17:38:33.789199	2026-07-09
2081-05-29	quinta-feira	Corpus Christi	Nacional	2026-07-09 17:38:33.789199	2026-07-09
2081-07-09	quarta-feira	Dia da Revolução Constitucionalista de 1932, Data Magna do Estado	Estadual	2026-07-09 17:38:33.795293	2026-07-09
2081-09-07	domingo	Independência do Brasil	Nacional	2026-07-09 17:38:33.789199	2026-07-09
2081-10-12	domingo	Nossa Sr.a Aparecida - Padroeira do Brasil	Nacional	2026-07-09 17:38:33.789199	2026-07-09
2081-11-02	domingo	Finados	Nacional	2026-07-09 17:38:33.789199	2026-07-09
2081-11-15	sábado	Proclamação da República	Nacional	2026-07-09 17:38:33.789199	2026-07-09
2081-11-20	quinta-feira	Dia Nacional de Zumbi e da Consciência Negra	Nacional	2026-07-09 17:38:33.789199	2026-07-09
2081-12-25	quinta-feira	Natal	Nacional	2026-07-09 17:38:33.789199	2026-07-09
2082-01-01	quinta-feira	Confraternização Universal	Nacional	2026-07-09 17:38:33.789199	2026-07-09
2082-03-02	segunda-feira	Carnaval	Nacional	2026-07-09 17:38:33.789199	2026-07-09
2082-03-03	terça-feira	Carnaval	Nacional	2026-07-09 17:38:33.789199	2026-07-09
2082-04-17	sexta-feira	Paixão de Cristo	Nacional	2026-07-09 17:38:33.789199	2026-07-09
2082-04-21	terça-feira	Tiradentes	Nacional	2026-07-09 17:38:33.789199	2026-07-09
2082-05-01	sexta-feira	Dia do Trabalho	Nacional	2026-07-09 17:38:33.789199	2026-07-09
2082-06-18	quinta-feira	Corpus Christi	Nacional	2026-07-09 17:38:33.789199	2026-07-09
2082-07-09	quinta-feira	Dia da Revolução Constitucionalista de 1932, Data Magna do Estado	Estadual	2026-07-09 17:38:33.795297	2026-07-09
2082-09-07	segunda-feira	Independência do Brasil	Nacional	2026-07-09 17:38:33.789199	2026-07-09
2082-10-12	segunda-feira	Nossa Sr.a Aparecida - Padroeira do Brasil	Nacional	2026-07-09 17:38:33.789199	2026-07-09
2082-11-02	segunda-feira	Finados	Nacional	2026-07-09 17:38:33.789199	2026-07-09
2082-11-15	domingo	Proclamação da República	Nacional	2026-07-09 17:38:33.789199	2026-07-09
2082-11-20	sexta-feira	Dia Nacional de Zumbi e da Consciência Negra	Nacional	2026-07-09 17:38:33.789199	2026-07-09
2082-12-25	sexta-feira	Natal	Nacional	2026-07-09 17:38:33.789199	2026-07-09
2083-01-01	sexta-feira	Confraternização Universal	Nacional	2026-07-09 17:38:33.789199	2026-07-09
2083-02-15	segunda-feira	Carnaval	Nacional	2026-07-09 17:38:33.789199	2026-07-09
2083-02-16	terça-feira	Carnaval	Nacional	2026-07-09 17:38:33.789199	2026-07-09
2083-04-02	sexta-feira	Paixão de Cristo	Nacional	2026-07-09 17:38:33.789199	2026-07-09
2083-04-21	quarta-feira	Tiradentes	Nacional	2026-07-09 17:38:33.789199	2026-07-09
2083-05-01	sábado	Dia do Trabalho	Nacional	2026-07-09 17:38:33.789199	2026-07-09
2083-06-03	quinta-feira	Corpus Christi	Nacional	2026-07-09 17:38:33.789199	2026-07-09
2083-07-09	sexta-feira	Dia da Revolução Constitucionalista de 1932, Data Magna do Estado	Estadual	2026-07-09 17:38:33.795301	2026-07-09
2083-09-07	terça-feira	Independência do Brasil	Nacional	2026-07-09 17:38:33.789199	2026-07-09
2083-10-12	terça-feira	Nossa Sr.a Aparecida - Padroeira do Brasil	Nacional	2026-07-09 17:38:33.789199	2026-07-09
2083-11-02	terça-feira	Finados	Nacional	2026-07-09 17:38:33.789199	2026-07-09
2083-11-15	segunda-feira	Proclamação da República	Nacional	2026-07-09 17:38:33.789199	2026-07-09
2083-11-20	sábado	Dia Nacional de Zumbi e da Consciência Negra	Nacional	2026-07-09 17:38:33.789199	2026-07-09
2083-12-25	sábado	Natal	Nacional	2026-07-09 17:38:33.789199	2026-07-09
2084-01-01	sábado	Confraternização Universal	Nacional	2026-07-09 17:38:33.789199	2026-07-09
2084-02-07	segunda-feira	Carnaval	Nacional	2026-07-09 17:38:33.789199	2026-07-09
2084-02-08	terça-feira	Carnaval	Nacional	2026-07-09 17:38:33.789199	2026-07-09
2084-03-24	sexta-feira	Paixão de Cristo	Nacional	2026-07-09 17:38:33.789199	2026-07-09
2084-04-21	sexta-feira	Tiradentes	Nacional	2026-07-09 17:38:33.789199	2026-07-09
2084-05-01	segunda-feira	Dia do Trabalho	Nacional	2026-07-09 17:38:33.789199	2026-07-09
2084-05-25	quinta-feira	Corpus Christi	Nacional	2026-07-09 17:38:33.789199	2026-07-09
2084-07-09	domingo	Dia da Revolução Constitucionalista de 1932, Data Magna do Estado	Estadual	2026-07-09 17:38:33.795306	2026-07-09
2084-09-07	quinta-feira	Independência do Brasil	Nacional	2026-07-09 17:38:33.789199	2026-07-09
2084-10-12	quinta-feira	Nossa Sr.a Aparecida - Padroeira do Brasil	Nacional	2026-07-09 17:38:33.789199	2026-07-09
2084-11-02	quinta-feira	Finados	Nacional	2026-07-09 17:38:33.789199	2026-07-09
2084-11-15	quarta-feira	Proclamação da República	Nacional	2026-07-09 17:38:33.789199	2026-07-09
2084-11-20	segunda-feira	Dia Nacional de Zumbi e da Consciência Negra	Nacional	2026-07-09 17:38:33.789199	2026-07-09
2084-12-25	segunda-feira	Natal	Nacional	2026-07-09 17:38:33.789199	2026-07-09
2085-01-01	segunda-feira	Confraternização Universal	Nacional	2026-07-09 17:38:33.789199	2026-07-09
2085-02-26	segunda-feira	Carnaval	Nacional	2026-07-09 17:38:33.789199	2026-07-09
2085-02-27	terça-feira	Carnaval	Nacional	2026-07-09 17:38:33.789199	2026-07-09
2085-04-13	sexta-feira	Paixão de Cristo	Nacional	2026-07-09 17:38:33.789199	2026-07-09
2085-04-21	sábado	Tiradentes	Nacional	2026-07-09 17:38:33.789199	2026-07-09
2085-05-01	terça-feira	Dia do Trabalho	Nacional	2026-07-09 17:38:33.789199	2026-07-09
2085-06-14	quinta-feira	Corpus Christi	Nacional	2026-07-09 17:38:33.789199	2026-07-09
2085-07-09	segunda-feira	Dia da Revolução Constitucionalista de 1932, Data Magna do Estado	Estadual	2026-07-09 17:38:33.795310	2026-07-09
2085-09-07	sexta-feira	Independência do Brasil	Nacional	2026-07-09 17:38:33.789199	2026-07-09
2085-10-12	sexta-feira	Nossa Sr.a Aparecida - Padroeira do Brasil	Nacional	2026-07-09 17:38:33.789199	2026-07-09
2085-11-02	sexta-feira	Finados	Nacional	2026-07-09 17:38:33.789199	2026-07-09
2085-11-15	quinta-feira	Proclamação da República	Nacional	2026-07-09 17:38:33.789199	2026-07-09
2085-11-20	terça-feira	Dia Nacional de Zumbi e da Consciência Negra	Nacional	2026-07-09 17:38:33.789199	2026-07-09
2085-12-25	terça-feira	Natal	Nacional	2026-07-09 17:38:33.789199	2026-07-09
2086-01-01	terça-feira	Confraternização Universal	Nacional	2026-07-09 17:38:33.789199	2026-07-09
2086-02-11	segunda-feira	Carnaval	Nacional	2026-07-09 17:38:33.789199	2026-07-09
2086-02-12	terça-feira	Carnaval	Nacional	2026-07-09 17:38:33.789199	2026-07-09
2086-03-29	sexta-feira	Paixão de Cristo	Nacional	2026-07-09 17:38:33.789199	2026-07-09
2086-04-21	domingo	Tiradentes	Nacional	2026-07-09 17:38:33.789199	2026-07-09
2086-05-01	quarta-feira	Dia do Trabalho	Nacional	2026-07-09 17:38:33.789199	2026-07-09
2086-05-30	quinta-feira	Corpus Christi	Nacional	2026-07-09 17:38:33.789199	2026-07-09
2086-07-09	terça-feira	Dia da Revolução Constitucionalista de 1932, Data Magna do Estado	Estadual	2026-07-09 17:38:33.795314	2026-07-09
2086-09-07	sábado	Independência do Brasil	Nacional	2026-07-09 17:38:33.789199	2026-07-09
2086-10-12	sábado	Nossa Sr.a Aparecida - Padroeira do Brasil	Nacional	2026-07-09 17:38:33.789199	2026-07-09
2086-11-02	sábado	Finados	Nacional	2026-07-09 17:38:33.789199	2026-07-09
2086-11-15	sexta-feira	Proclamação da República	Nacional	2026-07-09 17:38:33.789199	2026-07-09
2086-11-20	quarta-feira	Dia Nacional de Zumbi e da Consciência Negra	Nacional	2026-07-09 17:38:33.789199	2026-07-09
2086-12-25	quarta-feira	Natal	Nacional	2026-07-09 17:38:33.789199	2026-07-09
2087-01-01	quarta-feira	Confraternização Universal	Nacional	2026-07-09 17:38:33.789199	2026-07-09
2087-03-03	segunda-feira	Carnaval	Nacional	2026-07-09 17:38:33.789199	2026-07-09
2087-03-04	terça-feira	Carnaval	Nacional	2026-07-09 17:38:33.789199	2026-07-09
2087-04-18	sexta-feira	Paixão de Cristo	Nacional	2026-07-09 17:38:33.789199	2026-07-09
2087-04-21	segunda-feira	Tiradentes	Nacional	2026-07-09 17:38:33.789199	2026-07-09
2087-05-01	quinta-feira	Dia do Trabalho	Nacional	2026-07-09 17:38:33.789199	2026-07-09
2087-06-19	quinta-feira	Corpus Christi	Nacional	2026-07-09 17:38:33.789199	2026-07-09
2087-07-09	quarta-feira	Dia da Revolução Constitucionalista de 1932, Data Magna do Estado	Estadual	2026-07-09 17:38:33.795318	2026-07-09
2087-09-07	domingo	Independência do Brasil	Nacional	2026-07-09 17:38:33.789199	2026-07-09
2087-10-12	domingo	Nossa Sr.a Aparecida - Padroeira do Brasil	Nacional	2026-07-09 17:38:33.789199	2026-07-09
2087-11-02	domingo	Finados	Nacional	2026-07-09 17:38:33.789199	2026-07-09
2087-11-15	sábado	Proclamação da República	Nacional	2026-07-09 17:38:33.789199	2026-07-09
2087-11-20	quinta-feira	Dia Nacional de Zumbi e da Consciência Negra	Nacional	2026-07-09 17:38:33.789199	2026-07-09
2087-12-25	quinta-feira	Natal	Nacional	2026-07-09 17:38:33.789199	2026-07-09
2088-01-01	quinta-feira	Confraternização Universal	Nacional	2026-07-09 17:38:33.789199	2026-07-09
2088-02-23	segunda-feira	Carnaval	Nacional	2026-07-09 17:38:33.789199	2026-07-09
2088-02-24	terça-feira	Carnaval	Nacional	2026-07-09 17:38:33.789199	2026-07-09
2088-04-09	sexta-feira	Paixão de Cristo	Nacional	2026-07-09 17:38:33.789199	2026-07-09
2088-04-21	quarta-feira	Tiradentes	Nacional	2026-07-09 17:38:33.789199	2026-07-09
2088-05-01	sábado	Dia do Trabalho	Nacional	2026-07-09 17:38:33.789199	2026-07-09
2088-06-10	quinta-feira	Corpus Christi	Nacional	2026-07-09 17:38:33.789199	2026-07-09
2088-07-09	sexta-feira	Dia da Revolução Constitucionalista de 1932, Data Magna do Estado	Estadual	2026-07-09 17:38:33.795322	2026-07-09
2088-09-07	terça-feira	Independência do Brasil	Nacional	2026-07-09 17:38:33.789199	2026-07-09
2088-10-12	terça-feira	Nossa Sr.a Aparecida - Padroeira do Brasil	Nacional	2026-07-09 17:38:33.789199	2026-07-09
2088-11-02	terça-feira	Finados	Nacional	2026-07-09 17:38:33.789199	2026-07-09
2088-11-15	segunda-feira	Proclamação da República	Nacional	2026-07-09 17:38:33.789199	2026-07-09
2088-11-20	sábado	Dia Nacional de Zumbi e da Consciência Negra	Nacional	2026-07-09 17:38:33.789199	2026-07-09
2088-12-25	sábado	Natal	Nacional	2026-07-09 17:38:33.789199	2026-07-09
2089-01-01	sábado	Confraternização Universal	Nacional	2026-07-09 17:38:33.789199	2026-07-09
2089-02-14	segunda-feira	Carnaval	Nacional	2026-07-09 17:38:33.789199	2026-07-09
2089-02-15	terça-feira	Carnaval	Nacional	2026-07-09 17:38:33.789199	2026-07-09
2089-04-01	sexta-feira	Paixão de Cristo	Nacional	2026-07-09 17:38:33.789199	2026-07-09
2089-04-21	quinta-feira	Tiradentes	Nacional	2026-07-09 17:38:33.789199	2026-07-09
2089-05-01	domingo	Dia do Trabalho	Nacional	2026-07-09 17:38:33.789199	2026-07-09
2089-06-02	quinta-feira	Corpus Christi	Nacional	2026-07-09 17:38:33.789199	2026-07-09
2089-07-09	sábado	Dia da Revolução Constitucionalista de 1932, Data Magna do Estado	Estadual	2026-07-09 17:38:33.795327	2026-07-09
2089-09-07	quarta-feira	Independência do Brasil	Nacional	2026-07-09 17:38:33.789199	2026-07-09
2089-10-12	quarta-feira	Nossa Sr.a Aparecida - Padroeira do Brasil	Nacional	2026-07-09 17:38:33.789199	2026-07-09
2089-11-02	quarta-feira	Finados	Nacional	2026-07-09 17:38:33.789199	2026-07-09
2089-11-15	terça-feira	Proclamação da República	Nacional	2026-07-09 17:38:33.789199	2026-07-09
2089-11-20	domingo	Dia Nacional de Zumbi e da Consciência Negra	Nacional	2026-07-09 17:38:33.789199	2026-07-09
2089-12-25	domingo	Natal	Nacional	2026-07-09 17:38:33.789199	2026-07-09
2090-01-01	domingo	Confraternização Universal	Nacional	2026-07-09 17:38:33.789199	2026-07-09
2090-02-27	segunda-feira	Carnaval	Nacional	2026-07-09 17:38:33.789199	2026-07-09
2090-02-28	terça-feira	Carnaval	Nacional	2026-07-09 17:38:33.789199	2026-07-09
2090-04-14	sexta-feira	Paixão de Cristo	Nacional	2026-07-09 17:38:33.789199	2026-07-09
2090-04-21	sexta-feira	Tiradentes	Nacional	2026-07-09 17:38:33.789199	2026-07-09
2090-05-01	segunda-feira	Dia do Trabalho	Nacional	2026-07-09 17:38:33.789199	2026-07-09
2090-06-15	quinta-feira	Corpus Christi	Nacional	2026-07-09 17:38:33.789199	2026-07-09
2090-07-09	domingo	Dia da Revolução Constitucionalista de 1932, Data Magna do Estado	Estadual	2026-07-09 17:38:33.795331	2026-07-09
2090-09-07	quinta-feira	Independência do Brasil	Nacional	2026-07-09 17:38:33.789199	2026-07-09
2090-10-12	quinta-feira	Nossa Sr.a Aparecida - Padroeira do Brasil	Nacional	2026-07-09 17:38:33.789199	2026-07-09
2090-11-02	quinta-feira	Finados	Nacional	2026-07-09 17:38:33.789199	2026-07-09
2090-11-15	quarta-feira	Proclamação da República	Nacional	2026-07-09 17:38:33.789199	2026-07-09
2090-11-20	segunda-feira	Dia Nacional de Zumbi e da Consciência Negra	Nacional	2026-07-09 17:38:33.789199	2026-07-09
2090-12-25	segunda-feira	Natal	Nacional	2026-07-09 17:38:33.789199	2026-07-09
2091-01-01	segunda-feira	Confraternização Universal	Nacional	2026-07-09 17:38:33.789199	2026-07-09
2091-02-19	segunda-feira	Carnaval	Nacional	2026-07-09 17:38:33.789199	2026-07-09
2091-02-20	terça-feira	Carnaval	Nacional	2026-07-09 17:38:33.789199	2026-07-09
2091-04-06	sexta-feira	Paixão de Cristo	Nacional	2026-07-09 17:38:33.789199	2026-07-09
2091-04-21	sábado	Tiradentes	Nacional	2026-07-09 17:38:33.789199	2026-07-09
2091-05-01	terça-feira	Dia do Trabalho	Nacional	2026-07-09 17:38:33.789199	2026-07-09
2091-06-07	quinta-feira	Corpus Christi	Nacional	2026-07-09 17:38:33.789199	2026-07-09
2091-07-09	segunda-feira	Dia da Revolução Constitucionalista de 1932, Data Magna do Estado	Estadual	2026-07-09 17:38:33.795336	2026-07-09
2091-09-07	sexta-feira	Independência do Brasil	Nacional	2026-07-09 17:38:33.789199	2026-07-09
2091-10-12	sexta-feira	Nossa Sr.a Aparecida - Padroeira do Brasil	Nacional	2026-07-09 17:38:33.789199	2026-07-09
2091-11-02	sexta-feira	Finados	Nacional	2026-07-09 17:38:33.789199	2026-07-09
2091-11-15	quinta-feira	Proclamação da República	Nacional	2026-07-09 17:38:33.789199	2026-07-09
2091-11-20	terça-feira	Dia Nacional de Zumbi e da Consciência Negra	Nacional	2026-07-09 17:38:33.789199	2026-07-09
2091-12-25	terça-feira	Natal	Nacional	2026-07-09 17:38:33.789199	2026-07-09
2092-01-01	terça-feira	Confraternização Universal	Nacional	2026-07-09 17:38:33.789199	2026-07-09
2092-02-11	segunda-feira	Carnaval	Nacional	2026-07-09 17:38:33.789199	2026-07-09
2092-02-12	terça-feira	Carnaval	Nacional	2026-07-09 17:38:33.789199	2026-07-09
2092-03-28	sexta-feira	Paixão de Cristo	Nacional	2026-07-09 17:38:33.789199	2026-07-09
2092-04-21	segunda-feira	Tiradentes	Nacional	2026-07-09 17:38:33.789199	2026-07-09
2092-05-01	quinta-feira	Dia do Trabalho	Nacional	2026-07-09 17:38:33.789199	2026-07-09
2092-05-29	quinta-feira	Corpus Christi	Nacional	2026-07-09 17:38:33.789199	2026-07-09
2092-07-09	quarta-feira	Dia da Revolução Constitucionalista de 1932, Data Magna do Estado	Estadual	2026-07-09 17:38:33.795340	2026-07-09
2092-09-07	domingo	Independência do Brasil	Nacional	2026-07-09 17:38:33.789199	2026-07-09
2092-10-12	domingo	Nossa Sr.a Aparecida - Padroeira do Brasil	Nacional	2026-07-09 17:38:33.789199	2026-07-09
2092-11-02	domingo	Finados	Nacional	2026-07-09 17:38:33.789199	2026-07-09
2092-11-15	sábado	Proclamação da República	Nacional	2026-07-09 17:38:33.789199	2026-07-09
2092-11-20	quinta-feira	Dia Nacional de Zumbi e da Consciência Negra	Nacional	2026-07-09 17:38:33.789199	2026-07-09
2092-12-25	quinta-feira	Natal	Nacional	2026-07-09 17:38:33.789199	2026-07-09
2093-01-01	quinta-feira	Confraternização Universal	Nacional	2026-07-09 17:38:33.789199	2026-07-09
2093-02-23	segunda-feira	Carnaval	Nacional	2026-07-09 17:38:33.789199	2026-07-09
2093-02-24	terça-feira	Carnaval	Nacional	2026-07-09 17:38:33.789199	2026-07-09
2093-04-10	sexta-feira	Paixão de Cristo	Nacional	2026-07-09 17:38:33.789199	2026-07-09
2093-04-21	terça-feira	Tiradentes	Nacional	2026-07-09 17:38:33.789199	2026-07-09
2093-05-01	sexta-feira	Dia do Trabalho	Nacional	2026-07-09 17:38:33.789199	2026-07-09
2093-06-11	quinta-feira	Corpus Christi	Nacional	2026-07-09 17:38:33.789199	2026-07-09
2093-07-09	quinta-feira	Dia da Revolução Constitucionalista de 1932, Data Magna do Estado	Estadual	2026-07-09 17:38:33.795344	2026-07-09
2093-09-07	segunda-feira	Independência do Brasil	Nacional	2026-07-09 17:38:33.789199	2026-07-09
2093-10-12	segunda-feira	Nossa Sr.a Aparecida - Padroeira do Brasil	Nacional	2026-07-09 17:38:33.789199	2026-07-09
2093-11-02	segunda-feira	Finados	Nacional	2026-07-09 17:38:33.789199	2026-07-09
2093-11-15	domingo	Proclamação da República	Nacional	2026-07-09 17:38:33.789199	2026-07-09
2093-11-20	sexta-feira	Dia Nacional de Zumbi e da Consciência Negra	Nacional	2026-07-09 17:38:33.789199	2026-07-09
2093-12-25	sexta-feira	Natal	Nacional	2026-07-09 17:38:33.789199	2026-07-09
2094-01-01	sexta-feira	Confraternização Universal	Nacional	2026-07-09 17:38:33.789199	2026-07-09
2094-02-15	segunda-feira	Carnaval	Nacional	2026-07-09 17:38:33.789199	2026-07-09
2094-02-16	terça-feira	Carnaval	Nacional	2026-07-09 17:38:33.789199	2026-07-09
2094-04-02	sexta-feira	Paixão de Cristo	Nacional	2026-07-09 17:38:33.789199	2026-07-09
2094-04-21	quarta-feira	Tiradentes	Nacional	2026-07-09 17:38:33.789199	2026-07-09
2094-05-01	sábado	Dia do Trabalho	Nacional	2026-07-09 17:38:33.789199	2026-07-09
2094-06-03	quinta-feira	Corpus Christi	Nacional	2026-07-09 17:38:33.789199	2026-07-09
2094-07-09	sexta-feira	Dia da Revolução Constitucionalista de 1932, Data Magna do Estado	Estadual	2026-07-09 17:38:33.795348	2026-07-09
2094-09-07	terça-feira	Independência do Brasil	Nacional	2026-07-09 17:38:33.789199	2026-07-09
2094-10-12	terça-feira	Nossa Sr.a Aparecida - Padroeira do Brasil	Nacional	2026-07-09 17:38:33.789199	2026-07-09
2094-11-02	terça-feira	Finados	Nacional	2026-07-09 17:38:33.789199	2026-07-09
2094-11-15	segunda-feira	Proclamação da República	Nacional	2026-07-09 17:38:33.789199	2026-07-09
2094-11-20	sábado	Dia Nacional de Zumbi e da Consciência Negra	Nacional	2026-07-09 17:38:33.789199	2026-07-09
2094-12-25	sábado	Natal	Nacional	2026-07-09 17:38:33.789199	2026-07-09
2095-01-01	sábado	Confraternização Universal	Nacional	2026-07-09 17:38:33.789199	2026-07-09
2095-03-07	segunda-feira	Carnaval	Nacional	2026-07-09 17:38:33.789199	2026-07-09
2095-03-08	terça-feira	Carnaval	Nacional	2026-07-09 17:38:33.789199	2026-07-09
2095-04-21	quinta-feira	Tiradentes	Nacional	2026-07-09 17:38:33.789199	2026-07-09
2095-04-22	sexta-feira	Paixão de Cristo	Nacional	2026-07-09 17:38:33.789199	2026-07-09
2095-05-01	domingo	Dia do Trabalho	Nacional	2026-07-09 17:38:33.789199	2026-07-09
2095-06-23	quinta-feira	Corpus Christi	Nacional	2026-07-09 17:38:33.789199	2026-07-09
2095-07-09	sábado	Dia da Revolução Constitucionalista de 1932, Data Magna do Estado	Estadual	2026-07-09 17:38:33.795353	2026-07-09
2095-09-07	quarta-feira	Independência do Brasil	Nacional	2026-07-09 17:38:33.789199	2026-07-09
2095-10-12	quarta-feira	Nossa Sr.a Aparecida - Padroeira do Brasil	Nacional	2026-07-09 17:38:33.789199	2026-07-09
2095-11-02	quarta-feira	Finados	Nacional	2026-07-09 17:38:33.789199	2026-07-09
2095-11-15	terça-feira	Proclamação da República	Nacional	2026-07-09 17:38:33.789199	2026-07-09
2095-11-20	domingo	Dia Nacional de Zumbi e da Consciência Negra	Nacional	2026-07-09 17:38:33.789199	2026-07-09
2095-12-25	domingo	Natal	Nacional	2026-07-09 17:38:33.789199	2026-07-09
2096-01-01	domingo	Confraternização Universal	Nacional	2026-07-09 17:38:33.789199	2026-07-09
2096-02-27	segunda-feira	Carnaval	Nacional	2026-07-09 17:38:33.789199	2026-07-09
2096-02-28	terça-feira	Carnaval	Nacional	2026-07-09 17:38:33.789199	2026-07-09
2096-04-13	sexta-feira	Paixão de Cristo	Nacional	2026-07-09 17:38:33.789199	2026-07-09
2096-04-21	sábado	Tiradentes	Nacional	2026-07-09 17:38:33.789199	2026-07-09
2096-05-01	terça-feira	Dia do Trabalho	Nacional	2026-07-09 17:38:33.789199	2026-07-09
2096-06-14	quinta-feira	Corpus Christi	Nacional	2026-07-09 17:38:33.789199	2026-07-09
2096-07-09	segunda-feira	Dia da Revolução Constitucionalista de 1932, Data Magna do Estado	Estadual	2026-07-09 17:38:33.795357	2026-07-09
2096-09-07	sexta-feira	Independência do Brasil	Nacional	2026-07-09 17:38:33.789199	2026-07-09
2096-10-12	sexta-feira	Nossa Sr.a Aparecida - Padroeira do Brasil	Nacional	2026-07-09 17:38:33.789199	2026-07-09
2096-11-02	sexta-feira	Finados	Nacional	2026-07-09 17:38:33.789199	2026-07-09
2096-11-15	quinta-feira	Proclamação da República	Nacional	2026-07-09 17:38:33.789199	2026-07-09
2096-11-20	terça-feira	Dia Nacional de Zumbi e da Consciência Negra	Nacional	2026-07-09 17:38:33.789199	2026-07-09
2096-12-25	terça-feira	Natal	Nacional	2026-07-09 17:38:33.789199	2026-07-09
2097-01-01	terça-feira	Confraternização Universal	Nacional	2026-07-09 17:38:33.789199	2026-07-09
2097-02-11	segunda-feira	Carnaval	Nacional	2026-07-09 17:38:33.789199	2026-07-09
2097-02-12	terça-feira	Carnaval	Nacional	2026-07-09 17:38:33.789199	2026-07-09
2097-03-29	sexta-feira	Paixão de Cristo	Nacional	2026-07-09 17:38:33.789199	2026-07-09
2097-04-21	domingo	Tiradentes	Nacional	2026-07-09 17:38:33.789199	2026-07-09
2097-05-01	quarta-feira	Dia do Trabalho	Nacional	2026-07-09 17:38:33.789199	2026-07-09
2097-05-30	quinta-feira	Corpus Christi	Nacional	2026-07-09 17:38:33.789199	2026-07-09
2097-07-09	terça-feira	Dia da Revolução Constitucionalista de 1932, Data Magna do Estado	Estadual	2026-07-09 17:38:33.795361	2026-07-09
2097-09-07	sábado	Independência do Brasil	Nacional	2026-07-09 17:38:33.789199	2026-07-09
2097-10-12	sábado	Nossa Sr.a Aparecida - Padroeira do Brasil	Nacional	2026-07-09 17:38:33.789199	2026-07-09
2097-11-02	sábado	Finados	Nacional	2026-07-09 17:38:33.789199	2026-07-09
2097-11-15	sexta-feira	Proclamação da República	Nacional	2026-07-09 17:38:33.789199	2026-07-09
2097-11-20	quarta-feira	Dia Nacional de Zumbi e da Consciência Negra	Nacional	2026-07-09 17:38:33.789199	2026-07-09
2097-12-25	quarta-feira	Natal	Nacional	2026-07-09 17:38:33.789199	2026-07-09
2098-01-01	quarta-feira	Confraternização Universal	Nacional	2026-07-09 17:38:33.789199	2026-07-09
2098-03-03	segunda-feira	Carnaval	Nacional	2026-07-09 17:38:33.789199	2026-07-09
2098-03-04	terça-feira	Carnaval	Nacional	2026-07-09 17:38:33.789199	2026-07-09
2098-04-18	sexta-feira	Paixão de Cristo	Nacional	2026-07-09 17:38:33.789199	2026-07-09
2098-04-21	segunda-feira	Tiradentes	Nacional	2026-07-09 17:38:33.789199	2026-07-09
2098-05-01	quinta-feira	Dia do Trabalho	Nacional	2026-07-09 17:38:33.789199	2026-07-09
2098-06-19	quinta-feira	Corpus Christi	Nacional	2026-07-09 17:38:33.789199	2026-07-09
2098-07-09	quarta-feira	Dia da Revolução Constitucionalista de 1932, Data Magna do Estado	Estadual	2026-07-09 17:38:33.795365	2026-07-09
2098-09-07	domingo	Independência do Brasil	Nacional	2026-07-09 17:38:33.789199	2026-07-09
2098-10-12	domingo	Nossa Sr.a Aparecida - Padroeira do Brasil	Nacional	2026-07-09 17:38:33.789199	2026-07-09
2098-11-02	domingo	Finados	Nacional	2026-07-09 17:38:33.789199	2026-07-09
2098-11-15	sábado	Proclamação da República	Nacional	2026-07-09 17:38:33.789199	2026-07-09
2098-11-20	quinta-feira	Dia Nacional de Zumbi e da Consciência Negra	Nacional	2026-07-09 17:38:33.789199	2026-07-09
2098-12-25	quinta-feira	Natal	Nacional	2026-07-09 17:38:33.789199	2026-07-09
2099-01-01	quinta-feira	Confraternização Universal 	Nacional	2026-07-09 17:38:33.789199	2026-07-09
2099-02-23	segunda-feira	Carnaval	Nacional	2026-07-09 17:38:33.789199	2026-07-09
2099-02-24	terça-feira	Carnaval	Nacional	2026-07-09 17:38:33.789199	2026-07-09
2099-04-10	sexta-feira	Paixão de Cristo	Nacional	2026-07-09 17:38:33.789199	2026-07-09
2099-04-21	terça-feira	Tiradentes	Nacional	2026-07-09 17:38:33.789199	2026-07-09
2099-05-01	sexta-feira	Dia do Trabalho	Nacional	2026-07-09 17:38:33.789199	2026-07-09
2099-06-11	quinta-feira	Corpus Christi	Nacional	2026-07-09 17:38:33.789199	2026-07-09
2099-07-09	quinta-feira	Dia da Revolução Constitucionalista de 1932, Data Magna do Estado	Estadual	2026-07-09 17:38:33.795370	2026-07-09
2099-09-07	segunda-feira	Independência do Brasil	Nacional	2026-07-09 17:38:33.789199	2026-07-09
2099-10-12	segunda-feira	Nossa Sr.a Aparecida - Padroeira do Brasil	Nacional	2026-07-09 17:38:33.789199	2026-07-09
2099-11-02	segunda-feira	Finados	Nacional	2026-07-09 17:38:33.789199	2026-07-09
2099-11-15	domingo	Proclamação da República	Nacional	2026-07-09 17:38:33.789199	2026-07-09
2099-11-20	sexta-feira	Dia Nacional de Zumbi e da Consciência Negra	Nacional	2026-07-09 17:38:33.789199	2026-07-09
2099-12-25	sexta-feira	Natal	Nacional	2026-07-09 17:38:33.789199	2026-07-09
